data1,data2,data3,data4,data5,data6,data7,data8,data9,data10,data11,data12,data13,data14,data15,data16,data17,data18,data19,data20,data21,data22,data23,data24,data25,data26,data27,data28,data29,data30,data31,data32,data33,data34,data35,data36,data37,data38,data39,data40,data41,data42,data43,data44,data45,data46,data47,data48,data49,data50,data51,data52,data53,data54,data55,data56,data57,data58,data59,data60,data61,data62,data63,data64,data65,data66,data67,data68,data69,data70,data71,data72,data73,data74,data75,data76,data77,data78,data79,data80,data81,data82,data83,data84,data85,data86,data87,data88,data89,data90,data91,data92,data93,data94,data95,data96,data97,data98,data99,data100,data101,data102,data103,data104,data105,data106,data107,data108,data109,data110,data111,data112,data113,data114,data115,data116,data117,data118,data119,data120,data121,data122,data123,data124,data125,data126,data127,data128,data129,data130,data131,data132,data133,data134,data135,data136,data137,data138,data139,data140,data141,data142,data143,data144,data145,data146,data147,data148,data149,data150,data151,data152,data153,data154,data155,data156,data157,data158,data159,data160,data161,data162,data163,data164,data165,data166,data167,data168,data169,data170,data171,data172,data173,data174,data175,data176,data177,data178,data179,data180,data181,data182,data183,data184,data185,data186,data187,data188,data189,data190,data191,data192,data193,data194,data195,data196,data197,data198,data199,data200,Results
9,13,15,20,27,33,66,100,130,164,175,198,223,253,284,332,422,533,647,810,934,1066,1250,1427,1605,1831,2132,2394,2678,3058,3387,3744,4188,4591,4980,5499,5930,6342,6737,7227,7599,7968,8440,8836,9280,9878,10398,10887,11499,11978,12452,12917,13450,13842,14192,14602,14920,15208,15548,15811,16014,16204,16382,16493,16585,16694,16783,16887,17048,17205,17384,17635,17858,18098,18364,18724,19042,19387,19843,20221,20614,21122,21538,21992,22567,23030,23505,23979,24570,25041,25517,26103,26571,27021,27610,28067,28557,29138,29628,30083,30554,31100,31544,31964,32473,32874,33265,33745,34120,34482,34829,35247,35566,35862,36217,36487,36750,37054,37294,37501,37740,37927,38101,38236,38395,38519,38623,38731,38819,38901,38936,38963,38970,38977,38953,38958,38899,38816,38743,38648,38505,38364,38211,37989,37786,37561,37239,36946,36611,36227,35670,35158,34579,33744,32979,32135,30962,29932,28818,27311,26016,24628,23151,21179,19526,17800,15562,13742,11926,9682,8097,6752,5596,4381,3551,2845,2100,1635,1213,798,516,300,117,37,7,0,11,0,4,0,0,0,0,0,0,0,0,0,0,0,g
56,51,82,88,104,106,123,128,150,180,194,227,255,314,349,387,456,530,626,783,940,1118,1374,1596,1823,2059,2365,2634,2919,3300,3619,3956,4415,4829,5282,5858,6301,6725,7102,7535,7876,8248,8724,9167,9638,10282,10803,11329,11960,12442,12875,13300,13791,14164,14545,14978,15336,15641,15985,16243,16456,16648,16855,17009,17163,17371,17563,17755,18009,18239,18479,18797,19081,19391,19733,20154,20510,20867,21330,21708,22085,22551,22938,23338,23875,24301,24733,25180,25738,26172,26649,27182,27616,28065,28623,29079,29537,30104,30560,31007,31445,31970,32379,32787,33284,33654,34027,34481,34835,35170,35490,35886,36191,36481,36826,37058,37290,37570,37764,37950,38181,38330,38482,38605,38767,38881,38958,39052,39123,39148,39189,39202,39194,39209,39173,39152,39084,38988,38894,38789,38636,38498,38345,38124,37927,37708,37386,37103,36764,36379,35828,35341,34773,33969,33232,32399,31258,30245,29141,27640,26333,24970,23495,21566,19944,18227,16023,14195,12355,10091,8425,7026,5822,4554,3696,2953,2180,1686,1260,808,524,298,104,20,0,0,0,0,0,0,0,0,0,0,0,0,0,0,0,0,g
36,36,46,58,64,76,89,97,105,123,139,157,181,207,234,276,344,391,477,606,732,882,1091,1273,1486,1711,1992,2225,2496,2843,3148,3447,3872,4212,4593,5128,5547,5969,6380,6843,7197,7539,7973,8335,8750,9316,9810,10331,10993,11514,12011,12486,13051,13468,13867,14355,14728,15087,15498,15799,16070,16310,16559,16746,16893,17063,17206,17363,17579,17762,17984,18238,18472,18722,18983,19340,19648,19972,20399,20754,21114,21567,21933,22307,22791,23188,23602,24019,24545,24976,25411,25970,26427,26877,27449,27905,28350,28919,29387,29832,30302,30847,31311,31732,32296,32690,33086,33575,33958,34314,34661,35104,35415,35725,36107,36383,36649,36963,37198,37416,37667,37859,38032,38205,38388,38520,38629,38767,38856,38928,38987,39014,39041,39048,39038,39018,38985,38938,38863,38779,38671,38550,38401,38202,38006,37791,37480,37201,36869,36487,35942,35438,34865,34039,33281,32434,31273,30252,29139,27942,26317,24916,23426,21464,19815,18097,15866,14035,12205,9966,8336,6966,5782,4512,3667,2944,2177,1691,1276,834,563,351,156,91,45,33,27,56,37,14,0,0,0,0,0,0,0,0,0,0,g
63,64,67,80,76,86,94,105,117,137,167,198,219,251,285,335,395,430,512,594,682,799,980,1160,1362,1576,1857,2106,2347,2676,2959,3248,3655,3987,4353,4868,5331,5773,6230,6739,7114,7436,7853,8218,8610,9163,9658,10164,10827,11378,11908,12390,12939,13319,13680,14113,14449,14766,15133,15395,15628,15820,16001,16100,16173,16260,16342,16439,16594,16740,16908,17138,17341,17587,17834,18190,18502,18841,19275,19644,20055,20543,20924,21325,21847,22278,22730,23184,23770,24231,24721,25316,25796,26270,26870,27341,27825,28442,28934,29417,29902,30502,30974,31439,31991,32414,32876,33381,33781,34176,34552,35011,35359,35688,36084,36411,36709,37051,37303,37539,37825,38042,38217,38395,38594,38736,38890,39042,39134,39209,39276,39313,39338,39342,39336,39321,39293,39229,39166,39081,38953,38823,38678,38464,38269,38046,37721,37426,37086,36700,36156,35646,35067,34224,33439,32565,31380,30306,29145,27589,26227,24779,23234,21220,19500,17728,15468,13589,11724,9443,7890,6567,5431,4223,3395,2687,1986,1514,1106,707,457,250,86,17,1,0,0,0,0,0,0,0,0,0,0,0,0,0,0,0,g
35,29,32,38,49,50,57,72,100,124,149,170,201,255,302,333,387,460,527,648,767,903,1093,1288,1506,1733,2034,2272,2514,2841,3126,3424,3824,4172,4555,5085,5541,5995,6423,6902,7249,7578,8007,8390,8819,9420,9937,10479,11176,11713,12229,12691,13220,13572,13902,14313,14628,14915,15242,15484,15721,15886,16060,16172,16282,16415,16533,16674,16876,17058,17247,17500,17729,17959,18211,18559,18878,19200,19633,19992,20345,20802,21162,21537,22030,22446,22867,23323,23870,24326,24771,25327,25789,26247,26844,27328,27803,28414,28898,29366,29838,30416,30871,31311,31849,32270,32687,33194,33582,33959,34325,34753,35077,35396,35779,36069,36338,36670,36918,37156,37413,37601,37786,37962,38159,38302,38423,38577,38674,38735,38812,38847,38848,38872,38864,38850,38815,38756,38678,38595,38452,38324,38180,37983,37827,37604,37311,37033,36694,36330,35783,35286,34714,33893,33144,32317,31153,30134,29023,27513,26204,24790,23296,21348,19711,17990,15764,13950,12116,9876,8275,6892,5711,4482,3637,2904,2148,1657,1236,794,514,294,110,28,0,0,0,0,0,0,0,0,0,0,0,0,0,0,0,0,g
28,29,32,30,32,33,41,46,56,73,89,106,127,156,187,221,267,305,348,447,548,667,843,1004,1188,1394,1676,1910,2144,2436,2697,2983,3362,3689,4034,4504,4930,5371,5847,6392,6753,7085,7485,7812,8177,8684,9140,9630,10291,10833,11367,11874,12454,12873,13261,13731,14084,14417,14809,15091,15370,15582,15806,15937,16020,16103,16167,16253,16357,16492,16620,16822,17049,17250,17489,17832,18135,18462,18914,19298,19695,20205,20615,21032,21568,22018,22482,22951,23560,24056,24548,25168,25657,26149,26760,27263,27773,28401,28910,29384,29889,30476,30950,31401,31958,32391,32800,33306,33709,34103,34473,34919,35247,35589,35970,36272,36552,36914,37160,37387,37665,37868,38073,38248,38437,38573,38707,38864,38963,39046,39113,39164,39184,39194,39206,39183,39163,39098,39035,38981,38841,38726,38569,38376,38192,37971,37666,37383,37053,36673,36147,35625,35046,34203,33435,32589,31425,30395,29278,28073,26442,25025,23519,21533,19859,18122,15873,14032,12186,9920,8284,6901,5723,4487,3630,2912,2150,1662,1234,793,515,305,120,38,4,0,0,7,0,0,0,0,0,0,0,0,0,0,0,0,g
85,78,101,109,118,130,139,149,153,168,173,200,218,243,272,303,370,420,491,607,727,877,1092,1294,1533,1753,2056,2293,2553,2897,3187,3510,3921,4307,4703,5262,5716,6182,6581,7036,7359,7673,8115,8502,8948,9553,10066,10599,11273,11788,12267,12702,13190,13556,13910,14341,14670,14985,15351,15615,15854,16059,16276,16424,16565,16751,16922,17105,17382,17600,17844,18153,18407,18672,18962,19338,19678,20043,20497,20839,21191,21645,22026,22388,22863,23268,23678,24115,24662,25090,25525,26068,26513,26954,27525,27990,28456,29036,29513,29994,30451,31012,31447,31876,32402,32818,33233,33732,34103,34476,34823,35240,35577,35891,36249,36541,36816,37128,37368,37584,37830,38005,38182,38340,38509,38634,38756,38880,38959,39021,39070,39094,39114,39119,39107,39081,39046,38975,38900,38809,38675,38549,38397,38187,37987,37791,37483,37201,36862,36506,35929,35436,34846,34007,33246,32431,31253,30244,29127,27624,26320,24907,23417,21466,19806,18104,15873,14047,12213,9976,8328,6946,5750,4505,3644,2910,2147,1656,1234,819,527,307,124,34,9,0,32,7,4,0,8,0,2,0,0,0,0,0,0,0,g
26,33,38,52,59,68,85,107,120,151,148,174,199,224,234,256,290,319,359,436,514,619,786,947,1119,1303,1546,1752,1975,2283,2548,2838,3216,3537,3876,4347,4765,5205,5653,6181,6576,6943,7373,7715,8069,8548,8995,9485,10118,10645,11180,11676,12263,12693,13105,13571,13907,14256,14600,14862,15110,15322,15540,15699,15820,15959,16069,16196,16371,16541,16717,16971,17211,17463,17730,18084,18387,18725,19169,19560,19936,20446,20859,21246,21782,22209,22631,23084,23666,24135,24625,25212,25697,26208,26806,27304,27789,28381,28869,29356,29832,30426,30901,31359,31919,32357,32782,33300,33701,34095,34481,34941,35291,35630,36035,36344,36642,37016,37286,37547,37844,38057,38240,38425,38618,38755,38888,39040,39146,39226,39308,39355,39373,39406,39386,39366,39326,39263,39224,39126,38991,38866,38721,38512,38312,38086,37783,37508,37156,36765,36209,35689,35101,34238,33456,32581,31396,30341,29204,27643,26274,24809,23280,21214,19493,17699,15393,13531,11691,9467,7916,6588,5450,4241,3410,2707,1978,1505,1102,689,431,238,78,8,0,0,0,0,0,0,0,0,0,0,0,0,0,0,0,0,g
19,20,23,37,59,82,106,106,133,142,177,192,216,270,321,385,484,540,616,707,815,933,1121,1311,1536,1778,2095,2341,2593,2913,3185,3472,3869,4222,4616,5140,5588,6044,6481,6968,7316,7648,8075,8464,8895,9499,10004,10550,11207,11757,12263,12730,13231,13567,13892,14285,14592,14877,15243,15498,15711,15906,16102,16232,16339,16469,16587,16729,16937,17121,17314,17571,17789,18030,18286,18651,18974,19316,19767,20143,20534,21046,21446,21854,22365,22807,23263,23723,24326,24787,25267,25878,26342,26835,27452,27919,28418,29033,29515,30018,30487,31064,31535,31957,32539,32947,33333,33827,34196,34570,34924,35334,35654,35961,36321,36611,36875,37193,37437,37642,37891,38068,38229,38382,38577,38706,38836,38965,39061,39129,39180,39204,39222,39211,39206,39182,39149,39086,39016,38925,38778,38647,38506,38295,38105,37892,37581,37298,36966,36592,36046,35541,34959,34129,33374,32534,31364,30356,29257,27757,26429,25041,23523,21534,19854,18109,15857,14025,12175,9930,8293,6925,5739,4496,3642,2900,2153,1656,1232,795,517,298,115,34,0,0,0,0,0,0,0,0,0,0,0,0,0,0,0,0,g
50,46,46,41,48,65,67,66,76,83,92,113,130,174,194,231,278,320,370,445,535,644,798,969,1146,1347,1637,1850,2081,2364,2633,2895,3266,3577,3902,4348,4755,5192,5638,6182,6576,6930,7341,7672,8038,8552,9012,9504,10153,10692,11237,11759,12358,12786,13169,13620,13965,14318,14732,15032,15310,15546,15783,15945,16095,16199,16290,16391,16556,16700,16866,17088,17295,17498,17726,18036,18338,18637,19051,19405,19779,20254,20642,21028,21517,21925,22361,22800,23378,23863,24326,24920,25398,25881,26485,26977,27465,28092,28616,29125,29616,30237,30716,31217,31792,32262,32693,33237,33658,34061,34463,34955,35311,35654,36059,36378,36686,37047,37316,37581,37882,38093,38296,38483,38695,38852,38990,39147,39260,39350,39439,39487,39517,39534,39559,39547,39530,39471,39395,39311,39198,39069,38916,38707,38523,38300,37976,37678,37332,36950,36418,35879,35277,34439,33644,32768,31559,30497,29339,27767,26395,24933,23382,21333,19611,17814,15513,13640,11761,9484,7919,6588,5440,4238,3410,2737,2000,1531,1127,714,456,247,91,41,27,19,8,11,10,7,0,0,0,0,0,0,0,0,0,0,g
45,40,40,59,60,57,68,73,93,103,116,122,151,183,214,248,312,373,419,512,600,698,866,1003,1176,1395,1705,1943,2182,2484,2743,3028,3406,3717,4047,4517,4932,5382,5844,6391,6783,7145,7579,7926,8301,8826,9287,9777,10422,10956,11488,12001,12582,13001,13408,13887,14255,14616,15034,15336,15639,15882,16125,16290,16419,16536,16632,16744,16905,17047,17200,17431,17627,17818,18036,18334,18605,18909,19341,19685,20036,20487,20868,21242,21704,22094,22510,22927,23456,23900,24342,24900,25346,25785,26352,26814,27267,27837,28320,28788,29273,29869,30300,30769,31311,31724,32147,32644,33030,33432,33819,34257,34604,34922,35314,35617,35903,36239,36502,36739,37024,37230,37417,37590,37784,37936,38066,38214,38316,38399,38487,38542,38579,38600,38599,38583,38547,38489,38421,38364,38222,38102,37953,37752,37558,37362,37041,36777,36434,36061,35508,34996,34448,33600,32828,31976,30795,29755,28636,27114,25783,24369,22861,20886,19222,17492,15251,13408,11555,9312,7795,6491,5393,4192,3389,2709,2018,1540,1157,729,461,262,103,39,17,8,10,0,0,0,0,0,0,0,0,0,0,0,0,0,g
51,57,59,64,78,82,103,119,139,175,207,249,292,361,428,502,604,692,797,949,1101,1286,1563,1817,2082,2347,2694,2955,3220,3561,3870,4213,4680,5085,5506,6072,6520,6934,7318,7749,8087,8463,9008,9475,9978,10616,11145,11689,12367,12864,13304,13693,14138,14459,14791,15205,15533,15813,16117,16321,16481,16607,16740,16815,16905,17077,17249,17427,17652,17860,18066,18380,18628,18912,19225,19666,20018,20393,20858,21225,21596,22075,22449,22841,23361,23783,24213,24649,25189,25632,26066,26614,27054,27504,28074,28541,29009,29596,30061,30519,30964,31505,31941,32374,32909,33309,33685,34155,34538,34876,35185,35580,35872,36176,36524,36783,37021,37312,37520,37700,37921,38125,38258,38404,38558,38679,38778,38887,38948,38986,39022,39051,39043,39035,39019,38990,38937,38855,38763,38662,38508,38384,38220,38012,37834,37590,37294,36998,36663,36261,35722,35204,34613,33804,33047,32210,31051,30047,28932,27424,26115,24712,23231,21272,19635,17923,15711,13901,12090,9875,8247,6874,5694,4447,3606,2877,2119,1631,1212,807,526,326,152,65,43,23,12,27,3,0,0,4,0,0,0,0,0,5,0,0,g
89,92,97,107,112,114,136,147,168,192,229,248,276,312,348,390,456,521,608,755,911,1076,1340,1554,1791,2014,2305,2556,2823,3191,3498,3837,4300,4710,5141,5724,6164,6598,6972,7432,7768,8136,8624,9051,9528,10156,10682,11250,11891,12380,12826,13236,13710,14072,14416,14838,15154,15447,15782,16018,16227,16402,16586,16727,16864,17056,17220,17411,17669,17883,18112,18429,18681,18949,19246,19658,20028,20383,20849,21241,21607,22125,22529,22934,23457,23890,24348,24793,25367,25822,26279,26851,27317,27782,28355,28825,29299,29870,30330,30787,31233,31778,32204,32622,33126,33521,33900,34386,34731,35066,35414,35820,36136,36414,36758,37046,37295,37584,37818,37999,38244,38426,38567,38724,38887,39005,39110,39210,39276,39328,39367,39385,39393,39386,39371,39341,39286,39207,39123,39020,38872,38737,38585,38366,38181,37964,37649,37357,36999,36615,36056,35553,34963,34123,33365,32499,31338,30300,29175,27684,26334,24951,23457,21469,19805,18071,15854,14023,12203,9988,8344,6954,5764,4528,3664,2926,2162,1668,1256,823,543,320,135,48,28,17,20,7,0,0,0,0,0,0,0,0,0,0,0,0,g
21,32,36,43,52,63,91,121,148,176,206,236,265,324,352,401,461,517,602,732,839,978,1191,1405,1638,1882,2175,2419,2665,3010,3298,3624,4048,4419,4824,5380,5842,6306,6717,7176,7523,7862,8318,8726,9174,9786,10301,10824,11490,12029,12505,12941,13421,13766,14094,14506,14829,15133,15476,15701,15908,16077,16243,16357,16474,16648,16809,16998,17256,17483,17717,18030,18291,18567,18872,19276,19620,19979,20441,20816,21197,21663,22039,22447,22965,23403,23854,24272,24840,25292,25745,26358,26815,27276,27853,28338,28824,29430,29913,30391,30869,31439,31901,32318,32847,33255,33656,34141,34517,34877,35223,35640,35959,36260,36626,36912,37170,37476,37707,37916,38158,38331,38491,38646,38824,38966,39072,39202,39289,39330,39398,39420,39421,39421,39402,39378,39343,39275,39191,39091,38943,38807,38645,38426,38237,38013,37703,37410,37074,36692,36144,35631,35059,34241,33498,32668,31509,30488,29381,27882,26574,25170,23690,21699,20023,18275,16019,14175,12329,10069,8417,7029,5834,4553,3721,2965,2197,1698,1288,846,553,336,149,74,42,28,10,1,5,0,0,0,0,0,0,0,0,0,0,0,g
37,45,52,96,110,127,137,136,139,184,189,208,223,249,280,314,357,414,484,605,725,868,1100,1282,1476,1681,1957,2198,2461,2812,3122,3439,3856,4233,4644,5190,5639,6072,6474,6941,7290,7644,8075,8453,8880,9463,9999,10527,11217,11742,12253,12741,13281,13667,14039,14475,14795,15102,15449,15716,15928,16105,16295,16426,16543,16690,16814,16961,17176,17368,17578,17866,18119,18390,18677,19079,19428,19794,20270,20658,21072,21595,21994,22408,22939,23375,23835,24308,24900,25364,25822,26391,26857,27316,27925,28379,28846,29434,29895,30365,30812,31365,31793,32212,32726,33130,33522,34007,34397,34756,35104,35524,35845,36155,36523,36797,37062,37370,37602,37852,38101,38310,38473,38620,38812,38967,39068,39174,39273,39333,39381,39410,39427,39426,39396,39392,39349,39269,39187,39086,38939,38808,38659,38433,38234,38006,37681,37376,37033,36645,36080,35564,34971,34126,33349,32489,31317,30283,29155,27604,26254,24812,23272,21257,19555,17787,15501,13655,11794,9552,7983,6653,5496,4292,3458,2765,2032,1553,1138,716,450,252,86,21,0,0,0,0,0,0,0,0,0,0,0,0,0,0,0,0,g
38,42,46,44,44,68,94,105,114,138,162,191,202,231,268,310,360,397,455,556,648,769,956,1134,1331,1546,1822,2051,2290,2618,2903,3204,3599,3936,4305,4826,5273,5731,6171,6664,7019,7354,7789,8160,8568,9131,9627,10150,10817,11363,11885,12365,12925,13319,13694,14175,14526,14860,15239,15506,15744,15922,16125,16227,16304,16402,16503,16611,16778,16938,17107,17350,17567,17821,18082,18443,18765,19110,19578,19965,20364,20868,21285,21692,22264,22706,23160,23669,24263,24758,25233,25865,26346,26821,27442,27934,28430,29058,29545,30033,30525,31108,31568,32014,32556,32980,33387,33889,34281,34654,35016,35444,35773,36097,36473,36757,37035,37362,37607,37856,38132,38335,38521,38676,38857,39002,39133,39256,39355,39414,39490,39511,39566,39555,39538,39510,39466,39395,39322,39238,39082,38964,38810,38581,38381,38148,37833,37531,37185,36802,36242,35728,35148,34312,33540,32687,31500,30455,29332,27825,26462,25009,23482,21475,19755,17990,15687,13795,11923,9674,8078,6729,5566,4344,3501,2787,2046,1562,1143,720,447,242,77,8,0,0,0,0,0,0,0,0,0,0,0,0,0,0,0,0,g
47,44,62,70,82,86,92,109,135,151,145,154,196,197,224,252,281,322,383,501,618,761,939,1077,1231,1402,1652,1877,2124,2470,2766,3080,3499,3858,4249,4745,5160,5595,5999,6503,6856,7209,7625,7980,8362,8898,9378,9887,10542,11063,11583,12088,12690,13141,13561,14045,14398,14729,15114,15398,15655,15877,16108,16248,16364,16485,16582,16683,16833,16979,17143,17382,17621,17879,18152,18505,18815,19162,19601,19976,20369,20851,21270,21696,22258,22690,23132,23582,24149,24613,25079,25672,26143,26611,27233,27699,28176,28775,29245,29715,30185,30771,31223,31669,32203,32639,33042,33540,33961,34317,34677,35116,35446,35774,36165,36446,36721,37031,37283,37513,37801,37998,38172,38328,38524,38650,38760,38900,38973,39040,39112,39147,39163,39164,39152,39123,39085,39013,38951,38865,38737,38615,38464,38254,38059,37832,37508,37218,36894,36526,35988,35487,34923,34075,33301,32466,31281,30247,29107,27576,26241,24812,23291,21292,19599,17826,15542,13695,11829,9559,7983,6649,5492,4278,3448,2737,2007,1534,1136,723,456,256,89,21,2,0,0,0,0,0,0,0,0,0,0,0,0,0,0,0,g
19,20,18,30,55,68,83,90,116,136,176,185,224,269,302,363,435,507,586,674,776,892,1083,1289,1499,1730,2043,2294,2542,2868,3139,3434,3833,4177,4557,5091,5551,6005,6444,6920,7268,7592,8010,8396,8828,9428,9938,10466,11139,11680,12222,12710,13228,13604,13944,14377,14704,15016,15384,15652,15864,16040,16201,16279,16339,16403,16477,16569,16724,16871,17034,17259,17461,17685,17934,18292,18607,18953,19411,19795,20211,20709,21107,21515,22020,22447,22902,23366,23934,24412,24888,25503,25973,26470,27086,27574,28061,28683,29169,29693,30179,30769,31248,31695,32234,32659,33063,33572,33956,34324,34686,35108,35451,35758,36128,36412,36677,36996,37253,37475,37724,37903,38064,38215,38416,38538,38668,38790,38879,38943,39027,39043,39054,39045,39058,39044,38995,38921,38832,38740,38609,38473,38315,38097,37902,37682,37366,37078,36746,36360,35801,35283,34701,33869,33105,32255,31086,30065,28954,27425,26099,24681,23160,21163,19486,17752,15490,13660,11814,9580,8005,6685,5523,4323,3497,2786,2064,1577,1171,745,472,285,113,33,8,0,0,0,0,0,0,0,0,0,0,0,0,0,0,0,g
35,39,52,61,68,77,88,94,103,110,122,157,186,220,252,286,312,339,396,495,590,721,924,1097,1300,1506,1760,1997,2252,2575,2876,3167,3558,3894,4265,4780,5217,5661,6083,6566,6913,7249,7679,8025,8407,8951,9443,9965,10643,11184,11707,12212,12787,13227,13651,14120,14482,14824,15208,15519,15783,16010,16278,16432,16554,16703,16812,16961,17132,17283,17457,17698,17908,18138,18381,18722,19023,19342,19777,20141,20518,20997,21382,21776,22289,22712,23146,23589,24175,24644,25114,25686,26138,26594,27187,27647,28113,28704,29183,29663,30116,30699,31151,31591,32164,32586,33002,33510,33883,34261,34621,35056,35407,35721,36087,36368,36649,36984,37232,37448,37721,37905,38080,38245,38430,38565,38689,38838,38916,38996,39061,39100,39134,39115,39110,39089,39057,38983,38916,38823,38684,38555,38411,38199,37996,37769,37447,37144,36814,36428,35876,35361,34773,33932,33169,32316,31134,30094,28969,27447,26114,24690,23178,21182,19518,17787,15539,13708,11868,9606,8051,6708,5560,4340,3513,2809,2087,1624,1201,787,510,300,127,58,29,12,1,0,0,0,0,0,0,0,0,0,0,0,0,0,g
41,42,55,55,56,73,102,103,110,133,155,184,212,274,317,351,422,474,555,658,772,902,1103,1296,1516,1753,2055,2297,2539,2857,3126,3419,3810,4150,4524,5046,5494,5945,6370,6848,7186,7517,7962,8357,8821,9425,9940,10483,11142,11690,12203,12704,13216,13596,13949,14380,14712,15036,15404,15688,15921,16121,16310,16428,16559,16689,16812,16964,17187,17389,17604,17893,18141,18422,18701,19090,19436,19806,20285,20674,21077,21575,21987,22391,22911,23341,23779,24241,24803,25263,25705,26280,26736,27186,27752,28209,28667,29250,29720,30157,30600,31140,31565,31981,32486,32877,33264,33737,34100,34451,34781,35188,35498,35785,36137,36412,36677,36983,37205,37434,37682,37866,38015,38195,38349,38469,38586,38726,38802,38853,38910,38914,38914,38912,38893,38860,38818,38754,38680,38585,38455,38310,38152,37956,37747,37525,37206,36903,36575,36202,35664,35146,34579,33733,32965,32124,30946,29917,28792,27286,25962,24550,23033,21042,19362,17612,15359,13529,11691,9484,7929,6604,5475,4265,3439,2734,2002,1534,1125,704,446,249,83,11,0,0,0,0,0,0,0,0,0,0,0,0,0,0,0,0,g
42,41,48,50,52,71,90,119,132,175,195,216,245,276,314,361,430,485,563,698,811,965,1196,1397,1619,1853,2149,2394,2659,3007,3294,3598,4008,4366,4765,5308,5755,6178,6569,7007,7339,7677,8147,8577,9042,9674,10205,10761,11446,12014,12501,12986,13510,13904,14305,14780,15139,15468,15871,16143,16377,16565,16765,16892,16996,17152,17279,17444,17655,17835,18025,18298,18551,18809,19102,19493,19815,20165,20621,20987,21359,21830,22228,22642,23181,23603,24026,24462,25013,25452,25911,26468,26927,27367,27937,28395,28855,29428,29877,30315,30751,31281,31699,32107,32603,32989,33368,33834,34189,34531,34857,35249,35547,35828,36173,36434,36681,36968,37182,37380,37620,37807,37960,38096,38254,38392,38480,38593,38648,38689,38727,38739,38746,38745,38717,38685,38634,38570,38487,38393,38241,38098,37946,37736,37551,37321,37030,36746,36411,36034,35488,34988,34419,33608,32856,32023,30890,29874,28782,27306,25999,24614,23141,21193,19542,17850,15641,13847,12043,9871,8252,6875,5699,4460,3613,2895,2132,1638,1219,791,519,306,122,38,0,0,0,0,0,0,0,0,0,0,0,0,0,0,0,0,g
86,77,81,71,69,81,95,110,119,132,150,195,212,245,280,317,402,463,527,646,745,865,1061,1254,1475,1703,2001,2249,2493,2819,3095,3405,3800,4151,4524,5065,5502,5991,6415,6887,7234,7549,7981,8358,8788,9369,9866,10382,11058,11601,12120,12596,13110,13477,13826,14256,14595,14923,15296,15561,15797,15996,16197,16325,16459,16630,16776,16947,17182,17376,17589,17869,18113,18393,18683,19098,19445,19807,20286,20680,21070,21563,21949,22372,22871,23298,23739,24185,24741,25187,25646,26206,26649,27114,27668,28124,28595,29170,29624,30085,30539,31089,31536,31944,32483,32884,33286,33743,34138,34486,34825,35231,35555,35849,36210,36476,36741,37051,37269,37473,37716,37877,38047,38195,38377,38516,38628,38758,38840,38904,38959,38985,38996,39004,38995,38969,38938,38877,38807,38717,38586,38468,38329,38128,37931,37734,37407,37131,36792,36418,35861,35364,34781,33965,33205,32363,31205,30198,29072,27887,26250,24823,23317,21325,19658,17916,15665,13823,11972,9720,8121,6771,5610,4391,3550,2821,2075,1594,1180,747,491,273,92,24,7,14,6,0,1,0,0,0,0,0,0,0,0,0,0,0,g
36,43,40,42,44,50,61,72,87,109,133,163,200,247,293,342,417,484,564,700,838,999,1239,1442,1698,1929,2236,2494,2758,3096,3374,3679,4097,4470,4889,5458,5921,6347,6756,7202,7520,7852,8316,8735,9201,9828,10360,10901,11593,12131,12620,13063,13569,13925,14279,14721,15057,15379,15763,16043,16263,16474,16650,16785,16901,17072,17229,17398,17636,17829,18060,18327,18584,18841,19120,19503,19828,20175,20624,20994,21361,21817,22192,22580,23083,23503,23932,24363,24907,25342,25779,26325,26764,27208,27760,28210,28689,29267,29747,30203,30635,31206,31631,32048,32551,32952,33332,33813,34204,34569,34911,35319,35615,35926,36274,36542,36794,37096,37351,37553,37786,37962,38116,38264,38452,38581,38688,38805,38870,38918,38966,38982,39006,38984,38966,38937,38915,38830,38752,38649,38504,38357,38204,38008,37834,37606,37305,37011,36680,36306,35781,35273,34725,33901,33157,32331,31183,30177,29081,27591,26291,24899,23422,21463,19820,18107,15895,14097,12312,10153,8516,7092,5878,4622,3765,3028,2270,1761,1328,907,626,404,204,131,61,47,33,31,35,16,13,4,0,0,0,0,0,0,0,0,g
63,81,92,105,110,110,115,120,129,139,148,165,186,217,244,271,308,350,403,498,600,727,923,1105,1319,1537,1809,2027,2258,2592,2879,3170,3572,3882,4244,4747,5198,5641,6066,6555,6919,7262,7689,8072,8457,8997,9503,10003,10669,11213,11729,12228,12811,13241,13639,14129,14496,14833,15224,15504,15753,15963,16160,16289,16380,16520,16640,16766,16951,17128,17343,17605,17854,18113,18405,18815,19175,19551,20050,20459,20878,21404,21815,22239,22776,23215,23669,24127,24701,25160,25623,26190,26636,27084,27648,28099,28554,29126,29579,30032,30477,31056,31493,31923,32433,32816,33199,33680,34040,34426,34754,35206,35533,35829,36197,36498,36752,37053,37271,37483,37735,37939,38140,38283,38461,38595,38704,38844,38927,38992,39051,39088,39102,39095,39088,39054,39024,38948,38874,38786,38656,38527,38370,38169,37982,37754,37442,37163,36847,36456,35916,35402,34825,33997,33242,32389,31204,30166,29038,27500,26155,24716,23184,21160,19460,17694,15408,13541,11679,9417,7869,6553,5408,4207,3388,2680,1956,1510,1104,709,473,283,110,39,25,4,0,2,0,0,0,0,0,1,0,0,0,0,0,0,g
73,72,80,77,77,90,97,101,103,114,140,134,149,162,180,192,219,251,297,393,500,637,816,971,1133,1305,1549,1766,2007,2336,2623,2936,3353,3707,4085,4592,5009,5435,5856,6356,6744,7084,7515,7855,8218,8745,9218,9740,10397,10916,11444,11957,12559,13043,13460,13944,14306,14642,15033,15317,15584,15802,16029,16184,16293,16413,16507,16610,16748,16892,17058,17296,17517,17756,18004,18353,18663,18993,19433,19820,20198,20686,21084,21500,22020,22475,22912,23365,23948,24416,24892,25483,25964,26440,27041,27518,28003,28606,29089,29573,30056,30656,31119,31570,32124,32555,32975,33482,33896,34294,34692,35146,35472,35805,36186,36498,36778,37134,37383,37608,37877,38092,38273,38459,38636,38760,38887,39024,39103,39198,39254,39300,39314,39321,39310,39285,39247,39185,39115,39029,38896,38768,38619,38405,38215,37991,37667,37360,37038,36667,36133,35637,35045,34233,33463,32608,31425,30379,29264,27728,26398,24971,23455,21433,19750,17971,15680,13808,11932,9644,8055,6708,5547,4323,3487,2766,2026,1549,1135,710,442,238,68,0,0,0,0,0,0,8,0,0,0,0,0,0,0,0,0,0,g
59,61,55,65,69,80,83,97,106,126,141,166,184,218,245,274,331,382,444,554,663,805,1020,1210,1393,1592,1877,2100,2353,2693,2994,3291,3702,4041,4425,4950,5391,5828,6246,6720,7068,7403,7836,8208,8622,9193,9698,10225,10899,11432,11942,12415,12955,13363,13761,14244,14610,14956,15328,15600,15838,16058,16273,16451,16581,16758,16910,17077,17306,17532,17771,18065,18317,18616,18910,19303,19642,20007,20464,20867,21250,21721,22107,22519,23009,23423,23841,24281,24819,25271,25712,26261,26710,27151,27710,28162,28640,29203,29660,30120,30591,31139,31580,32000,32514,32911,33296,33761,34120,34474,34824,35229,35543,35844,36195,36458,36721,37027,37253,37466,37720,37893,38061,38220,38398,38526,38642,38755,38835,38900,38953,38991,39002,39008,38995,38950,38906,38840,38746,38657,38539,38396,38245,38039,37865,37641,37334,37028,36689,36313,35776,35268,34702,33878,33128,32285,31140,30131,29017,27493,26190,24776,23276,21294,19624,17883,15646,13802,11947,9682,8085,6758,5585,4365,3528,2834,2075,1615,1192,767,497,299,115,40,22,19,14,1,0,0,0,0,0,0,0,0,0,0,0,0,g
42,54,61,63,66,70,78,84,87,102,110,123,152,176,212,232,261,306,350,439,536,660,835,1022,1195,1375,1651,1850,2092,2407,2692,3020,3388,3704,4064,4551,4981,5427,5859,6364,6730,7071,7489,7834,8206,8721,9187,9689,10356,10891,11416,11923,12515,12960,13386,13909,14303,14676,15121,15414,15696,15970,16261,16447,16577,16723,16818,16969,17111,17248,17385,17586,17780,18006,18227,18519,18777,19073,19462,19805,20150,20596,20952,21340,21813,22210,22632,23059,23616,24073,24530,25106,25570,26038,26661,27129,27611,28234,28733,29207,29693,30299,30769,31239,31781,32208,32636,33155,33555,33937,34324,34777,35120,35455,35861,36164,36441,36789,37050,37300,37588,37802,38001,38190,38394,38548,38694,38851,38956,39043,39127,39191,39236,39266,39260,39249,39211,39152,39085,39000,38875,38760,38615,38395,38217,37986,37672,37371,37049,36682,36145,35638,35058,34226,33473,32630,31454,30412,29293,27780,26444,25017,23488,21469,19771,17999,15719,13839,11960,9657,8072,6724,5561,4333,3507,2791,2051,1570,1176,769,487,278,97,27,11,0,13,0,0,0,0,0,0,0,0,0,0,0,0,0,g
24,28,32,46,68,88,113,128,142,154,190,208,239,278,317,354,418,481,552,672,783,930,1151,1340,1540,1773,2039,2268,2527,2871,3175,3482,3891,4264,4666,5220,5677,6102,6502,6958,7305,7647,8088,8470,8894,9499,10001,10541,11191,11707,12180,12627,13133,13539,13906,14341,14677,14991,15352,15632,15863,16058,16260,16397,16514,16671,16807,16961,17170,17357,17563,17848,18097,18372,18664,19063,19413,19776,20254,20644,21045,21554,21942,22364,22881,23298,23734,24190,24728,25206,25638,26191,26640,27099,27680,28150,28630,29199,29668,30131,30573,31134,31564,31994,32527,32931,33322,33811,34199,34559,34907,35329,35648,35959,36329,36624,36880,37199,37430,37641,37893,38079,38247,38412,38620,38740,38864,38977,39070,39126,39190,39203,39200,39216,39197,39165,39142,39059,38976,38881,38735,38598,38449,38231,38037,37812,37496,37203,36865,36481,35934,35423,34846,34014,33253,32406,31246,30228,29112,27592,26251,24832,23329,21325,19627,17876,15587,13738,11895,9669,8079,6738,5570,4334,3505,2791,2059,1571,1159,731,466,265,97,36,2,0,0,0,0,0,0,0,0,0,0,0,0,0,0,0,g
55,57,61,65,74,78,82,87,95,107,121,142,165,205,230,259,303,348,397,487,588,723,923,1112,1339,1536,1816,2044,2273,2585,2868,3162,3537,3853,4213,4706,5156,5599,6027,6510,6867,7203,7627,7983,8373,8916,9396,9913,10580,11122,11649,12141,12700,13104,13484,13933,14272,14610,14984,15255,15497,15712,15893,16034,16141,16275,16368,16506,16686,16848,17032,17283,17505,17767,18070,18415,18744,19086,19536,19940,20322,20820,21195,21585,22092,22514,22944,23388,23950,24395,24858,25428,25892,26354,26937,27403,27875,28476,28979,29467,29951,30544,31017,31484,32014,32456,32864,33401,33792,34183,34553,35021,35383,35717,36099,36400,36680,37021,37282,37516,37792,37999,38188,38362,38561,38709,38840,38974,39058,39141,39215,39258,39281,39301,39307,39306,39284,39214,39134,39039,38927,38797,38665,38444,38249,38024,37707,37432,37107,36720,36169,35644,35083,34234,33467,32611,31418,30398,29255,27708,26373,24916,23383,21342,19645,17860,15595,13701,11817,9539,7967,6633,5478,4270,3437,2767,2023,1554,1150,733,474,284,114,48,22,6,4,0,0,0,0,0,0,0,0,0,0,0,0,0,g
50,51,61,72,80,82,99,113,131,154,175,202,236,278,316,362,426,491,596,768,925,1111,1369,1581,1802,2060,2347,2615,2881,3240,3538,3862,4287,4692,5115,5667,6096,6502,6875,7294,7621,7967,8432,8855,9324,9964,10503,11070,11742,12257,12735,13178,13694,14095,14481,14939,15281,15611,15973,16218,16445,16607,16762,16876,17012,17178,17342,17515,17751,17976,18196,18495,18780,19059,19385,19794,20150,20525,21010,21395,21784,22260,22667,23077,23602,24029,24467,24900,25438,25871,26306,26846,27275,27705,28256,28708,29162,29720,30146,30577,30990,31530,31907,32292,32769,33150,33500,33983,34310,34656,34970,35354,35666,35936,36265,36523,36768,37053,37271,37473,37711,37881,38039,38191,38360,38486,38600,38707,38781,38842,38885,38912,38929,38925,38931,38888,38856,38788,38692,38608,38457,38318,38165,37958,37773,37558,37239,36940,36611,36215,35673,35162,34582,33760,32994,32152,30988,29959,28844,27318,25995,24575,23072,21082,19410,17668,15412,13574,11743,9520,7947,6631,5495,4289,3478,2786,2046,1566,1183,751,504,299,152,66,53,38,27,13,9,9,8,8,0,9,0,0,0,0,0,0,g
71,71,78,79,97,103,109,127,160,173,196,215,237,301,341,375,427,482,566,691,820,972,1212,1422,1662,1893,2192,2442,2705,3061,3359,3676,4097,4474,4904,5476,5923,6370,6762,7237,7578,7914,8380,8801,9221,9824,10340,10855,11505,12015,12477,12904,13397,13767,14124,14550,14875,15171,15512,15764,15980,16160,16351,16488,16620,16798,16958,17131,17376,17579,17795,18100,18367,18650,18947,19333,19700,20043,20515,20874,21258,21724,22106,22508,23030,23449,23893,24329,24897,25338,25790,26378,26820,27273,27844,28299,28783,29350,29805,30252,30715,31271,31699,32106,32604,32995,33369,33827,34194,34531,34853,35240,35540,35842,36198,36458,36705,36980,37205,37414,37649,37822,37986,38123,38301,38431,38532,38652,38716,38768,38814,38838,38849,38842,38832,38806,38764,38693,38622,38531,38389,38256,38111,37902,37701,37488,37173,36886,36565,36201,35678,35187,34615,33829,33070,32270,31105,30074,28966,27485,26159,24756,23259,21292,19618,17871,15618,13792,11968,9741,8129,6775,5608,4371,3536,2819,2070,1586,1179,754,489,288,115,40,6,0,1,0,0,0,0,0,0,0,0,0,0,0,0,0,g
25,23,24,28,40,47,49,59,63,80,91,117,123,153,161,165,196,243,319,443,571,716,849,969,1107,1261,1493,1711,1951,2277,2567,2877,3293,3641,3999,4471,4870,5289,5709,6210,6583,6930,7378,7730,8105,8633,9091,9577,10252,10756,11271,11782,12411,12884,13322,13826,14192,14514,14894,15181,15433,15654,15896,16031,16136,16235,16323,16389,16493,16603,16728,16928,17116,17342,17572,17900,18190,18504,18939,19310,19703,20197,20626,21072,21607,22041,22508,22977,23576,24063,24556,25179,25669,26154,26773,27272,27758,28349,28824,29307,29798,30401,30870,31330,31897,32331,32753,33265,33671,34063,34435,34898,35249,35588,35980,36280,36566,36903,37173,37426,37719,37929,38114,38297,38483,38634,38754,38870,38967,39043,39105,39171,39185,39193,39171,39162,39103,39035,38982,38888,38760,38639,38489,38272,38084,37846,37515,37230,36894,36521,35967,35454,34874,34021,33252,32380,31182,30134,28998,27451,26120,24666,23144,21111,19391,17611,15331,13455,11575,9333,7803,6495,5364,4172,3378,2672,1948,1483,1075,667,410,216,61,0,0,0,0,0,0,0,0,0,0,0,0,0,0,0,0,4,g
58,59,72,78,91,106,138,154,175,202,228,255,295,347,395,452,535,628,727,905,1064,1268,1549,1792,2054,2309,2625,2893,3173,3522,3820,4150,4616,5013,5441,5991,6404,6788,7140,7556,7901,8281,8811,9285,9794,10471,11030,11589,12273,12772,13226,13637,14116,14487,14868,15329,15656,15951,16303,16541,16731,16881,17050,17180,17315,17516,17683,17899,18159,18361,18583,18917,19184,19492,19806,20233,20594,20972,21458,21829,22195,22670,23053,23460,23973,24391,24812,25237,25765,26187,26618,27148,27579,28005,28560,29005,29434,29977,30404,30819,31234,31734,32125,32499,32958,33309,33678,34079,34430,34732,35029,35394,35668,35932,36249,36483,36708,36971,37159,37340,37551,37703,37848,37976,38129,38235,38320,38405,38453,38487,38524,38545,38552,38551,38525,38472,38420,38359,38259,38174,38004,37867,37720,37493,37311,37074,36746,36464,36142,35798,35246,34750,34187,33411,32670,31840,30703,29705,28625,27154,25871,24521,23070,21141,19515,17831,15638,13833,12020,9793,8199,6836,5670,4442,3595,2891,2141,1644,1231,805,521,317,135,50,23,13,13,0,0,0,0,0,0,0,0,0,0,0,0,0,g
32,38,45,49,62,71,83,91,103,118,134,153,177,202,226,253,314,374,453,586,726,873,1080,1251,1452,1647,1917,2164,2420,2787,3075,3388,3799,4162,4537,5092,5510,5929,6325,6774,7146,7476,7896,8262,8681,9274,9775,10311,10971,11504,12011,12495,13059,13489,13890,14372,14715,15037,15430,15677,15945,16131,16333,16466,16583,16710,16829,16958,17140,17322,17526,17796,18028,18286,18564,18938,19267,19615,20081,20468,20863,21359,21764,22176,22699,23128,23570,24018,24585,25043,25500,26071,26528,27001,27586,28052,28501,29066,29511,29972,30419,30963,31399,31846,32345,32750,33125,33633,33985,34323,34687,35083,35395,35708,36054,36344,36596,36882,37107,37356,37590,37765,37916,38074,38257,38389,38501,38616,38681,38746,38797,38823,38837,38835,38859,38838,38787,38723,38664,38571,38460,38320,38164,37963,37771,37552,37247,36969,36626,36259,35712,35216,34653,33836,33086,32251,31092,30083,28982,27792,26173,24773,23283,21316,19660,17937,15696,13855,12004,9752,8163,6818,5646,4423,3590,2859,2120,1633,1218,775,508,295,137,52,38,19,26,25,0,0,0,0,0,0,0,0,0,0,0,0,g
22,23,28,36,44,53,65,100,125,142,158,195,211,272,287,328,395,494,591,751,904,1053,1270,1432,1618,1828,2129,2389,2671,3044,3355,3693,4141,4534,4944,5468,5881,6276,6653,7100,7443,7783,8238,8643,9114,9748,10283,10816,11467,11973,12477,12947,13515,13919,14307,14748,15081,15386,15744,15988,16221,16432,16605,16713,16813,16941,17080,17208,17380,17549,17758,18029,18267,18533,18805,19179,19506,19847,20303,20678,21061,21541,21936,22372,22906,23341,23785,24224,24792,25234,25705,26268,26724,27180,27757,28200,28665,29235,29688,30150,30613,31140,31568,31976,32483,32879,33261,33727,34094,34453,34801,35214,35532,35829,36178,36444,36706,37015,37243,37457,37717,37911,38086,38252,38426,38551,38659,38779,38850,38942,38984,39015,39012,39021,39022,38994,38950,38868,38790,38698,38564,38435,38282,38065,37895,37666,37345,37057,36740,36351,35805,35316,34743,33944,33194,32364,31213,30197,29097,27589,26315,24899,23418,21432,19758,18037,15786,13950,12105,9840,8214,6862,5688,4446,3596,2855,2109,1623,1203,766,488,278,101,18,0,0,0,0,0,0,0,0,0,0,0,0,0,0,0,0,g
46,48,53,84,118,131,149,162,180,208,213,242,246,272,300,336,394,444,523,658,821,976,1205,1380,1573,1786,2092,2359,2638,3002,3307,3619,4071,4440,4863,5374,5788,6198,6591,7057,7419,7776,8241,8630,9076,9676,10216,10744,11402,11920,12412,12901,13468,13897,14312,14781,15131,15460,15858,16143,16395,16610,16833,16972,17100,17257,17381,17516,17702,17872,18062,18324,18550,18797,19067,19432,19749,20084,20535,20916,21310,21801,22200,22595,23120,23533,23990,24411,24965,25407,25877,26446,26894,27351,27917,28354,28796,29375,29812,30269,30718,31263,31691,32112,32614,32995,33400,33860,34223,34578,34925,35347,35657,35952,36302,36570,36825,37132,37378,37584,37849,38010,38197,38351,38531,38669,38775,38879,38970,39021,39101,39123,39128,39113,39095,39063,39015,38929,38847,38754,38611,38476,38321,38102,37904,37678,37347,37043,36715,36336,35781,35275,34706,33890,33138,32294,31146,30139,29042,27835,26199,24782,23273,21278,19605,17887,15607,13749,11898,9676,8099,6767,5591,4361,3529,2816,2078,1597,1183,747,471,271,105,25,15,13,0,0,0,0,0,0,0,0,0,0,0,0,0,0,g
80,89,107,116,138,139,144,164,178,182,209,210,227,235,257,282,319,373,456,598,745,887,1081,1269,1455,1665,1958,2221,2503,2872,3187,3517,3956,4336,4739,5286,5704,6145,6532,7002,7369,7721,8183,8585,9010,9603,10124,10640,11275,11765,12258,12730,13298,13736,14149,14625,14982,15322,15720,16015,16281,16516,16766,16937,17096,17281,17431,17589,17795,17975,18175,18457,18704,18962,19236,19607,19928,20259,20704,21055,21429,21891,22266,22659,23178,23585,24033,24496,25014,25460,25912,26467,26911,27349,27904,28349,28796,29364,29819,30270,30720,31259,31686,32106,32627,33017,33402,33869,34226,34574,34925,35342,35634,35923,36275,36546,36808,37103,37335,37539,37776,37941,38106,38242,38416,38520,38629,38721,38795,38846,38889,38912,38921,38911,38894,38855,38814,38737,38655,38558,38424,38288,38130,37904,37704,37480,37155,36851,36521,36147,35604,35104,34527,33707,32949,32095,30929,29922,28811,27303,25973,24573,23066,21097,19414,17695,15440,13605,11759,9525,7959,6625,5482,4272,3447,2740,2009,1538,1130,716,448,257,88,17,0,0,0,0,0,0,0,0,0,0,0,0,0,0,0,0,g
38,44,54,68,81,94,122,151,166,215,235,280,319,368,408,462,536,612,700,855,1015,1213,1496,1717,1944,2187,2508,2788,3068,3441,3760,4121,4603,5037,5483,6053,6479,6865,7223,7665,8013,8383,8889,9341,9834,10490,11055,11593,12251,12758,13213,13645,14151,14548,14930,15399,15728,16051,16400,16635,16828,16995,17161,17292,17425,17615,17779,17959,18198,18402,18629,18944,19224,19527,19853,20289,20661,21046,21525,21912,22299,22790,23188,23610,24159,24596,25027,25466,25992,26428,26863,27366,27783,28203,28748,29172,29601,30116,30534,30933,31353,31831,32223,32610,33052,33404,33752,34168,34495,34828,35120,35481,35762,36038,36350,36597,36824,37096,37292,37484,37696,37860,38003,38158,38309,38447,38532,38630,38685,38734,38776,38797,38809,38793,38772,38743,38688,38615,38518,38412,38262,38126,37974,37764,37570,37341,37023,36726,36388,36006,35458,34955,34386,33566,32814,31980,30826,29810,28705,27202,25905,24510,23023,21064,19395,17657,15419,13614,11823,9658,8073,6719,5557,4341,3516,2811,2072,1579,1167,758,502,301,146,74,37,27,12,12,0,0,0,0,0,0,0,0,0,0,0,0,g
226,243,266,280,289,297,306,317,329,345,384,406,461,498,539,591,666,761,864,1044,1208,1413,1703,1951,2240,2554,2961,3293,3620,4035,4386,4761,5257,5680,6116,6633,7024,7412,7797,8256,8642,9067,9662,10199,10744,11448,12007,12561,13224,13715,14193,14622,15101,15476,15829,16262,16595,16913,17286,17546,17773,17964,18178,18361,18553,18801,19011,19228,19521,19768,20023,20360,20643,20941,21263,21686,22042,22401,22833,23180,23528,23967,24328,24704,25180,25566,25971,26374,26876,27276,27662,28170,28554,29001,29502,29948,30357,30869,31272,31682,32067,32540,32904,33269,33724,34070,34410,34808,35131,35402,35659,35973,36209,36455,36734,36944,37147,37386,37552,37702,37880,38024,38157,38264,38400,38507,38585,38681,38710,38731,38766,38764,38765,38742,38707,38682,38625,38535,38448,38348,38203,38060,37928,37697,37488,37257,36933,36635,36300,35918,35372,34879,34324,33524,32794,31983,30848,29837,28759,27295,26022,24649,23192,21274,19660,17976,15781,13990,12155,9943,8318,6932,5749,4493,3664,2924,2171,1682,1263,825,549,334,161,67,33,18,0,0,0,0,0,0,0,0,0,0,0,0,0,0,f
72,66,74,80,81,105,113,127,141,163,201,226,253,316,374,465,621,771,928,1129,1303,1509,1768,1995,2259,2523,2887,3194,3517,3951,4351,4737,5248,5671,6073,6548,6906,7252,7592,8026,8411,8844,9445,9963,10498,11172,11710,12243,12889,13385,13856,14303,14828,15246,15647,16124,16473,16748,17126,17350,17542,17708,17911,18041,18207,18406,18605,18807,19154,19382,19654,20007,20285,20627,20946,21378,21736,22102,22560,22943,23326,23813,24213,24628,25128,25534,25931,26336,26846,27248,27649,28152,28558,28979,29494,29929,30342,30839,31254,31641,32036,32492,32851,33223,33667,34020,34354,34758,35068,35379,35668,35997,36256,36497,36795,37019,37231,37479,37657,37827,38022,38165,38291,38404,38536,38626,38699,38774,38821,38851,38882,38909,38908,38908,38875,38800,38779,38657,38543,38454,38267,38155,37980,37798,37569,37423,37056,36749,36423,36090,35534,35014,34446,33628,32883,32059,30910,29914,28824,27657,26059,24711,23261,21335,19709,18020,15836,14050,12259,10110,8458,7056,5851,4591,3746,3012,2236,1735,1328,911,621,397,209,107,65,55,33,16,2,0,0,0,0,0,0,0,0,0,0,0,g
106,122,142,159,173,182,194,203,236,236,236,236,237,245,251,263,274,300,324,372,417,480,572,700,828,998,1237,1450,1718,2069,2393,2718,3140,3485,3842,4323,4742,5169,5616,6160,6571,6971,7456,7845,8260,8825,9332,9874,10584,11164,11743,12314,12998,13507,13980,14524,14924,15300,15740,16068,16382,16670,16967,17151,17296,17424,17528,17632,17787,17930,18084,18318,18523,18769,18990,19306,19589,19915,20338,20688,21079,21563,21959,22364,22871,23284,23725,24153,24703,25164,25611,26160,26595,27046,27588,28026,28466,29016,29465,29917,30370,30923,31345,31752,32254,32638,33035,33493,33871,34224,34569,35022,35324,35615,35960,36227,36479,36783,36997,37222,37484,37673,37838,37988,38165,38296,38405,38543,38641,38726,38805,38850,38873,38880,38871,38849,38818,38782,38732,38661,38543,38444,38272,38065,37858,37621,37301,37027,36710,36333,35810,35302,34730,33920,33159,32293,31123,30092,28978,27463,26145,24732,23216,21209,19526,17770,15516,13657,11791,9522,7961,6633,5486,4272,3444,2732,2005,1543,1129,721,456,266,97,38,13,25,25,19,5,6,0,0,0,0,0,0,0,0,0,0,g
22,25,32,56,84,109,139,142,145,140,153,155,162,169,191,229,325,421,528,642,747,839,995,1131,1302,1496,1777,2024,2300,2674,2994,3330,3775,4128,4512,5008,5438,5850,6252,6724,7076,7431,7901,8287,8696,9270,9758,10272,10938,11468,12011,12548,13180,13641,14079,14599,14974,15345,15779,16084,16367,16612,16852,16996,17112,17236,17341,17465,17648,17813,17997,18259,18486,18732,18995,19341,19648,19977,20418,20787,21188,21672,22076,22468,22986,23391,23828,24251,24819,25248,25691,26250,26691,27113,27675,28116,28541,29128,29550,30014,30445,30980,31392,31791,32285,32676,33052,33516,33880,34234,34583,34999,35303,35599,35941,36204,36476,36783,37016,37252,37516,37709,37887,38024,38206,38336,38463,38595,38691,38780,38844,38875,38886,38879,38857,38834,38780,38717,38655,38568,38428,38296,38149,37930,37723,37500,37185,36897,36568,36193,35654,35153,34576,33749,32983,32144,30987,29974,28874,27365,26049,24625,23107,21128,19431,17678,15406,13571,11712,9474,7917,6601,5453,4258,3431,2725,2012,1534,1125,725,457,252,103,28,3,0,0,0,0,0,0,0,0,0,0,0,0,0,0,0,g
59,65,72,82,87,97,105,118,126,138,151,166,199,247,284,311,361,428,532,689,845,1011,1258,1456,1677,1899,2221,2473,2755,3136,3442,3763,4194,4566,4964,5494,5909,6311,6688,7132,7489,7838,8284,8696,9138,9751,10285,10822,11491,12017,12512,12987,13567,14012,14422,14913,15278,15636,16020,16314,16578,16810,17040,17185,17325,17477,17608,17763,17952,18122,18312,18576,18808,19065,19343,19714,20032,20372,20819,21179,21544,22006,22387,22778,23281,23697,24118,24545,25091,25544,25982,26535,26979,27404,27964,28392,28826,29393,29831,30269,30702,31254,31660,32075,32565,32965,33338,33777,34148,34482,34851,35242,35543,35829,36187,36450,36695,36987,37208,37407,37645,37832,37987,38138,38311,38419,38526,38636,38718,38777,38838,38867,38886,38883,38883,38853,38790,38701,38630,38529,38384,38246,38094,37871,37681,37447,37118,36818,36479,36094,35546,35040,34469,33643,32891,32049,30885,29865,28761,27250,25932,24524,23028,21050,19385,17661,15435,13606,11762,9515,7948,6639,5503,4286,3471,2755,2046,1566,1172,745,485,281,120,41,42,22,3,0,0,0,0,0,0,0,0,0,0,0,0,0,g
49,57,72,77,92,100,132,138,150,170,175,210,229,254,275,302,359,414,490,612,754,909,1129,1321,1516,1726,2008,2260,2526,2882,3177,3484,3895,4250,4637,5154,5575,5991,6384,6844,7194,7539,7977,8370,8811,9422,9959,10503,11205,11746,12258,12742,13343,13792,14230,14735,15134,15505,15959,16269,16569,16839,17100,17283,17434,17614,17768,17915,18116,18290,18488,18751,18980,19223,19496,19843,20137,20470,20900,21269,21618,22069,22436,22820,23307,23706,24124,24516,25026,25427,25835,26354,26766,27175,27675,28094,28504,29043,29453,29870,30285,30795,31200,31601,32085,32459,32824,33277,33633,33973,34315,34722,35036,35338,35687,35959,36223,36530,36764,36984,37252,37452,37634,37803,37972,38102,38226,38360,38435,38522,38562,38602,38621,38625,38607,38594,38539,38466,38418,38313,38187,38060,37901,37697,37522,37308,36983,36702,36371,35998,35477,34981,34412,33601,32855,32031,30876,29856,28751,27259,25947,24548,23073,21090,19442,17712,15476,13637,11821,9597,8021,6683,5529,4319,3503,2788,2048,1570,1158,730,460,257,88,13,0,0,0,0,0,0,0,0,0,0,0,0,0,0,0,0,g
68,69,74,77,85,98,109,120,131,145,157,184,208,243,277,310,362,437,534,694,864,1033,1266,1460,1674,1891,2194,2457,2759,3118,3435,3757,4206,4597,5029,5566,6003,6403,6778,7220,7553,7889,8328,8727,9173,9791,10313,10848,11520,12028,12518,12987,13548,13979,14391,14881,15266,15627,16033,16338,16605,16815,17041,17155,17287,17426,17559,17704,17901,18078,18264,18525,18764,19017,19284,19660,19984,20323,20776,21137,21509,21971,22355,22749,23248,23663,24082,24503,25033,25455,25879,26401,26816,27238,27774,28220,28662,29205,29638,30070,30499,31028,31435,31848,32323,32738,33103,33571,33923,34296,34625,35018,35336,35642,35997,36269,36515,36820,37038,37256,37496,37670,37840,37995,38169,38302,38401,38529,38600,38646,38700,38738,38747,38735,38738,38700,38676,38590,38516,38418,38276,38150,37997,37794,37623,37409,37088,36793,36454,36097,35552,35047,34480,33666,32920,32094,30950,29941,28847,27346,26048,24653,23173,21212,19562,17845,15616,13799,11982,9773,8158,6817,5649,4430,3616,2870,2116,1652,1227,800,522,318,152,73,54,45,36,17,19,12,9,4,0,0,0,0,0,0,0,0,g
31,39,46,60,73,82,96,106,133,178,211,246,294,319,349,395,460,539,617,741,880,1024,1257,1471,1691,1921,2210,2464,2735,3091,3385,3698,4107,4482,4888,5438,5889,6339,6734,7183,7526,7860,8314,8719,9162,9784,10302,10843,11545,12070,12561,13027,13577,13984,14406,14864,15215,15565,15944,16210,16440,16638,16810,16908,16985,17114,17224,17356,17543,17709,17898,18165,18402,18660,18949,19336,19679,20042,20523,20915,21299,21789,22186,22592,23113,23559,23996,24446,24993,25424,25860,26382,26803,27218,27759,28192,28630,29160,29589,30028,30447,30960,31366,31761,32267,32654,33015,33485,33830,34169,34493,34893,35201,35497,35847,36108,36367,36669,36901,37113,37352,37528,37699,37874,38062,38188,38314,38426,38496,38590,38641,38676,38676,38681,38660,38649,38604,38521,38445,38353,38203,38075,37909,37686,37493,37273,36955,36669,36329,35954,35410,34907,34344,33538,32798,31969,30822,29815,28723,27228,25924,24532,23046,21089,19440,17713,15497,13661,11844,9619,8026,6692,5545,4327,3493,2786,2043,1565,1170,742,467,270,105,24,0,0,0,0,0,0,0,0,0,0,0,0,0,0,0,0,g
83,78,101,92,89,136,173,167,174,219,226,270,291,319,355,403,462,528,617,770,952,1122,1399,1648,1880,2129,2461,2730,3005,3366,3672,3999,4454,4875,5309,5851,6278,6690,7045,7492,7846,8212,8707,9160,9645,10305,10850,11413,12100,12612,13110,13560,14084,14495,14887,15355,15710,16035,16407,16670,16894,17077,17259,17385,17510,17675,17819,17972,18181,18365,18576,18866,19124,19403,19704,20077,20406,20780,21218,21565,21922,22394,22767,23162,23650,24040,24466,24886,25405,25821,26246,26755,27203,27631,28153,28582,29011,29550,29983,30413,30827,31346,31758,32168,32644,33012,33383,33815,34163,34494,34831,35233,35530,35801,36133,36383,36632,36917,37107,37307,37525,37687,37838,37986,38135,38246,38347,38444,38501,38549,38584,38598,38599,38590,38568,38540,38489,38407,38322,38228,38085,37951,37800,37591,37400,37180,36862,36591,36269,35907,35390,34874,34327,33538,32789,31969,30825,29825,28736,27255,25983,24594,23133,21179,19545,17828,15625,13812,12006,9824,8193,6829,5660,4416,3579,2871,2115,1623,1225,786,521,306,121,46,7,0,0,0,0,0,0,0,0,0,0,0,0,0,0,0,g
57,72,74,79,83,89,88,91,98,106,113,123,136,158,178,199,230,262,314,404,507,637,828,1000,1181,1367,1646,1877,2124,2476,2753,3055,3467,3781,4160,4634,5058,5490,5917,6403,6776,7122,7568,7910,8272,8778,9246,9742,10398,10957,11466,11972,12582,13043,13505,14044,14453,14815,15277,15590,15880,16138,16409,16587,16725,16875,16994,17130,17285,17437,17587,17783,17971,18176,18397,18713,18973,19257,19645,19991,20319,20748,21096,21448,21908,22293,22693,23110,23645,24083,24520,25082,25533,25987,26552,27015,27485,28077,28556,29036,29511,30109,30597,31067,31631,32077,32514,33025,33411,33789,34176,34637,34970,35293,35676,35967,36251,36602,36867,37091,37365,37584,37768,37939,38128,38276,38395,38538,38635,38722,38800,38840,38869,38885,38883,38863,38829,38776,38706,38623,38493,38385,38278,38076,37873,37653,37342,37050,36764,36363,35838,35320,34757,33928,33178,32324,31154,30105,28981,27447,26113,24681,23159,21135,19443,17679,15400,13530,11654,9379,7842,6523,5389,4192,3371,2670,1955,1488,1079,677,446,255,91,30,10,32,31,39,37,36,21,35,23,10,5,4,0,0,1,0,g
47,53,59,60,70,93,100,109,130,158,190,224,263,314,366,418,488,562,650,797,943,1123,1379,1606,1843,2083,2391,2649,2920,3284,3596,3924,4380,4786,5225,5793,6250,6668,7047,7490,7833,8194,8705,9150,9617,10259,10785,11346,11993,12499,12970,13384,13884,14288,14656,15096,15447,15742,16075,16302,16468,16585,16684,16756,16824,16935,17053,17184,17363,17535,17717,17970,18205,18458,18743,19144,19522,19878,20345,20719,21110,21587,21996,22400,22937,23374,23838,24277,24836,25286,25733,26304,26751,27199,27768,28222,28686,29265,29719,30165,30613,31152,31573,31982,32488,32879,33259,33724,34083,34431,34766,35172,35481,35798,36171,36441,36694,37020,37222,37438,37674,37834,38005,38155,38347,38490,38581,38686,38765,38807,38856,38868,38871,38863,38850,38820,38768,38678,38590,38486,38329,38206,38069,37842,37638,37393,37060,36761,36413,36018,35477,34963,34415,33610,32862,32032,30872,29871,28773,27280,25988,24590,23110,21178,19532,17824,15611,13784,11951,9680,8093,6748,5583,4360,3521,2801,2063,1584,1171,744,468,257,80,3,0,0,0,0,0,0,0,0,0,0,0,0,0,0,0,0,g
58,68,79,92,102,111,123,129,148,163,179,197,235,259,276,297,345,387,465,584,717,865,1076,1248,1431,1629,1902,2143,2408,2764,3068,3384,3810,4180,4583,5117,5555,5978,6382,6853,7214,7564,8005,8380,8789,9379,9897,10432,11105,11641,12125,12617,13196,13631,14065,14533,14894,15246,15654,15945,16207,16423,16657,16805,16923,17080,17211,17346,17535,17686,17878,18133,18361,18601,18874,19220,19530,19863,20293,20658,21028,21504,21872,22249,22744,23162,23574,23987,24515,24950,25385,25932,26359,26822,27364,27805,28257,28822,29281,29733,30174,30727,31166,31588,32100,32499,32890,33371,33746,34110,34460,34886,35214,35520,35884,36163,36431,36744,36977,37202,37457,37646,37829,38002,38200,38352,38486,38579,38667,38726,38815,38825,38855,38845,38834,38803,38775,38709,38615,38524,38383,38247,38100,37885,37686,37464,37147,36850,36532,36165,35617,35112,34538,33726,32981,32148,30992,29973,28872,27678,26051,24644,23163,21183,19510,17786,15547,13714,11905,9675,8090,6741,5579,4355,3526,2806,2079,1587,1174,749,478,271,98,23,0,0,0,0,0,0,0,0,0,0,0,0,0,0,0,0,g
88,100,99,94,101,121,148,151,152,155,176,206,213,245,262,299,334,369,449,533,623,752,944,1126,1324,1531,1801,2027,2280,2621,2907,3209,3603,3938,4313,4830,5300,5732,6159,6647,7003,7352,7797,8150,8557,9091,9579,10100,10765,11299,11831,12310,12883,13312,13729,14229,14612,14968,15385,15696,15988,16248,16526,16715,16881,17071,17227,17387,17595,17766,17945,18182,18387,18635,18882,19215,19508,19793,20205,20535,20885,21311,21657,22005,22481,22871,23273,23694,24211,24636,25099,25644,26102,26534,27087,27536,27993,28570,29033,29484,29947,30501,30946,31402,31909,32316,32731,33196,33567,33925,34275,34692,35009,35313,35707,35974,36244,36547,36791,37011,37253,37436,37613,37783,37976,38127,38235,38360,38444,38509,38582,38611,38638,38634,38625,38613,38585,38524,38452,38370,38245,38120,37980,37775,37584,37369,37061,36771,36447,36087,35569,35079,34529,33713,32972,32137,30978,29945,28850,27331,26024,24614,23098,21104,19446,17686,15408,13555,11703,9442,7890,6570,5432,4224,3403,2694,1971,1503,1114,687,435,236,83,17,0,0,0,0,0,0,0,0,0,0,0,0,0,4,0,0,g
84,86,95,105,101,107,111,118,126,137,152,171,194,219,245,273,321,368,437,561,691,843,1074,1273,1489,1712,1992,2231,2512,2887,3181,3500,3921,4297,4720,5256,5711,6140,6533,7001,7325,7663,8095,8473,8892,9487,10002,10555,11228,11749,12262,12734,13300,13729,14132,14630,14991,15338,15741,16032,16309,16541,16800,16972,17156,17348,17546,17713,17963,18163,18393,18657,18894,19140,19407,19766,20073,20396,20821,21177,21532,21970,22327,22697,23174,23572,23975,24388,24909,25330,25753,26279,26699,27127,27662,28093,28530,29075,29511,29963,30408,30949,31376,31777,32267,32662,33021,33463,33827,34171,34526,34901,35210,35485,35840,36091,36341,36628,36855,37052,37282,37450,37613,37757,37926,38045,38169,38276,38345,38405,38448,38477,38487,38480,38473,38446,38405,38331,38255,38187,38041,37942,37780,37582,37386,37184,36884,36600,36263,35888,35349,34861,34307,33516,32769,31955,30806,29797,28703,27215,25921,24531,23054,21104,19465,17756,15543,13735,11922,9719,8115,6761,5598,4369,3534,2812,2085,1622,1219,816,540,341,170,84,60,63,41,26,10,7,11,5,0,0,0,0,0,0,0,0,g
84,80,88,102,107,110,125,128,146,149,177,187,208,231,259,282,327,370,425,523,632,760,965,1147,1350,1560,1834,2069,2319,2661,2952,3255,3651,4012,4399,4935,5390,5836,6249,6742,7082,7435,7854,8230,8629,9184,9690,10212,10903,11434,11965,12468,13057,13486,13891,14397,14775,15132,15547,15844,16111,16324,16539,16643,16730,16809,16890,16970,17097,17218,17355,17562,17766,17987,18239,18579,18888,19224,19680,20055,20451,20948,21345,21745,22252,22681,23118,23566,24123,24570,25018,25575,26023,26465,27022,27469,27914,28480,28945,29396,29848,30403,30835,31257,31779,32185,32576,33053,33425,33792,34155,34591,34927,35235,35605,35881,36164,36474,36728,36945,37206,37392,37582,37743,37953,38074,38218,38342,38419,38505,38552,38582,38603,38635,38605,38579,38537,38472,38413,38328,38183,38057,37910,37676,37471,37240,36922,36630,36282,35916,35376,34899,34334,33510,32784,31969,30813,29808,28691,27184,25871,24463,22951,20945,19259,17510,15263,13409,11549,9293,7761,6461,5331,4148,3333,2638,1925,1465,1069,659,408,210,52,0,0,0,0,0,0,0,0,0,0,0,3,0,0,0,0,11,g
31,39,49,61,69,88,112,143,158,163,171,195,219,239,260,291,335,389,454,575,699,828,1047,1234,1428,1658,1936,2171,2425,2772,3060,3361,3755,4101,4491,5004,5450,5871,6286,6747,7087,7429,7863,8240,8654,9244,9751,10293,10982,11535,12067,12579,13167,13610,14051,14573,14957,15324,15767,16098,16380,16651,16899,17060,17200,17360,17489,17635,17843,18017,18208,18472,18703,18954,19222,19584,19903,20241,20686,21050,21420,21894,22270,22661,23170,23569,23983,24390,24919,25328,25757,26273,26704,27107,27613,28067,28474,29008,29429,29857,30285,30812,31223,31617,32113,32482,32852,33293,33644,33995,34323,34732,35038,35336,35689,35954,36219,36521,36739,36964,37216,37422,37589,37760,37954,38081,38208,38352,38432,38481,38546,38562,38600,38587,38566,38539,38498,38436,38346,38246,38097,37958,37803,37579,37368,37143,36826,36533,36199,35817,35271,34769,34194,33385,32641,31811,30654,29633,28537,27045,25739,24331,22818,20829,19150,17402,15142,13313,11445,9209,7695,6442,5314,4152,3342,2654,1945,1490,1083,675,417,222,96,25,8,0,0,0,0,0,0,0,0,0,0,0,0,0,0,0,g
23,22,28,37,43,53,64,72,86,111,128,160,172,222,267,317,429,512,645,797,936,1083,1264,1431,1623,1840,2150,2418,2705,3091,3424,3769,4235,4622,5030,5550,5960,6354,6726,7164,7505,7860,8341,8770,9238,9865,10396,10927,11618,12157,12682,13175,13757,14207,14616,15083,15451,15797,16199,16495,16752,16971,17175,17316,17414,17549,17656,17780,17996,18163,18359,18633,18872,19142,19418,19798,20122,20479,20931,21300,21679,22159,22556,22976,23479,23894,24333,24751,25306,25719,26147,26680,27107,27522,28069,28495,28925,29465,29885,30312,30730,31237,31629,32022,32481,32846,33204,33652,33998,34338,34662,35049,35342,35628,35961,36217,36460,36747,36971,37179,37415,37586,37742,37897,38076,38206,38313,38428,38501,38552,38616,38618,38615,38603,38600,38572,38512,38431,38355,38274,38139,37999,37852,37620,37430,37202,36884,36598,36275,35891,35347,34847,34286,33464,32719,31886,30737,29726,28635,27448,25846,24456,22978,21028,19387,17685,15473,13675,11865,9641,8054,6727,5570,4345,3528,2810,2068,1598,1182,756,488,277,98,21,0,0,0,0,0,0,0,0,0,0,0,0,0,0,0,0,g
40,47,65,73,95,99,116,126,146,172,184,202,227,252,290,323,367,410,469,566,671,800,1018,1210,1413,1636,1914,2165,2420,2753,3039,3359,3766,4113,4516,5070,5530,5973,6398,6870,7228,7564,7996,8368,8776,9351,9852,10380,11053,11578,12093,12565,13116,13534,13937,14427,14805,15167,15589,15890,16158,16380,16598,16730,16843,16973,17082,17198,17363,17509,17683,17928,18147,18397,18641,18979,19295,19636,20059,20447,20803,21301,21668,22069,22570,23001,23426,23865,24423,24863,25299,25840,26270,26713,27266,27714,28157,28730,29184,29650,30091,30648,31077,31491,32002,32401,32794,33266,33636,33989,34360,34778,35121,35435,35803,36093,36367,36679,36929,37149,37400,37586,37776,37937,38140,38274,38384,38514,38595,38663,38723,38751,38767,38765,38755,38736,38700,38629,38558,38469,38329,38200,38056,37844,37646,37428,37113,36839,36520,36148,35618,35099,34530,33704,32945,32121,30954,29921,28816,27298,25978,24583,23085,21087,19427,17691,15436,13581,11724,9472,7907,6586,5449,4241,3416,2726,2001,1523,1117,707,441,239,82,12,0,0,0,0,0,0,0,0,0,0,0,0,0,0,0,0,g
72,64,70,76,80,99,128,134,153,189,216,254,273,343,387,429,486,540,604,715,821,967,1197,1409,1639,1904,2214,2458,2701,3046,3335,3648,4067,4441,4851,5411,5883,6323,6759,7220,7562,7907,8381,8787,9243,9849,10378,10904,11575,12092,12596,13044,13552,13926,14303,14763,15124,15464,15855,16137,16392,16606,16830,16984,17133,17321,17487,17661,17900,18095,18290,18540,18767,19018,19287,19654,19955,20298,20704,21047,21385,21815,22167,22539,22994,23406,23798,24199,24718,25129,25555,26057,26459,26890,27410,27840,28278,28823,29260,29695,30126,30675,31107,31513,32013,32391,32792,33257,33611,33958,34290,34687,35042,35318,35694,35954,36215,36521,36733,36955,37195,37357,37531,37687,37874,38008,38143,38249,38337,38397,38447,38472,38477,38483,38474,38453,38418,38347,38276,38183,38048,37914,37763,37561,37372,37155,36841,36553,36226,35861,35348,34860,34313,33516,32774,31961,30826,29813,28730,27540,25941,24554,23072,21140,19495,17774,15545,13722,11905,9638,8057,6728,5571,4341,3512,2790,2050,1577,1158,728,471,265,88,13,0,0,0,0,0,0,0,0,0,0,0,0,0,0,0,0,g
204,239,282,325,345,364,399,403,412,409,403,381,368,330,317,291,273,284,278,287,288,297,326,355,400,455,560,680,837,1074,1279,1489,1779,2064,2399,2857,3224,3573,3918,4367,4768,5196,5763,6201,6635,7194,7624,8069,8627,9058,9518,10020,10703,11266,11836,12526,13046,13541,14147,14574,14992,15352,15775,16089,16398,16755,17004,17205,17423,17582,17740,17941,18125,18314,18529,18839,19110,19396,19786,20076,20394,20808,21189,21603,22088,22493,22896,23309,23808,24238,24619,25114,25548,25966,26522,26961,27401,27940,28360,28789,29221,29761,30201,30644,31191,31626,32050,32573,32975,33360,33731,34185,34543,34888,35309,35624,35923,36269,36543,36791,37088,37306,37509,37701,37915,38092,38220,38376,38495,38568,38649,38712,38777,38834,38859,38858,38829,38798,38729,38653,38544,38432,38300,38110,37932,37726,37407,37109,36778,36380,35826,35315,34734,33905,33136,32263,31044,29972,28811,27242,25854,24381,22815,20735,18986,17181,14832,12903,11001,8808,7360,6106,5032,3880,3107,2447,1775,1322,934,548,309,138,19,0,0,0,0,0,0,0,0,0,0,0,0,0,0,0,5,0,b
249,246,229,223,204,187,172,169,155,128,110,105,103,112,120,152,198,256,316,423,543,662,848,1006,1211,1419,1738,2008,2320,2705,3025,3353,3762,4116,4491,4997,5429,5865,6297,6814,7210,7581,8026,8390,8790,9351,9839,10354,11013,11544,12067,12577,13179,13665,14125,14637,14995,15353,15764,16073,16354,16665,16915,17042,17179,17336,17390,17514,17636,17722,17842,18053,18216,18397,18612,18896,19156,19463,19853,20189,20536,20993,21354,21725,22209,22614,23026,23463,24004,24436,24878,25422,25880,26325,26903,27339,27776,28351,28822,29280,29721,30307,30764,31187,31726,32154,32552,33038,33415,33789,34155,34590,34914,35225,35601,35891,36165,36488,36739,36974,37241,37435,37614,37787,37983,38126,38256,38405,38506,38608,38703,38771,38816,38858,38843,38810,38814,38755,38707,38606,38474,38362,38218,37985,37829,37603,37286,36991,36659,36280,35733,35240,34658,33822,33063,32205,31024,29993,28876,27341,26002,24569,23055,21033,19336,17569,15272,13403,11536,9312,7785,6497,5367,4175,3363,2667,1952,1482,1086,683,424,237,78,15,5,6,0,0,0,0,0,0,0,0,0,0,0,0,0,0,g
54,66,77,84,92,88,103,119,122,150,146,160,160,159,153,151,168,190,242,316,385,459,551,622,688,780,918,1081,1244,1475,1700,1956,2311,2620,2946,3387,3741,4108,4512,5029,5455,5882,6387,6769,7146,7603,7982,8368,8896,9363,9854,10372,11046,11583,12129,12772,13257,13706,14229,14620,14988,15336,15745,16037,16303,16572,16732,16852,16972,17062,17149,17278,17392,17533,17700,17955,18187,18432,18753,19043,19356,19803,20158,20563,21053,21438,21861,22265,22802,23227,23676,24232,24687,25134,25712,26157,26598,27149,27591,28030,28488,29062,29526,29983,30552,30993,31433,31961,32367,32767,33161,33648,34025,34400,34824,35171,35485,35862,36129,36398,36710,36958,37204,37421,37640,37810,37950,38118,38240,38328,38441,38523,38569,38619,38633,38631,38609,38553,38491,38430,38329,38216,38089,37902,37719,37501,37180,36892,36562,36186,35646,35150,34594,33777,33011,32136,30926,29857,28704,27138,25778,24309,22748,20692,18964,17183,14885,12983,11078,8880,7409,6158,5085,3930,3140,2501,1817,1364,980,580,338,163,44,0,0,0,0,0,0,0,0,0,0,0,0,0,0,0,0,0,f
323,342,342,345,344,353,367,363,361,354,350,368,364,366,377,396,418,449,479,535,605,690,819,946,1094,1267,1506,1735,1997,2362,2673,2986,3380,3707,4054,4531,4943,5374,5809,6331,6731,7111,7610,7994,8405,8959,9448,9983,10665,11266,11883,12432,13146,13614,14076,14598,15011,15367,15827,16174,16528,16839,17128,17323,17470,17627,17747,17864,18034,18184,18358,18622,18831,19046,19293,19607,19872,20168,20574,20944,21290,21749,22100,22474,22948,23347,23739,24137,24677,25102,25543,26073,26507,26949,27482,27914,28358,28911,29366,29806,30242,30783,31209,31621,32118,32501,32885,33350,33709,34061,34400,34804,35095,35379,35718,35976,36229,36523,36764,37001,37274,37440,37593,37773,37896,38041,38153,38281,38380,38429,38500,38538,38542,38543,38514,38543,38482,38449,38355,38267,38127,37988,37849,37618,37414,37176,36877,36610,36269,35913,35367,34880,34319,33513,32772,31944,30803,29791,28714,27234,25928,24523,23053,21063,19399,17659,15395,13570,11760,9528,7964,6630,5499,4294,3458,2748,2011,1535,1130,713,449,248,78,8,0,0,0,0,0,0,0,0,0,0,0,0,0,0,2,21,b
32,37,44,50,58,93,111,129,130,151,160,173,186,218,235,265,309,339,398,490,594,728,931,1113,1295,1500,1746,1963,2205,2537,2823,3118,3507,3837,4204,4709,5152,5586,6005,6490,6847,7192,7613,7954,8339,8886,9355,9868,10554,11091,11629,12142,12740,13191,13642,14158,14561,14934,15356,15673,15977,16247,16517,16685,16830,16978,17093,17223,17394,17548,17723,17961,18176,18407,18657,19000,19298,19617,20047,20404,20773,21255,21645,22046,22536,22931,23347,23786,24326,24745,25202,25748,26213,26656,27219,27645,28074,28639,29111,29534,29995,30535,30957,31406,31911,32297,32685,33148,33520,33872,34221,34634,34963,35275,35640,35921,36186,36505,36741,36976,37242,37446,37612,37796,37972,38127,38242,38372,38483,38556,38630,38660,38688,38684,38671,38658,38616,38541,38468,38382,38246,38122,37980,37762,37564,37344,37030,36739,36413,36040,35502,34999,34430,33607,32854,32012,30836,29799,28698,27183,25866,24440,22901,20889,19187,17429,15157,13294,11434,9200,7690,6426,5300,4120,3309,2610,1907,1457,1052,647,417,217,67,10,0,0,0,0,0,0,0,0,0,0,0,0,0,0,0,0,g
210,224,232,240,266,280,291,283,300,288,289,274,274,296,307,318,367,406,461,540,624,762,973,1135,1319,1534,1873,2151,2457,2865,3201,3520,3946,4327,4724,5265,5722,6147,6562,7074,7459,7838,8305,8716,9156,9785,10313,10876,11548,12071,12612,13087,13672,14075,14460,14921,15250,15566,15951,16207,16445,16633,16803,16914,17002,17119,17228,17342,17520,17685,17863,18117,18332,18560,18806,19149,19454,19780,20219,20581,20958,21429,21811,22193,22687,23097,23488,23901,24430,24872,25288,25826,26244,26665,27220,27679,28106,28678,29107,29559,29992,30531,30945,31347,31846,32233,32619,33111,33461,33807,34125,34524,34821,35102,35437,35697,35955,36264,36485,36707,36962,37119,37274,37420,37583,37704,37816,37939,38031,38085,38166,38177,38175,38170,38162,38131,38107,38032,37945,37860,37724,37597,37446,37228,37037,36816,36511,36230,35906,35540,35009,34510,33952,33150,32415,31591,30445,29470,28387,26910,25608,24223,22723,20758,19093,17378,15149,13326,11477,9255,7743,6451,5358,4161,3377,2678,1968,1503,1106,710,440,262,96,26,8,0,0,0,0,0,0,0,0,0,0,0,0,0,0,0,g
62,78,76,83,101,112,122,135,134,176,196,233,238,285,303,351,389,437,486,562,641,743,901,1068,1255,1464,1742,1975,2205,2508,2771,3047,3429,3746,4080,4557,4977,5425,5885,6419,6824,7179,7616,7962,8360,8880,9348,9845,10514,11066,11617,12146,12760,13204,13617,14122,14511,14888,15336,15666,15969,16235,16508,16670,16792,16891,16958,17028,17132,17226,17332,17488,17630,17794,17982,18279,18537,18821,19213,19540,19887,20350,20697,21080,21546,21949,22375,22792,23356,23808,24249,24821,25254,25699,26287,26741,27188,27763,28230,28694,29166,29736,30187,30632,31168,31596,32007,32517,32913,33300,33664,34128,34464,34787,35176,35481,35780,36123,36392,36657,36940,37129,37321,37497,37668,37840,37958,38111,38222,38289,38345,38397,38413,38407,38397,38372,38340,38282,38208,38133,38004,37877,37731,37525,37332,37117,36800,36523,36199,35829,35295,34809,34260,33462,32722,31886,30705,29685,28614,27092,25769,24382,22893,20912,19271,17531,15288,13456,11620,9366,7849,6531,5400,4202,3382,2689,1972,1507,1103,702,437,247,84,27,29,8,6,0,0,0,0,0,0,0,0,0,0,0,0,0,g
336,351,361,359,349,341,336,332,326,347,352,366,389,429,462,512,576,649,753,910,1061,1231,1476,1713,1975,2284,2664,3010,3322,3705,4056,4408,4888,5301,5736,6269,6685,7088,7447,7899,8243,8621,9155,9634,10150,10815,11353,11888,12539,13026,13481,13900,14381,14742,15076,15474,15780,16054,16348,16536,16693,16804,16893,16969,17047,17164,17273,17416,17609,17788,17979,18257,18511,18786,19073,19476,19820,20190,20665,21031,21390,21857,22235,22627,23141,23555,23967,24375,24926,25319,25730,26249,26652,27079,27605,28033,28456,29012,29436,29856,30295,30812,31213,31592,32075,32459,32843,33305,33655,33982,34297,34662,34972,35245,35576,35834,36098,36374,36580,36771,36977,37134,37285,37431,37577,37700,37806,37909,37974,38013,38043,38054,38053,38045,38028,37992,37945,37871,37805,37709,37553,37430,37247,37058,36855,36644,36317,36047,35711,35327,34799,34295,33740,32950,32216,31406,30277,29308,28218,26771,25490,24122,22662,20752,19136,17450,15262,13477,11667,9445,7893,6587,5452,4251,3434,2725,2021,1562,1161,738,473,272,125,38,19,17,12,17,3,0,0,0,0,0,0,0,0,0,0,0,b
17,20,42,53,60,82,89,119,123,131,135,140,131,142,144,162,200,234,270,314,342,372,414,458,508,569,663,768,898,1102,1288,1497,1794,2073,2388,2813,3166,3511,3864,4325,4740,5177,5726,6137,6546,7012,7366,7732,8207,8642,9108,9613,10285,10849,11390,12080,12587,13075,13639,14069,14437,14792,15202,15509,15791,16102,16304,16451,16597,16660,16717,16812,16885,16988,17113,17309,17501,17715,18006,18262,18537,18929,19282,19649,20132,20535,20975,21381,21924,22345,22764,23329,23786,24251,24833,25298,25794,26365,26831,27299,27764,28353,28837,29322,29924,30401,30873,31444,31886,32321,32745,33257,33658,34053,34526,34884,35224,35643,35949,36244,36596,36828,37102,37320,37573,37764,37924,38122,38247,38347,38472,38555,38636,38682,38716,38726,38719,38663,38610,38537,38428,38328,38203,38035,37864,37652,37357,37065,36730,36354,35811,35311,34747,33931,33176,32318,31143,30109,28973,27409,26039,24586,23021,20957,19216,17431,15079,13187,11274,9040,7565,6310,5205,4028,3224,2540,1846,1392,1000,591,346,169,31,0,0,0,0,0,0,0,0,0,0,0,0,0,0,0,12,28,b
42,51,68,76,78,87,107,122,121,157,165,172,201,243,267,286,353,416,521,671,802,930,1112,1273,1446,1651,1937,2193,2456,2818,3130,3458,3889,4253,4634,5137,5548,5951,6338,6793,7135,7477,7954,8379,8840,9456,9946,10496,11136,11675,12179,12677,13300,13785,14213,14743,15110,15476,15881,16184,16482,16789,17050,17250,17422,17617,17779,17957,18173,18362,18571,18861,19114,19379,19659,20027,20337,20673,21097,21451,21810,22257,22649,23014,23498,23889,24290,24682,25170,25570,25961,26470,26869,27275,27792,28203,28628,29154,29591,30009,30436,30958,31364,31768,32257,32648,33026,33495,33858,34214,34558,34963,35271,35563,35910,36173,36426,36727,36953,37193,37451,37640,37812,37916,38073,38173,38259,38382,38482,38511,38585,38591,38628,38595,38561,38505,38515,38415,38337,38241,38093,37975,37819,37593,37388,37189,36878,36587,36256,35891,35365,34867,34309,33496,32771,31950,30807,29802,28717,27239,25949,24593,23115,21172,19521,17807,15581,13783,11953,9728,8135,6791,5636,4409,3571,2873,2111,1620,1202,768,497,287,106,26,0,0,0,0,0,0,0,0,0,0,0,0,0,0,0,37,g
35,39,42,46,53,60,67,71,82,98,123,136,152,185,206,230,291,328,382,453,555,652,825,992,1170,1371,1647,1867,2092,2405,2675,2961,3337,3660,4006,4495,4932,5385,5837,6362,6737,7079,7493,7842,8226,8759,9232,9763,10444,11004,11555,12065,12684,13133,13530,14037,14412,14776,15200,15522,15806,16063,16338,16506,16642,16778,16932,17045,17228,17396,17582,17838,18071,18315,18582,18953,19278,19617,20072,20451,20845,21330,21722,22109,22619,23014,23440,23876,24419,24841,25273,25812,26250,26683,27217,27675,28102,28685,29129,29562,30011,30546,30974,31401,31914,32320,32714,33195,33565,33934,34288,34719,35041,35362,35746,36042,36319,36649,36903,37136,37404,37602,37788,37959,38163,38317,38453,38612,38694,38773,38876,38904,38924,38913,38915,38887,38850,38772,38726,38628,38511,38375,38223,38023,37824,37596,37271,36982,36648,36266,35721,35215,34643,33824,33068,32219,31058,30017,28886,27670,26004,24562,23023,20987,19281,17519,15249,13400,11558,9337,7799,6502,5390,4199,3388,2687,1964,1514,1112,696,441,242,84,19,0,0,0,0,0,0,0,0,0,0,0,0,0,0,0,0,g
159,166,171,173,172,173,185,191,187,169,172,152,144,128,127,125,129,145,165,193,219,266,304,406,478,593,772,943,1133,1409,1662,1946,2347,2671,2986,3394,3723,4092,4506,5054,5499,5945,6498,6909,7297,7765,8171,8574,9169,9702,10257,10822,11539,12105,12645,13270,13763,14200,14720,15103,15459,15825,16234,16526,16781,17029,17187,17312,17467,17589,17733,17939,18126,18341,18586,18921,19201,19491,19887,20223,20578,21054,21465,21880,22401,22822,23231,23666,24206,24644,25076,25651,26090,26528,27080,27504,27947,28511,28948,29399,29862,30416,30860,31295,31821,32231,32630,33116,33495,33888,34253,34707,35049,35366,35745,36025,36313,36638,36890,37130,37419,37623,37848,38033,38234,38372,38479,38632,38733,38842,38953,39007,39074,39110,39107,39092,39068,38999,38956,38881,38767,38663,38525,38316,38125,37899,37573,37270,36941,36573,36041,35547,34980,34163,33406,32553,31354,30305,29167,27628,26296,24858,23313,21284,19538,17729,15418,13496,11574,9290,7789,6478,5344,4152,3352,2644,1937,1473,1071,651,403,231,74,16,5,0,0,0,0,0,0,0,0,0,0,0,0,0,0,0,g
336,351,358,362,362,356,345,335,316,288,262,234,203,167,144,122,101,104,110,125,153,179,214,235,293,339,444,559,725,950,1161,1389,1698,1976,2322,2728,3061,3373,3700,4143,4546,4982,5538,5977,6416,6936,7334,7716,8186,8584,9025,9526,10203,10769,11336,12034,12577,13101,13668,14094,14480,14849,15277,15625,15916,16266,16512,16699,16898,17036,17168,17353,17503,17679,17881,18150,18394,18657,18988,19261,19550,19946,20303,20678,21167,21568,21968,22364,22855,23256,23665,24188,24620,25065,25656,26131,26601,27177,27649,28102,28569,29144,29644,30113,30710,31180,31643,32179,32598,33009,33410,33898,34274,34659,35098,35439,35749,36123,36389,36652,36949,37185,37411,37629,37887,38054,38214,38383,38495,38596,38700,38773,38838,38919,38966,38974,38977,38921,38875,38801,38710,38600,38495,38320,38141,37940,37633,37342,37002,36627,36086,35597,35031,34218,33456,32605,31407,30345,29187,27614,26247,24774,23205,21123,19369,17547,15182,13243,11296,9040,7560,6293,5198,4042,3239,2572,1872,1419,1018,616,359,200,56,13,7,7,8,22,4,0,0,0,0,0,0,0,0,0,0,0,b
48,52,49,59,67,77,89,116,130,143,156,176,192,222,256,277,325,375,457,598,729,902,1092,1260,1433,1623,1889,2141,2393,2760,3052,3360,3771,4128,4525,5057,5491,5905,6302,6762,7116,7462,7908,8293,8728,9333,9855,10393,11060,11580,12079,12613,13219,13681,14124,14604,14979,15382,15768,16092,16345,16566,16808,16994,17099,17289,17407,17555,17753,17898,18073,18319,18552,18782,19045,19400,19704,20049,20483,20848,21206,21664,22054,22445,22954,23372,23806,24242,24791,25223,25658,26214,26674,27098,27650,28094,28533,29079,29511,29958,30396,30922,31345,31755,32254,32643,33032,33483,33835,34187,34527,34933,35243,35540,35893,36165,36421,36721,36942,37154,37402,37570,37729,37887,38062,38186,38295,38438,38530,38603,38650,38675,38668,38637,38634,38614,38554,38458,38423,38302,38222,38061,37935,37719,37534,37291,36959,36699,36366,35984,35450,34967,34411,33624,32891,32053,30950,29938,28848,27372,26089,24713,23263,21313,19683,17984,15767,13963,12128,9898,8286,6901,5722,4487,3648,2907,2151,1675,1246,812,545,334,140,73,31,12,0,0,0,0,0,0,0,0,0,0,0,0,0,0,g
148,162,174,183,191,198,207,209,206,195,186,172,159,143,134,144,159,169,176,233,243,277,326,391,484,606,794,972,1156,1434,1692,1963,2373,2696,3026,3435,3788,4167,4581,5136,5590,6032,6582,7002,7413,7913,8325,8753,9360,9884,10436,11003,11708,12253,12792,13414,13859,14286,14771,15132,15474,15802,16189,16456,16696,16935,17087,17221,17390,17543,17705,17944,18149,18375,18624,18954,19225,19514,19900,20230,20586,21062,21455,21850,22348,22748,23144,23537,24045,24466,24899,25463,25935,26398,26973,27409,27850,28402,28877,29331,29805,30368,30851,31297,31868,32290,32704,33205,33597,33971,34338,34812,35153,35513,35913,36177,36449,36760,37007,37236,37520,37735,37925,38093,38285,38417,38529,38669,38750,38827,38921,38996,39034,39094,39085,39077,39036,38964,38892,38817,38696,38593,38454,38238,38034,37806,37474,37175,36825,36434,35885,35382,34809,33981,33211,32355,31155,30106,28969,27425,26080,24632,23084,21033,19305,17509,15179,13276,11397,9157,7663,6389,5290,4115,3314,2613,1907,1464,1072,675,407,263,101,50,35,15,8,8,8,0,0,0,0,0,0,0,0,0,0,0,g
82,112,153,213,253,286,312,335,351,365,374,374,370,357,339,318,292,273,261,256,281,307,353,373,420,467,546,628,740,939,1120,1303,1575,1785,2067,2463,2826,3190,3547,3991,4335,4708,5221,5638,6049,6564,6989,7420,7969,8416,8855,9331,9967,10504,11067,11767,12302,12818,13434,13901,14345,14738,15180,15508,15804,16128,16363,16553,16784,16901,17002,17118,17229,17350,17498,17722,17929,18170,18497,18783,19091,19486,19825,20196,20699,21122,21551,21979,22523,22951,23380,23918,24365,24819,25391,25851,26328,26933,27400,27869,28313,28888,29376,29839,30423,30906,31349,31920,32354,32787,33180,33651,34028,34390,34841,35186,35530,35905,36189,36451,36780,37001,37213,37423,37661,37835,37997,38181,38287,38393,38484,38551,38608,38666,38696,38703,38716,38690,38634,38555,38443,38326,38192,38010,37857,37653,37352,37057,36731,36341,35811,35289,34720,33889,33125,32268,31061,29998,28839,27580,25884,24404,22831,20749,18999,17177,14834,12907,10974,8775,7321,6073,4998,3873,3104,2439,1798,1348,977,579,346,170,52,13,21,9,4,0,11,0,4,0,8,0,0,0,0,0,0,0,b
80,81,77,114,103,100,123,123,144,158,185,199,224,258,293,330,402,465,552,718,856,1024,1253,1462,1666,1868,2185,2444,2726,3111,3424,3746,4192,4585,5027,5574,6019,6423,6805,7243,7577,7911,8356,8756,9197,9809,10331,10863,11526,12025,12506,12971,13529,13955,14364,14853,15225,15581,15993,16293,16580,16828,17089,17263,17440,17607,17763,17967,18176,18395,18578,18844,19108,19369,19637,20039,20353,20701,21122,21453,21790,22222,22576,22957,23421,23817,24212,24602,25116,25516,25910,26430,26835,27268,27807,28235,28676,29217,29645,30070,30511,31032,31452,31852,32347,32724,33122,33584,33947,34280,34627,35016,35330,35624,35949,36209,36435,36725,36945,37147,37373,37537,37696,37843,38005,38114,38218,38323,38388,38443,38490,38515,38526,38512,38492,38460,38415,38372,38310,38236,38122,37975,37847,37597,37386,37178,36847,36545,36204,35832,35267,34763,34211,33386,32681,31819,30648,29617,28512,27024,25708,24302,22799,20819,19162,17439,15201,13374,11558,9333,7797,6498,5371,4181,3370,2674,1977,1508,1105,700,440,244,101,51,25,34,25,29,11,15,0,0,0,0,0,0,0,0,0,0,g
352,355,350,347,345,339,329,310,284,247,213,185,161,138,123,109,127,143,159,184,204,230,312,364,456,572,786,997,1204,1510,1772,2062,2509,2848,3192,3602,3923,4285,4690,5241,5688,6123,6647,7065,7485,7981,8403,8831,9429,9961,10527,11115,11853,12426,12987,13627,14104,14552,15071,15485,15868,16242,16684,17007,17310,17607,17807,17987,18178,18347,18519,18743,18950,19170,19408,19728,19997,20274,20650,20972,21329,21796,22179,22570,23058,23445,23827,24218,24720,25134,25557,26098,26552,27009,27576,28021,28454,28993,29425,29863,30306,30879,31310,31759,32279,32695,33071,33563,33902,34261,34607,35006,35317,35620,35965,36221,36459,36743,36957,37179,37426,37618,37783,37936,38111,38253,38334,38443,38522,38588,38658,38697,38731,38746,38744,38701,38670,38594,38513,38419,38321,38187,38041,37814,37614,37375,37047,36727,36387,35998,35454,34961,34401,33602,32868,32046,30890,29873,28776,27282,25983,24590,23099,21102,19417,17660,15379,13504,11613,9349,7829,6533,5412,4206,3391,2703,1989,1524,1129,693,437,245,83,58,41,33,30,21,20,20,0,0,0,0,0,0,0,0,0,0,b
29,36,39,48,62,71,79,83,111,149,163,186,212,224,251,275,323,385,457,604,735,892,1082,1254,1424,1639,1917,2156,2433,2793,3099,3421,3859,4229,4622,5146,5564,5992,6383,6834,7173,7508,7938,8322,8744,9340,9862,10393,11092,11612,12142,12641,13223,13691,14147,14652,15019,15385,15789,16084,16351,16578,16779,16900,17015,17118,17210,17317,17463,17602,17767,18010,18224,18455,18716,19063,19375,19715,20162,20539,20919,21401,21795,22206,22746,23200,23639,24104,24671,25142,25601,26174,26616,27058,27631,28074,28541,29122,29593,30036,30492,31034,31476,31906,32414,32814,33196,33699,34062,34416,34769,35196,35514,35810,36169,36461,36726,37045,37266,37476,37729,37911,38078,38227,38407,38545,38689,38803,38888,38950,38990,39034,39037,39026,39015,38984,38943,38871,38794,38701,38568,38442,38275,38048,37842,37615,37294,36992,36659,36284,35737,35232,34668,33865,33129,32297,31142,30127,29028,27530,26221,24830,23352,21388,19725,17985,15740,13891,12046,9771,8167,6805,5667,4419,3585,2875,2119,1626,1220,776,525,313,126,43,10,5,0,0,0,0,0,0,0,0,0,0,0,0,0,0,g
72,74,81,89,99,106,123,136,156,178,199,223,252,294,332,373,436,496,586,738,870,1043,1282,1488,1722,1960,2233,2505,2755,3098,3400,3723,4135,4545,4949,5549,5985,6411,6791,7218,7575,7913,8383,8814,9286,9924,10461,11014,11705,12231,12720,13167,13693,14101,14503,14982,15349,15693,16105,16381,16604,16774,16954,17035,17107,17237,17337,17469,17645,17797,17978,18220,18454,18708,18987,19361,19690,20040,20504,20880,21247,21721,22105,22501,23018,23443,23878,24314,24845,25271,25696,26225,26649,27070,27606,28055,28510,29080,29542,29976,30392,30950,31359,31782,32273,32647,33020,33494,33847,34201,34554,34948,35267,35563,35891,36172,36431,36715,36942,37141,37380,37550,37716,37861,38037,38163,38283,38391,38454,38505,38546,38564,38576,38567,38562,38521,38474,38398,38307,38220,38088,37973,37835,37620,37420,37195,36881,36587,36263,35878,35339,34832,34266,33453,32706,31880,30724,29710,28601,27097,25794,24394,22902,20923,19258,17530,15293,13457,11618,9383,7839,6538,5418,4242,3432,2725,2011,1538,1138,719,455,255,121,48,34,30,25,10,20,8,0,0,0,0,0,0,0,0,0,0,g
85,91,88,116,128,126,134,133,142,157,182,200,223,256,285,328,405,491,601,781,941,1114,1360,1551,1768,2006,2334,2601,2894,3292,3610,3948,4439,4856,5289,5858,6260,6642,6992,7415,7754,8111,8615,9065,9565,10238,10797,11351,12021,12538,13027,13495,14047,14470,14876,15354,15712,16049,16443,16729,16968,17173,17368,17532,17659,17861,18016,18171,18412,18624,18847,19184,19432,19735,20005,20399,20720,21042,21467,21819,22166,22626,23016,23407,23912,24320,24718,25146,25644,26068,26475,26987,27406,27850,28376,28807,29234,29762,30210,30633,31030,31534,31958,32335,32856,33219,33586,34024,34357,34683,35000,35381,35663,35939,36264,36519,36754,37023,37225,37407,37629,37783,37928,38056,38212,38314,38403,38496,38554,38592,38622,38635,38638,38623,38596,38571,38523,38442,38373,38261,38102,37973,37804,37586,37392,37166,36817,36499,36165,35790,35248,34737,34206,33386,32664,31843,30686,29690,28594,27121,25812,24444,22983,21037,19403,17716,15511,13690,11867,9622,8039,6703,5559,4336,3520,2813,2091,1606,1204,785,500,296,131,48,15,29,13,13,0,0,0,0,0,0,0,0,0,0,0,0,g
100,94,114,111,120,119,146,145,158,178,189,204,219,246,275,307,361,421,511,660,807,973,1200,1392,1592,1802,2096,2358,2637,3007,3316,3663,4106,4525,4943,5493,5935,6363,6747,7216,7590,7947,8410,8826,9275,9911,10439,10985,11654,12156,12640,13104,13658,14095,14506,14995,15366,15711,16123,16422,16678,16891,17107,17243,17369,17524,17648,17784,17974,18149,18345,18594,18844,19089,19377,19753,20089,20426,20872,21241,21602,22082,22465,22854,23368,23782,24212,24636,25173,25598,26021,26555,26973,27398,27933,28360,28788,29326,29758,30189,30619,31147,31556,31955,32448,32830,33204,33675,34042,34397,34739,35133,35438,35726,36081,36362,36591,36891,37109,37306,37552,37733,37893,38036,38204,38318,38414,38521,38589,38629,38681,38697,38696,38706,38677,38643,38599,38510,38446,38337,38189,38054,37902,37682,37480,37252,36944,36640,36303,35923,35373,34895,34325,33536,32780,31955,30797,29797,28693,27197,25895,24490,22995,21022,19356,17629,15391,13560,11723,9482,7922,6601,5455,4250,3429,2724,1993,1524,1122,707,440,239,69,0,0,2,6,0,0,0,0,0,0,0,0,0,0,0,0,0,g
31,36,47,66,77,91,105,120,165,213,252,307,345,385,455,498,602,696,815,998,1177,1396,1676,1900,2136,2375,2711,3002,3311,3687,4020,4410,4907,5346,5814,6364,6749,7097,7431,7856,8211,8601,9152,9623,10141,10818,11359,11925,12550,13011,13463,13931,14451,14858,15255,15744,16100,16434,16821,17084,17327,17529,17753,17945,18131,18383,18581,18791,19066,19296,19537,19859,20133,20426,20737,21138,21473,21813,22231,22567,22906,23336,23696,24065,24568,24968,25362,25761,26220,26618,26994,27482,27883,28292,28797,29202,29600,30109,30533,30955,31351,31855,32235,32617,33080,33440,33810,34232,34551,34874,35173,35557,35841,36101,36412,36648,36883,37146,37343,37525,37734,37888,38039,38167,38339,38447,38563,38628,38694,38723,38768,38785,38770,38768,38741,38703,38659,38562,38471,38359,38219,38077,37916,37703,37502,37276,36947,36645,36312,35937,35391,34892,34336,33533,32795,31972,30834,29834,28747,27268,25992,24626,23169,21229,19602,17908,15687,13878,12062,9873,8247,6916,5726,4500,3648,2931,2185,1689,1259,842,550,333,149,59,18,29,4,0,0,0,0,0,0,0,0,0,0,0,0,0,f
132,122,132,134,192,177,194,201,255,275,309,351,401,478,521,572,658,732,829,971,1118,1306,1591,1841,2107,2349,2675,2933,3208,3589,3921,4277,4761,5188,5642,6224,6655,7074,7442,7877,8226,8622,9159,9637,10146,10792,11338,11897,12583,13099,13551,13978,14478,14872,15263,15744,16107,16451,16835,17108,17341,17535,17725,17852,17985,18164,18321,18487,18712,18909,19144,19466,19754,20051,20367,20733,21067,21424,21845,22223,22556,23007,23389,23808,24304,24716,25096,25489,25975,26411,26793,27292,27693,28116,28639,29060,29486,30003,30411,30806,31208,31712,32116,32530,32995,33374,33722,34153,34482,34803,35137,35488,35768,36049,36399,36646,36888,37155,37358,37542,37751,37901,38063,38191,38366,38451,38527,38606,38646,38679,38705,38709,38703,38681,38659,38621,38563,38470,38383,38267,38117,37977,37830,37627,37435,37212,36889,36628,36316,35961,35437,34974,34386,33604,32859,32055,30925,29906,28824,27376,26069,24721,23234,21307,19695,17965,15750,13921,12101,9890,8263,6885,5708,4462,3616,2892,2133,1643,1226,791,513,305,126,42,0,0,0,0,0,0,0,0,0,0,0,0,0,0,0,0,f
220,243,264,276,277,263,289,275,265,254,238,211,198,182,155,169,146,137,132,139,153,176,217,266,332,429,599,765,955,1212,1443,1708,2095,2436,2781,3222,3572,3935,4329,4863,5299,5731,6285,6709,7143,7656,8053,8460,9031,9504,10049,10614,11335,11915,12496,13185,13698,14190,14767,15195,15614,16017,16527,16902,17256,17646,17906,18140,18371,18536,18708,18946,19139,19343,19583,19877,20133,20388,20726,20994,21301,21730,22082,22468,22952,23338,23709,24086,24570,24972,25393,25900,26330,26750,27286,27715,28139,28671,29099,29526,29971,30525,30971,31412,31955,32376,32770,33260,33643,34014,34373,34810,35161,35512,35918,36211,36486,36802,37050,37281,37544,37790,37940,38112,38304,38414,38532,38664,38759,38843,38898,38950,39013,39022,39020,39001,38971,38898,38822,38736,38639,38524,38385,38180,37977,37751,37424,37124,36781,36403,35847,35339,34780,33946,33177,32311,31116,30047,28910,27340,26007,24518,22947,20861,19104,17282,14912,13001,11089,8874,7412,6156,5069,3912,3126,2451,1772,1323,940,550,313,142,13,0,0,0,0,0,0,0,0,9,31,46,52,65,62,33,24,18,b
70,82,79,79,76,78,83,90,99,123,140,158,177,205,231,267,341,432,553,730,882,1041,1253,1458,1687,1916,2232,2509,2805,3188,3515,3842,4296,4682,5102,5625,6038,6420,6774,7188,7505,7855,8312,8731,9206,9848,10383,10926,11589,12113,12635,13142,13726,14168,14586,15090,15466,15819,16221,16513,16763,16978,17157,17261,17360,17470,17574,17677,17844,17986,18176,18412,18627,18872,19144,19506,19819,20168,20608,20983,21364,21848,22249,22666,23210,23656,24105,24556,25120,25568,26011,26560,27002,27449,28001,28447,28894,29451,29909,30366,30809,31354,31760,32149,32635,33021,33391,33855,34188,34527,34850,35262,35552,35855,36173,36419,36648,36926,37146,37337,37556,37721,37876,38010,38175,38301,38401,38493,38556,38622,38669,38685,38689,38674,38648,38613,38564,38481,38427,38307,38165,38038,37901,37677,37467,37251,36940,36668,36323,35939,35388,34893,34345,33574,32851,32040,30899,29891,28807,27334,26049,24662,23180,21226,19581,17867,15638,13809,11957,9693,8102,6755,5591,4361,3521,2817,2086,1608,1204,787,500,308,141,71,39,19,8,2,18,0,0,0,0,0,0,0,0,0,0,0,g
95,91,87,99,100,101,108,118,121,136,168,184,220,260,326,420,562,684,811,974,1123,1300,1557,1790,2060,2326,2688,3010,3351,3786,4153,4498,4991,5378,5791,6288,6664,7032,7379,7811,8183,8578,9117,9586,10082,10728,11260,11798,12469,12990,13489,13971,14527,14950,15358,15839,16212,16569,16982,17275,17545,17779,18037,18219,18389,18606,18797,19005,19259,19474,19705,20014,20271,20566,20846,21266,21575,21890,22309,22660,23015,23459,23819,24188,24666,25058,25452,25852,26350,26755,27145,27670,28069,28479,29002,29427,29858,30388,30812,31238,31663,32151,32567,32935,33381,33743,34090,34525,34872,35194,35490,35846,36122,36377,36668,36929,37144,37393,37584,37752,37950,38090,38218,38335,38472,38568,38646,38728,38782,38820,38837,38839,38828,38804,38774,38726,38671,38595,38528,38421,38263,38136,37966,37761,37564,37318,36999,36716,36390,36032,35497,35000,34448,33647,32927,32112,31017,30016,28947,27482,26220,24886,23430,21504,19884,18210,16022,14227,12436,10252,8599,7166,5950,4655,3791,3041,2263,1762,1343,915,613,386,198,101,40,34,32,20,8,4,0,1,0,0,0,0,0,0,0,0,f
302,354,380,371,370,370,430,463,487,538,539,564,596,646,717,788,901,1012,1180,1382,1597,1816,2132,2416,2715,3033,3436,3761,4101,4550,4940,5375,5901,6328,6740,7226,7587,7961,8311,8788,9225,9705,10349,10888,11438,12105,12628,13131,13721,14168,14585,14979,15449,15820,16175,16592,16892,17156,17425,17592,17737,17871,18042,18188,18351,18596,18818,19046,19333,19541,19820,20128,20444,20719,21073,21479,21875,22196,22619,22977,23349,23790,24183,24581,25078,25465,25856,26242,26731,27129,27530,28027,28446,28864,29398,29824,30245,30772,31170,31577,31972,32464,32845,33219,33666,34033,34373,34783,35077,35397,35687,36037,36276,36509,36795,37013,37206,37437,37602,37749,37937,38096,38205,38315,38434,38506,38562,38619,38650,38670,38682,38685,38676,38647,38608,38554,38485,38372,38269,38160,38003,37863,37738,37531,37339,37124,36798,36465,36152,35797,35206,34712,34133,33318,32577,31778,30610,29638,28558,27108,25803,24423,22970,21040,19438,17743,15530,13728,11939,9728,8128,6780,5609,4381,3548,2839,2095,1624,1206,768,497,307,120,44,14,6,14,2,12,0,6,0,0,0,0,0,0,0,0,0,b
50,44,44,58,63,76,82,89,99,108,118,132,148,182,228,295,414,526,640,777,892,1061,1312,1536,1762,1982,2355,2650,2955,3378,3690,4018,4456,4854,5251,5776,6159,6549,6932,7364,7742,8089,8576,9006,9475,10110,10647,11193,11907,12453,12987,13495,14088,14539,14964,15452,15816,16171,16601,16916,17200,17441,17701,17864,17992,18193,18345,18487,18700,18909,19089,19390,19611,19844,20102,20449,20749,21065,21483,21832,22185,22630,23000,23381,23868,24267,24668,25083,25605,26021,26437,26957,27375,27784,28306,28730,29159,29714,30171,30591,31038,31558,31977,32357,32827,33174,33565,33979,34318,34642,34988,35360,35640,35912,36262,36502,36737,37005,37195,37382,37602,37750,37896,38023,38176,38283,38377,38478,38557,38595,38636,38643,38644,38633,38603,38566,38537,38482,38396,38297,38154,38053,37873,37633,37441,37219,36909,36623,36291,35904,35375,34860,34304,33484,32728,31889,30733,29722,28626,27131,25831,24434,22951,20982,19331,17610,15386,13562,11738,9516,7952,6624,5477,4266,3458,2774,2090,1629,1232,791,533,324,163,74,43,24,23,45,34,29,15,25,22,35,14,0,0,0,0,0,b
304,340,348,351,369,361,345,351,352,330,299,274,236,198,175,155,153,147,136,142,153,180,221,265,325,420,593,773,989,1274,1522,1799,2202,2554,2900,3317,3635,3965,4345,4874,5323,5771,6288,6732,7139,7658,8045,8448,8956,9418,9935,10484,11212,11801,12360,13030,13522,14016,14561,14971,15370,15762,16235,16610,16969,17360,17637,17876,18141,18358,18548,18819,19045,19287,19547,19875,20158,20453,20817,21143,21466,21903,22294,22682,23200,23581,23977,24358,24836,25235,25647,26164,26601,27027,27565,27989,28421,28951,29383,29810,30242,30791,31230,31664,32192,32601,32997,33477,33843,34205,34562,34997,35329,35644,36017,36307,36580,36886,37127,37355,37612,37817,37987,38166,38348,38478,38585,38701,38788,38871,38948,39002,39033,39057,39060,39038,39001,38924,38858,38793,38668,38545,38408,38217,38016,37792,37464,37172,36827,36443,35898,35382,34809,33980,33202,32337,31169,30092,28933,27357,25997,24524,22954,20876,19106,17292,14912,12982,11046,8839,7390,6129,5043,3891,3106,2442,1767,1315,929,535,299,130,7,0,0,0,0,0,0,0,0,0,0,0,0,0,0,0,0,0,b
29,39,46,62,73,86,95,98,97,108,124,142,162,203,247,301,412,506,579,677,792,882,1058,1218,1411,1626,1941,2200,2499,2896,3230,3563,4005,4374,4776,5296,5725,6160,6542,7007,7393,7753,8231,8636,9071,9665,10198,10732,11415,11966,12499,13025,13609,14047,14477,14983,15344,15705,16122,16442,16737,16988,17241,17400,17538,17715,17849,17999,18208,18394,18595,18876,19115,19370,19638,20005,20321,20662,21111,21485,21864,22343,22732,23129,23635,24049,24510,24950,25504,25963,26391,26915,27335,27770,28311,28732,29160,29711,30157,30609,31040,31567,31958,32357,32838,33204,33573,34018,34371,34708,35033,35416,35718,35995,36313,36581,36802,37114,37324,37531,37746,37908,38054,38187,38333,38464,38572,38657,38729,38792,38828,38851,38861,38841,38824,38788,38746,38675,38611,38507,38364,38233,38073,37837,37636,37406,37081,36791,36453,36073,35530,35025,34449,33621,32865,32024,30860,29837,28728,27214,25894,24471,22955,20977,19301,17558,15291,13446,11628,9430,7873,6547,5414,4215,3400,2709,1978,1508,1120,713,451,267,99,31,0,0,0,0,0,0,0,0,0,0,0,0,0,0,0,0,g
286,314,321,359,365,377,397,398,412,413,411,412,417,441,449,468,493,521,556,618,681,765,905,1037,1197,1378,1641,1888,2164,2549,2868,3194,3603,3941,4315,4820,5251,5703,6122,6666,7054,7433,7903,8280,8680,9262,9796,10345,11056,11653,12200,12769,13403,13877,14297,14795,15164,15525,15948,16267,16568,16838,17119,17327,17464,17646,17772,17914,18129,18313,18518,18800,19041,19311,19577,19942,20265,20600,21054,21436,21844,22326,22757,23154,23661,24084,24483,24905,25444,25892,26311,26845,27258,27683,28211,28636,29068,29607,30043,30479,30909,31437,31856,32256,32738,33115,33491,33941,34297,34638,34962,35373,35674,35961,36269,36509,36750,37049,37279,37499,37722,37880,38032,38162,38312,38418,38525,38614,38712,38765,38819,38837,38844,38819,38793,38758,38712,38641,38571,38494,38361,38217,38056,37827,37624,37406,37087,36790,36461,36095,35589,35097,34546,33749,33005,32188,31039,30059,28953,27781,26171,24760,23265,21273,19594,17833,15558,13705,11838,9570,7997,6659,5505,4286,3452,2737,2007,1531,1125,701,436,236,67,0,0,0,0,0,0,0,0,0,0,0,0,0,0,0,1,0,g
94,117,140,171,197,220,247,258,271,280,294,300,301,301,297,296,298,306,317,337,362,396,465,548,653,787,985,1180,1381,1680,1948,2259,2674,3006,3354,3767,4133,4523,4944,5489,5917,6353,6854,7258,7660,8173,8620,9141,9788,10343,10921,11515,12238,12797,13326,13964,14415,14859,15379,15768,16149,16512,16946,17251,17511,17806,17994,18158,18360,18561,18746,19033,19263,19520,19804,20145,20422,20709,21101,21436,21794,22260,22642,23031,23499,23878,24260,24648,25142,25550,25965,26488,26905,27317,27837,28240,28651,29172,29596,30036,30478,31028,31439,31872,32362,32745,33124,33564,33927,34275,34605,35024,35335,35627,35982,36223,36464,36744,36943,37143,37416,37579,37738,37883,38034,38144,38249,38365,38436,38496,38579,38624,38641,38652,38639,38605,38561,38490,38433,38349,38230,38133,37990,37789,37592,37373,37035,36737,36393,36025,35516,35030,34456,33637,32891,32068,30895,29860,28744,27233,25914,24495,22982,20971,19271,17501,15210,13337,11458,9206,7693,6403,5285,4107,3297,2606,1921,1468,1079,680,419,234,84,28,21,11,17,6,0,0,0,0,2,0,0,0,0,0,0,0,g
282,298,313,332,343,354,367,378,383,405,410,428,448,466,485,506,536,577,610,671,733,815,953,1082,1235,1416,1675,1924,2195,2587,2906,3227,3642,3993,4366,4883,5314,5742,6192,6702,7104,7484,7955,8344,8771,9352,9889,10420,11106,11658,12213,12743,13391,13850,14290,14813,15201,15573,16023,16353,16660,16927,17201,17369,17504,17646,17752,17867,18038,18192,18361,18603,18812,19037,19278,19620,19917,20236,20669,21045,21410,21857,22247,22639,23126,23538,23957,24376,24901,25347,25784,26306,26743,27167,27709,28141,28588,29143,29587,30042,30483,31043,31472,31882,32404,32794,33195,33666,34032,34390,34734,35149,35455,35744,36107,36379,36628,36941,37156,37373,37637,37797,37950,38106,38277,38399,38508,38633,38711,38783,38836,38862,38867,38853,38831,38799,38760,38687,38606,38522,38387,38254,38098,37878,37677,37449,37130,36840,36518,36144,35610,35115,34572,33772,33044,32227,31087,30060,28971,27463,26181,24760,23267,21277,19618,17887,15615,13776,11898,9622,8050,6722,5553,4331,3495,2773,2032,1562,1146,718,459,269,92,22,2,1,0,0,0,0,0,0,0,0,0,0,0,0,0,0,g
55,50,42,43,67,65,71,80,84,101,122,141,164,202,243,293,387,493,617,796,952,1110,1316,1501,1708,1945,2294,2594,2890,3302,3641,4023,4512,4898,5303,5834,6226,6616,6973,7416,7742,8095,8561,8993,9462,10103,10626,11146,11803,12324,12822,13303,13862,14291,14690,15170,15528,15875,16284,16581,16847,17064,17282,17425,17540,17698,17818,17967,18189,18399,18638,18943,19209,19482,19778,20182,20512,20852,21318,21694,22083,22591,23018,23424,23938,24349,24765,25182,25695,26111,26530,27069,27497,27927,28474,28910,29342,29872,30301,30728,31147,31659,32061,32476,32973,33352,33718,34162,34504,34834,35143,35495,35784,36063,36385,36620,36850,37116,37309,37480,37698,37850,37983,38104,38257,38358,38455,38552,38610,38652,38691,38704,38709,38695,38681,38629,38595,38514,38430,38334,38184,38043,37885,37665,37463,37240,36914,36645,36306,35925,35400,34903,34353,33570,32841,32033,30907,29902,28831,27347,26058,24682,23209,21260,19617,17910,15689,13857,12006,9731,8131,6776,5612,4382,3543,2823,2076,1594,1178,755,493,291,120,34,12,3,0,0,0,0,0,0,0,0,0,0,0,0,0,0,g
33,40,68,94,115,136,131,140,156,170,192,213,241,269,318,357,440,549,667,881,1043,1197,1417,1604,1808,2047,2370,2653,2949,3355,3687,4058,4539,4961,5387,5927,6327,6713,7061,7484,7819,8185,8674,9144,9645,10292,10846,11361,12030,12518,12992,13450,14002,14419,14823,15299,15652,15990,16391,16661,16892,17085,17290,17425,17553,17718,17863,18016,18229,18422,18632,18923,19175,19443,19739,20143,20487,20845,21319,21708,22104,22606,23011,23429,23969,24395,24831,25266,25835,26297,26726,27275,27717,28178,28722,29171,29617,30176,30628,31056,31472,31980,32380,32763,33232,33593,33949,34385,34710,35034,35340,35707,35979,36231,36545,36793,37019,37276,37467,37637,37837,37992,38143,38276,38416,38524,38599,38688,38754,38785,38815,38800,38789,38792,38768,38723,38667,38576,38479,38375,38223,38087,37929,37715,37520,37296,36976,36679,36350,35982,35451,34959,34407,33620,32901,32104,31001,30017,28951,27488,26198,24846,23391,21438,19802,18102,15872,14050,12232,9976,8356,6977,5802,4537,3674,2946,2170,1671,1248,801,520,317,129,42,16,1,0,0,0,0,0,0,0,0,0,0,0,0,0,0,g
35,42,51,88,109,130,151,164,190,242,259,278,308,349,397,467,567,683,802,1000,1186,1390,1666,1881,2105,2341,2669,2951,3252,3643,3972,4334,4841,5274,5727,6275,6675,7053,7424,7871,8243,8641,9191,9687,10218,10912,11443,11967,12596,13065,13506,13929,14463,14850,15214,15652,15962,16257,16583,16817,16999,17167,17364,17516,17680,17895,18069,18261,18528,18762,19016,19372,19679,20012,20362,20837,21229,21626,22129,22541,22958,23481,23909,24335,24880,25332,25780,26197,26741,27145,27572,28085,28489,28898,29410,29830,30240,30743,31140,31559,31943,32414,32784,33128,33572,33907,34237,34641,34953,35263,35567,35916,36177,36434,36721,36943,37153,37395,37570,37748,37950,38093,38221,38352,38484,38573,38665,38725,38776,38805,38823,38830,38809,38802,38751,38693,38627,38527,38429,38308,38144,38000,37843,37613,37403,37170,36839,36536,36185,35804,35264,34772,34218,33425,32697,31881,30769,29785,28717,27260,25983,24619,23180,21237,19603,17914,15695,13887,12078,9851,8233,6874,5695,4456,3615,2888,2121,1634,1215,778,500,289,105,28,0,0,0,0,0,0,0,0,0,0,0,0,0,0,0,0,g
302,299,306,308,308,305,304,311,310,323,330,343,361,400,433,482,574,654,763,940,1114,1284,1549,1809,2093,2378,2776,3095,3429,3842,4196,4568,5050,5466,5902,6447,6886,7309,7715,8196,8572,8969,9516,9993,10505,11166,11696,12221,12855,13350,13799,14217,14694,15068,15415,15823,16130,16411,16727,16926,17097,17228,17367,17470,17566,17713,17842,17988,18194,18379,18591,18856,19087,19369,19672,20069,20445,20826,21276,21652,22032,22510,22908,23326,23846,24271,24725,25144,25686,26112,26540,27068,27488,27933,28460,28917,29363,29885,30311,30725,31147,31661,32070,32446,32925,33301,33662,34104,34447,34784,35100,35467,35752,36024,36355,36615,36851,37116,37328,37521,37736,37897,38045,38178,38334,38442,38538,38633,38690,38732,38790,38803,38808,38786,38764,38713,38643,38553,38480,38354,38189,38046,37879,37672,37480,37242,36941,36628,36286,35921,35379,34874,34332,33513,32761,31938,30782,29765,28662,27172,25873,24486,23015,21033,19364,17637,15385,13544,11706,9501,7942,6612,5472,4281,3465,2757,2032,1562,1158,738,479,277,109,40,10,0,0,0,0,0,0,0,0,0,0,0,0,0,0,0,g
299,298,294,292,278,268,261,258,254,264,276,294,322,356,394,445,534,634,755,947,1144,1357,1662,1939,2238,2543,2960,3302,3619,4051,4418,4842,5384,5821,6264,6837,7259,7656,8039,8514,8905,9327,9915,10426,10975,11646,12170,12685,13305,13757,14171,14547,14988,15332,15649,16017,16298,16554,16809,16970,17103,17219,17349,17463,17595,17774,17945,18161,18413,18656,18900,19236,19548,19869,20237,20700,21094,21477,21954,22338,22725,23218,23617,24027,24555,24978,25403,25828,26346,26756,27171,27687,28101,28527,29063,29492,29936,30485,30917,31337,31759,32235,32619,32994,33470,33858,34207,34621,34938,35253,35553,35896,36169,36426,36743,36981,37217,37443,37626,37790,37977,38123,38253,38384,38527,38623,38706,38776,38821,38849,38858,38862,38858,38838,38805,38776,38713,38623,38542,38418,38269,38128,37960,37737,37550,37335,37018,36725,36394,36022,35477,34999,34457,33653,32925,32107,30979,29985,28913,27458,26189,24830,23378,21454,19829,18147,15940,14135,12334,10142,8496,7083,5876,4603,3759,3024,2259,1747,1339,896,617,392,191,88,36,34,35,32,14,0,0,0,0,0,0,0,0,0,0,0,g
103,158,216,279,315,341,361,376,388,390,384,375,366,359,357,348,329,312,310,323,341,376,419,460,517,597,727,877,1053,1283,1501,1698,1981,2262,2596,3055,3441,3784,4115,4550,4938,5346,5867,6258,6649,7144,7570,7996,8538,8990,9465,9979,10670,11244,11818,12534,13050,13573,14153,14616,15026,15399,15831,16143,16438,16802,17075,17294,17539,17712,17874,18098,18287,18492,18717,19045,19333,19635,20034,20359,20690,21120,21486,21871,22373,22787,23200,23618,24140,24564,25007,25558,26007,26459,27022,27466,27915,28484,28926,29370,29831,30389,30845,31322,31878,32319,32731,33239,33640,34038,34413,34869,35210,35562,35994,36291,36575,36915,37157,37401,37670,37884,38073,38260,38470,38618,38751,38894,38981,39063,39150,39212,39256,39289,39316,39304,39267,39206,39129,39040,38920,38799,38672,38473,38292,38074,37754,37451,37112,36722,36180,35687,35122,34313,33559,32713,31519,30459,29307,27735,26358,24879,23305,21213,19451,17618,15237,13322,11386,9129,7627,6356,5234,4062,3258,2594,1887,1430,1030,635,385,212,66,15,22,11,14,0,0,0,0,0,0,0,0,0,0,0,0,0,f
112,146,144,162,158,157,165,176,185,211,252,261,301,355,394,453,534,626,739,931,1118,1351,1631,1867,2118,2370,2692,2986,3265,3642,3956,4286,4764,5199,5639,6182,6581,6962,7312,7745,8106,8498,9042,9518,10036,10719,11288,11845,12505,12998,13459,13903,14433,14853,15257,15735,16087,16415,16819,17093,17322,17513,17700,17830,17946,18151,18301,18436,18645,18815,19020,19317,19588,19858,20132,20582,20887,21208,21631,21982,22330,22798,23186,23570,24082,24489,24909,25328,25857,26288,26689,27207,27635,28063,28606,29046,29475,30012,30443,30876,31302,31800,32214,32595,33075,33442,33805,34218,34554,34850,35151,35495,35774,36059,36358,36585,36800,37044,37224,37396,37593,37737,37877,37998,38145,38241,38321,38397,38439,38475,38497,38499,38492,38475,38448,38433,38395,38319,38245,38093,37931,37809,37643,37442,37249,37038,36727,36437,36091,35723,35189,34702,34131,33344,32666,31830,30694,29727,28636,27167,25888,24512,23064,21138,19514,17823,15643,13850,12041,9826,8213,6849,5676,4431,3607,2877,2130,1647,1239,800,527,320,134,53,41,13,9,5,0,0,0,0,0,0,0,0,0,0,0,0,g
74,84,90,99,107,113,136,155,158,168,177,190,207,228,252,290,364,456,579,756,912,1071,1285,1471,1678,1906,2222,2497,2796,3195,3535,3880,4362,4760,5175,5711,6114,6525,6891,7347,7703,8069,8562,8999,9484,10145,10681,11222,11868,12386,12919,13401,13978,14421,14836,15333,15716,16084,16507,16825,17105,17341,17590,17753,17890,18052,18184,18322,18536,18704,18895,19179,19410,19654,19932,20305,20630,20959,21413,21757,22130,22595,22977,23364,23866,24269,24670,25080,25590,25998,26399,26900,27300,27707,28217,28626,29043,29567,29982,30395,30804,31313,31713,32099,32568,32955,33333,33786,34149,34497,34803,35180,35468,35761,36096,36365,36596,36876,37088,37280,37501,37660,37798,37931,38101,38201,38292,38380,38436,38497,38530,38532,38518,38518,38482,38438,38376,38290,38213,38109,37973,37824,37674,37454,37261,37034,36732,36428,36096,35741,35193,34713,34143,33315,32569,31750,30593,29581,28488,27003,25719,24327,22848,20889,19242,17523,15300,13487,11669,9461,7906,6588,5452,4250,3431,2726,2003,1532,1129,712,444,242,102,43,15,20,22,7,18,0,3,0,0,0,0,0,0,0,0,0,g
82,86,99,107,115,121,131,147,161,189,212,240,271,316,356,399,476,558,664,833,1002,1213,1505,1744,1991,2236,2549,2841,3118,3502,3808,4139,4589,5011,5449,5997,6406,6793,7136,7562,7926,8302,8805,9290,9778,10438,10992,11547,12214,12731,13195,13635,14184,14599,14997,15474,15831,16157,16529,16788,17010,17233,17411,17549,17693,17865,18039,18201,18404,18605,18796,19098,19342,19627,19916,20329,20663,21014,21469,21830,22199,22666,23058,23454,23971,24395,24817,25239,25761,26180,26594,27117,27538,27966,28505,28937,29372,29928,30371,30812,31233,31767,32159,32541,33028,33407,33759,34220,34552,34903,35228,35627,35929,36215,36549,36784,37016,37282,37480,37664,37879,38042,38178,38312,38465,38563,38667,38744,38786,38823,38857,38866,38863,38835,38810,38762,38706,38638,38538,38443,38297,38149,37988,37776,37588,37345,37025,36726,36399,36022,35495,35013,34469,33678,32928,32103,30956,29942,28848,27361,26075,24684,23209,21255,19603,17882,15645,13808,11969,9717,8119,6768,5603,4369,3540,2821,2098,1629,1216,772,515,313,132,52,31,16,9,22,3,5,0,0,0,0,0,0,0,0,0,0,g
57,101,118,134,152,143,170,183,195,224,239,259,278,321,363,393,455,528,632,798,971,1135,1374,1569,1784,2007,2318,2578,2869,3251,3583,3915,4392,4807,5265,5821,6250,6646,7015,7461,7816,8185,8657,9097,9574,10239,10784,11355,12004,12519,12983,13437,13977,14394,14803,15267,15620,15992,16375,16644,16875,17062,17243,17366,17480,17629,17755,17894,18083,18253,18442,18704,18936,19194,19474,19860,20190,20533,20998,21384,21749,22207,22600,22989,23504,23922,24335,24749,25280,25725,26138,26697,27133,27555,28077,28514,28990,29549,29971,30395,30818,31346,31765,32167,32664,33035,33402,33862,34215,34560,34907,35296,35595,35886,36234,36494,36733,37032,37243,37444,37675,37840,38014,38163,38331,38452,38544,38640,38734,38769,38812,38835,38828,38840,38812,38775,38733,38643,38555,38461,38319,38183,38039,37820,37632,37417,37097,36811,36478,36106,35570,35071,34514,33715,32990,32178,31053,30051,28946,27462,26177,24776,23276,21298,19626,17892,15641,13830,11992,9787,8168,6825,5657,4414,3576,2836,2106,1618,1203,772,508,305,123,56,14,9,0,0,0,0,0,0,0,0,0,0,0,0,0,0,g
86,83,95,107,114,120,120,119,134,146,155,165,173,206,231,249,281,318,377,493,613,759,966,1143,1326,1519,1792,2030,2292,2647,2952,3267,3686,4051,4462,5027,5484,5933,6336,6830,7209,7542,7958,8324,8746,9323,9822,10351,11015,11554,12053,12529,13116,13579,14005,14523,14906,15277,15741,16055,16346,16597,16853,17014,17145,17279,17380,17505,17652,17801,17960,18184,18391,18620,18884,19226,19545,19863,20316,20678,21041,21504,21886,22262,22759,23171,23589,24019,24577,25010,25459,25984,26405,26834,27373,27816,28253,28811,29257,29708,30160,30717,31150,31573,32093,32499,32896,33376,33748,34112,34469,34914,35257,35586,35984,36267,36521,36873,37100,37322,37574,37753,37929,38086,38294,38426,38550,38677,38749,38808,38888,38922,38922,38939,38917,38882,38841,38773,38699,38598,38449,38311,38155,37933,37734,37505,37182,36877,36533,36147,35592,35095,34510,33697,32940,32094,30922,29894,28773,27268,25944,24519,23033,21013,19313,17551,15262,13393,11523,9266,7738,6441,5319,4131,3319,2625,1917,1454,1052,644,388,198,46,0,0,0,0,0,0,0,0,0,0,0,0,0,0,0,0,0,g
120,128,139,140,154,164,159,163,169,177,190,210,227,261,286,317,371,438,529,680,833,1007,1241,1442,1650,1883,2184,2469,2765,3136,3466,3807,4258,4670,5133,5691,6133,6554,6942,7383,7724,8083,8563,8977,9471,10097,10640,11178,11827,12323,12786,13237,13767,14181,14608,15087,15449,15788,16178,16469,16718,16929,17152,17316,17471,17673,17840,18028,18274,18470,18695,18995,19254,19529,19802,20179,20527,20882,21336,21675,22040,22481,22851,23237,23729,24136,24545,24956,25490,25910,26330,26852,27271,27693,28227,28663,29104,29651,30077,30500,30921,31439,31848,32256,32734,33121,33472,33902,34250,34586,34906,35289,35573,35856,36212,36443,36691,36974,37195,37406,37619,37775,37926,38058,38246,38360,38446,38543,38602,38650,38690,38702,38704,38706,38674,38636,38589,38506,38413,38306,38153,38022,37884,37680,37489,37272,36955,36652,36369,35976,35449,34934,34382,33603,32883,32052,30909,29919,28837,27362,26073,24693,23235,21292,19662,17956,15751,13940,12125,9916,8286,6910,5726,4474,3629,2896,2138,1641,1221,802,538,334,147,66,28,24,10,0,1,1,2,0,0,0,0,0,0,0,0,0,g
74,72,71,76,80,84,90,100,104,113,122,129,141,161,179,202,231,263,308,399,529,676,871,1055,1228,1414,1676,1894,2154,2478,2757,3057,3456,3811,4166,4669,5107,5545,5963,6453,6820,7164,7625,7957,8328,8867,9359,9876,10543,11076,11584,12085,12682,13150,13594,14142,14529,14903,15345,15679,15987,16259,16538,16714,16860,17008,17111,17223,17357,17498,17642,17847,18051,18274,18498,18841,19117,19418,19837,20191,20565,21034,21415,21800,22299,22711,23131,23558,24102,24542,24974,25523,25959,26399,26944,27384,27843,28420,28886,29351,29822,30390,30826,31259,31783,32192,32585,33060,33439,33833,34179,34624,34949,35256,35634,35909,36188,36498,36729,36973,37230,37423,37599,37761,37948,38084,38210,38336,38428,38494,38571,38602,38625,38625,38609,38585,38581,38510,38455,38372,38255,38115,37955,37735,37549,37317,37010,36708,36375,36009,35462,34957,34398,33586,32837,32002,30842,29829,28727,27220,25904,24488,22977,20974,19291,17545,15283,13444,11620,9406,7854,6536,5397,4215,3424,2724,2023,1551,1140,726,473,275,117,40,21,33,14,28,19,0,8,0,9,0,0,0,0,0,0,0,g
25,38,47,61,69,78,109,131,148,168,172,198,200,234,245,260,296,322,358,446,548,697,871,1030,1192,1367,1626,1838,2099,2429,2713,3031,3420,3756,4124,4642,5073,5519,5954,6466,6853,7225,7667,8019,8414,8938,9414,9925,10606,11129,11646,12166,12768,13241,13699,14205,14595,14969,15396,15712,16004,16282,16572,16736,16871,17009,17103,17205,17337,17460,17604,17814,18001,18209,18440,18750,19015,19310,19713,20056,20417,20869,21236,21614,22121,22534,22943,23393,23918,24347,24793,25360,25805,26258,26825,27277,27728,28317,28779,29234,29703,30259,30739,31171,31716,32136,32544,33045,33434,33815,34188,34642,34987,35324,35710,36011,36293,36632,36892,37147,37417,37614,37805,37986,38170,38327,38448,38587,38690,38770,38853,38895,38925,38918,38901,38886,38853,38806,38731,38638,38499,38374,38222,38002,37802,37574,37255,36963,36633,36258,35718,35212,34636,33808,33051,32203,31020,29983,28861,27651,26016,24593,23075,21041,19334,17562,15291,13414,11578,9326,7792,6490,5360,4180,3386,2674,1957,1490,1116,695,435,268,101,30,15,1,9,0,0,0,0,0,0,0,0,0,0,0,0,0,g
47,57,67,95,109,126,133,157,165,214,219,253,268,288,316,347,408,466,527,658,783,940,1168,1361,1563,1774,2055,2301,2573,2937,3242,3560,3989,4374,4798,5369,5825,6258,6652,7098,7458,7809,8271,8663,9100,9709,10233,10781,11447,11974,12454,12932,13476,13902,14305,14811,15164,15502,15896,16205,16446,16652,16856,16985,17088,17243,17360,17492,17707,17887,18074,18350,18591,18856,19140,19536,19878,20244,20712,21096,21494,21969,22361,22756,23301,23723,24174,24595,25138,25574,26006,26548,26977,27421,27955,28387,28850,29393,29833,30271,30701,31226,31646,32055,32549,32931,33307,33761,34109,34449,34787,35187,35492,35781,36128,36387,36637,36948,37169,37379,37600,37784,37934,38073,38246,38372,38465,38605,38661,38722,38757,38789,38783,38767,38738,38695,38657,38569,38491,38389,38234,38101,37944,37730,37529,37304,36975,36692,36366,36005,35473,34975,34426,33636,32917,32103,30986,29975,28898,27419,26140,24763,23276,21289,19624,17891,15633,13796,11924,9644,8077,6735,5579,4358,3519,2792,2046,1565,1153,721,449,243,74,1,0,0,0,0,0,0,0,0,0,0,0,0,0,0,0,17,g
97,103,97,100,102,111,150,166,171,210,221,243,271,310,361,406,461,529,611,764,908,1075,1327,1554,1777,2023,2329,2584,2854,3206,3510,3841,4293,4695,5130,5695,6134,6554,6925,7348,7707,8054,8556,9007,9491,10151,10696,11252,11951,12459,12933,13375,13892,14305,14704,15179,15547,15895,16286,16557,16789,16971,17137,17237,17334,17457,17572,17699,17874,18053,18243,18522,18750,19007,19287,19659,19984,20351,20793,21163,21516,21996,22379,22803,23315,23750,24184,24615,25171,25605,26042,26603,27035,27471,28022,28467,28919,29497,29931,30373,30806,31336,31743,32142,32626,33005,33370,33812,34167,34502,34836,35219,35521,35820,36144,36406,36640,36930,37134,37339,37559,37717,37856,38000,38166,38286,38380,38473,38525,38566,38599,38609,38610,38601,38578,38541,38493,38408,38316,38213,38058,37919,37763,37538,37340,37137,36821,36523,36198,35806,35255,34752,34216,33418,32691,31883,30723,29716,28645,27151,25875,24484,23010,21059,19412,17710,15483,13648,11796,9522,7961,6652,5505,4288,3477,2753,2025,1552,1142,710,450,247,76,12,0,0,0,0,0,0,0,0,0,0,0,0,0,0,0,0,g
54,63,68,76,88,119,150,158,169,191,205,219,234,267,294,317,363,423,499,627,755,916,1138,1329,1528,1735,2016,2258,2524,2882,3184,3502,3925,4301,4721,5281,5733,6167,6565,7014,7359,7697,8176,8588,9042,9685,10232,10767,11465,11987,12493,12969,13535,13968,14387,14901,15297,15671,16091,16408,16674,16928,17179,17342,17485,17661,17810,17967,18178,18352,18545,18791,19006,19240,19489,19843,20141,20461,20892,21236,21585,22024,22394,22807,23292,23716,24133,24538,25077,25496,25925,26479,26912,27339,27890,28332,28778,29335,29762,30203,30642,31171,31587,31997,32498,32892,33266,33727,34087,34432,34762,35161,35475,35769,36112,36370,36621,36917,37154,37364,37608,37790,37941,38095,38269,38365,38467,38566,38634,38676,38717,38743,38762,38740,38721,38681,38630,38547,38471,38373,38245,38112,37953,37739,37556,37331,37008,36703,36371,36002,35463,34977,34419,33620,32890,32066,30923,29924,28851,27361,26063,24656,23172,21193,19525,17784,15538,13695,11831,9565,8002,6672,5522,4298,3463,2748,2013,1536,1129,708,437,238,66,0,0,0,0,0,0,0,0,0,0,0,0,0,0,0,0,0,g
64,67,76,94,100,107,117,128,147,171,191,223,259,307,353,408,482,558,656,815,981,1178,1433,1664,1907,2152,2454,2715,2996,3381,3702,4063,4522,4948,5404,5984,6421,6825,7189,7617,7959,8331,8849,9305,9797,10442,10977,11520,12169,12651,13093,13506,13984,14361,14733,15177,15508,15819,16166,16406,16617,16794,16977,17120,17231,17393,17543,17709,17943,18137,18341,18668,18925,19196,19513,19904,20243,20619,21053,21411,21765,22226,22619,23025,23538,23959,24389,24798,25322,25752,26160,26702,27129,27564,28126,28596,29056,29615,30049,30480,30903,31428,31844,32249,32753,33148,33539,33994,34353,34691,35017,35411,35711,36038,36366,36627,36887,37161,37359,37555,37778,37942,38100,38240,38407,38523,38620,38716,38776,38822,38854,38860,38870,38856,38840,38803,38746,38675,38606,38498,38351,38225,38044,37807,37615,37399,37054,36759,36421,36035,35489,34997,34441,33652,32932,32108,30998,29979,28893,27404,26109,24725,23256,21289,19642,17935,15707,13878,12040,9800,8182,6826,5655,4415,3575,2845,2119,1631,1225,793,526,308,121,67,21,29,30,36,23,34,15,0,8,0,0,0,0,0,0,0,g
40,41,45,64,64,88,97,107,130,154,178,186,197,227,252,287,350,416,510,664,797,952,1118,1270,1435,1623,1899,2146,2413,2769,3075,3402,3844,4223,4625,5152,5580,5996,6387,6843,7182,7519,7979,8396,8858,9494,10008,10547,11205,11745,12249,12742,13329,13780,14200,14698,15066,15419,15826,16126,16385,16619,16871,17026,17188,17338,17460,17601,17799,17982,18187,18465,18710,18989,19266,19644,19976,20322,20775,21159,21539,22021,22420,22832,23353,23796,24232,24679,25221,25661,26127,26695,27149,27576,28132,28573,29024,29577,30036,30477,30898,31420,31831,32232,32720,33089,33451,33901,34245,34586,34912,35308,35607,35881,36209,36465,36710,36995,37207,37420,37659,37848,38001,38144,38293,38407,38514,38616,38676,38730,38791,38791,38785,38778,38740,38706,38656,38572,38505,38402,38257,38115,37957,37758,37557,37315,36996,36719,36380,36007,35479,34972,34409,33596,32848,32019,30872,29857,28747,27257,25947,24536,23033,21051,19370,17639,15390,13553,11711,9473,7918,6592,5464,4265,3444,2736,2011,1538,1125,710,448,248,80,11,0,0,0,0,0,0,0,0,0,0,0,0,0,0,0,0,g
42,57,70,83,103,105,110,121,150,168,196,222,229,273,294,327,393,461,531,671,823,981,1212,1380,1555,1754,2050,2307,2586,2956,3271,3597,4044,4455,4878,5423,5848,6270,6666,7129,7472,7809,8279,8698,9140,9751,10282,10826,11496,12007,12495,12966,13540,13971,14389,14876,15241,15585,15988,16281,16537,16756,16964,17095,17208,17341,17445,17558,17724,17874,18044,18287,18512,18755,19021,19391,19732,20092,20557,20936,21315,21800,22188,22614,23127,23553,23997,24449,25005,25450,25893,26469,26892,27349,27893,28325,28781,29339,29773,30215,30676,31192,31596,31998,32505,32876,33246,33707,34047,34409,34743,35140,35443,35735,36068,36322,36609,36881,37089,37296,37528,37708,37880,38026,38201,38311,38424,38527,38596,38669,38728,38737,38757,38747,38724,38688,38638,38544,38462,38359,38210,38072,37921,37700,37492,37263,36940,36645,36310,35937,35396,34904,34357,33607,32898,32102,30975,29987,28883,27722,26120,24747,23249,21273,19602,17864,15637,13783,11922,9631,8059,6718,5556,4340,3501,2801,2051,1573,1154,740,466,257,82,29,0,0,0,0,0,0,0,0,0,0,0,0,0,0,0,0,g
59,59,51,64,60,70,78,88,109,143,170,199,239,291,339,390,483,545,630,776,913,1082,1323,1537,1766,1985,2290,2530,2798,3169,3462,3773,4193,4576,4990,5556,6007,6435,6831,7291,7646,8000,8473,8890,9346,9970,10508,11059,11741,12257,12732,13172,13699,14100,14499,14973,15314,15667,16026,16312,16532,16724,16921,17044,17164,17310,17440,17589,17790,17972,18147,18432,18661,18920,19196,19600,19933,20286,20752,21131,21513,21994,22379,22783,23313,23759,24215,24655,25216,25651,26098,26650,27098,27543,28098,28543,29026,29568,30018,30453,30890,31429,31841,32243,32725,33124,33483,33933,34283,34626,34947,35342,35646,35935,36278,36534,36785,37079,37298,37504,37736,37906,38073,38223,38387,38508,38612,38712,38775,38834,38882,38915,38942,38935,38904,38873,38830,38745,38668,38570,38409,38267,38125,37902,37745,37508,37189,36892,36555,36187,35642,35147,34589,33785,33053,32233,31090,30078,28987,27490,26185,24780,23289,21305,19632,17897,15640,13790,11945,9723,8119,6775,5615,4403,3560,2829,2079,1610,1194,765,499,296,121,45,25,27,7,0,0,0,0,0,0,0,0,0,0,0,0,0,g
119,134,147,165,176,178,191,197,197,213,200,183,194,206,193,198,184,175,190,208,230,267,316,387,469,583,771,944,1127,1388,1636,1923,2327,2664,2998,3406,3747,4125,4538,5100,5557,6014,6572,7003,7423,7940,8380,8825,9444,9986,10540,11139,11863,12408,12939,13556,14004,14433,14938,15332,15681,16030,16436,16738,17019,17313,17517,17687,17913,18073,18249,18503,18716,18956,19202,19539,19814,20118,20490,20809,21162,21631,22019,22404,22890,23280,23680,24078,24583,24998,25457,26009,26479,26922,27496,27966,28392,28931,29382,29824,30296,30858,31294,31720,32244,32643,33038,33507,33872,34223,34565,34990,35313,35622,35976,36241,36483,36776,37004,37225,37485,37678,37853,38023,38217,38348,38460,38576,38660,38744,38815,38880,38911,38937,38912,38872,38840,38769,38703,38615,38492,38382,38251,38031,37832,37596,37263,36964,36628,36253,35715,35235,34685,33889,33132,32285,31118,30077,28955,27424,26103,24667,23142,21125,19405,17630,15326,13439,11533,9269,7742,6449,5340,4153,3341,2636,1933,1457,1067,662,407,211,53,5,0,0,0,0,0,0,0,0,0,0,0,0,0,0,0,0,f
68,81,82,106,122,131,151,153,152,159,167,156,158,169,187,223,302,385,476,588,673,763,898,1035,1199,1388,1659,1908,2184,2564,2889,3252,3694,4080,4491,5031,5469,5892,6379,6834,7226,7577,8031,8429,8854,9418,9896,10419,11102,11614,12109,12649,13239,13681,14111,14593,14957,15322,15730,16031,16315,16588,16837,16991,17121,17273,17395,17531,17712,17878,18063,18351,18561,18838,19090,19436,19747,20090,20519,20890,21258,21729,22119,22514,23017,23445,23872,24304,24847,25287,25726,26281,26714,27146,27687,28123,28567,29128,29576,30024,30460,31000,31423,31828,32326,32712,33087,33547,33938,34307,34663,35048,35340,35644,35982,36227,36481,36786,37042,37252,37461,37656,37792,37966,38110,38234,38314,38414,38498,38565,38615,38629,38635,38614,38586,38556,38508,38428,38360,38267,38132,37998,37841,37614,37406,37185,36869,36581,36276,35897,35368,34878,34312,33501,32783,31952,30800,29790,28711,27206,25894,24497,22988,21007,19345,17593,15335,13489,11629,9370,7835,6523,5390,4192,3376,2675,1956,1494,1093,675,410,219,54,0,0,0,7,23,10,28,6,11,0,31,21,0,12,31,32,31,b
171,186,201,224,239,246,268,280,291,314,347,359,380,434,461,527,577,639,691,787,885,995,1169,1329,1549,1747,2083,2344,2636,3043,3378,3694,4114,4490,4887,5427,5874,6299,6732,7241,7650,8033,8513,8929,9382,10002,10529,11067,11734,12257,12763,13244,13811,14226,14613,15059,15395,15725,16109,16385,16626,16858,17101,17275,17446,17689,17849,18053,18311,18530,18782,19106,19399,19653,19951,20329,20654,21001,21446,21808,22165,22607,22967,23318,23792,24184,24560,24927,25427,25816,26218,26713,27108,27501,27990,28402,28814,29329,29744,30149,30553,31070,31483,31849,32303,32678,33038,33479,33825,34151,34454,34844,35106,35376,35706,35957,36175,36440,36637,36824,37028,37172,37302,37422,37563,37660,37747,37843,37900,37945,37975,37986,37985,37959,37934,37894,37846,37782,37713,37632,37494,37367,37222,36990,36792,36565,36257,35970,35657,35297,34779,34293,33746,32979,32259,31467,30362,29373,28303,26851,25607,24241,22784,20847,19219,17519,15309,13489,11648,9397,7862,6551,5418,4224,3405,2698,1985,1551,1133,712,453,256,101,30,15,12,3,0,0,0,0,0,0,0,0,0,0,0,0,0,g
230,239,254,269,281,291,300,314,330,353,375,399,431,475,517,571,636,703,788,921,1048,1208,1446,1654,1906,2154,2490,2800,3103,3519,3826,4174,4639,5051,5475,6025,6448,6874,7278,7741,8122,8506,8997,9440,9925,10568,11100,11629,12278,12775,13264,13713,14231,14614,14983,15403,15723,16022,16362,16586,16783,16911,17064,17130,17205,17325,17428,17558,17758,17961,18147,18413,18654,18913,19193,19589,19938,20293,20750,21121,21491,21969,22352,22742,23244,23661,24083,24511,25039,25471,25894,26416,26845,27278,27825,28262,28707,29275,29732,30165,30614,31153,31568,31958,32441,32824,33217,33672,34019,34349,34674,35050,35351,35620,35964,36212,36440,36717,36924,37114,37326,37482,37631,37765,37926,38034,38141,38235,38305,38353,38386,38400,38412,38401,38382,38355,38306,38248,38179,38089,37936,37796,37651,37420,37222,36992,36685,36409,36073,35689,35143,34647,34088,33271,32537,31711,30557,29543,28445,26949,25647,24247,22748,20771,19101,17367,15117,13277,11439,9213,7701,6409,5290,4110,3308,2636,1939,1491,1108,708,441,259,108,42,34,27,22,37,16,4,1,0,0,0,0,0,0,0,0,0,g
37,41,41,48,73,76,98,112,132,167,179,208,237,267,282,319,396,445,556,708,858,1016,1222,1407,1601,1819,2120,2384,2667,3031,3339,3658,4093,4466,4860,5376,5795,6216,6618,7101,7480,7852,8316,8744,9181,9794,10315,10839,11476,12004,12499,12986,13553,13985,14401,14882,15224,15539,15932,16206,16457,16671,16889,17028,17139,17268,17368,17483,17644,17789,17954,18215,18432,18669,18925,19279,19591,19922,20363,20735,21130,21612,22019,22429,22954,23401,23853,24306,24901,25354,25810,26383,26845,27291,27898,28337,28789,29354,29804,30256,30704,31247,31669,32078,32586,32975,33356,33821,34185,34531,34871,35268,35573,35863,36200,36456,36704,37011,37235,37447,37681,37843,37992,38125,38291,38406,38508,38616,38685,38749,38804,38825,38825,38815,38776,38730,38689,38603,38526,38413,38272,38157,37992,37760,37561,37331,37017,36720,36390,36015,35474,34979,34417,33610,32881,32053,30909,29894,28813,27323,26033,24641,23145,21185,19515,17806,15556,13716,11897,9678,8079,6749,5594,4358,3529,2802,2058,1574,1163,740,471,263,94,17,0,0,0,0,0,0,0,0,0,0,0,0,0,0,0,0,g
65,87,120,145,137,149,150,149,160,172,191,222,249,299,322,339,389,454,525,658,796,951,1172,1364,1567,1782,2080,2356,2642,3008,3314,3634,4074,4463,4873,5408,5838,6254,6658,7134,7510,7882,8332,8732,9172,9801,10364,10888,11577,12091,12590,13075,13663,14104,14532,15033,15401,15753,16158,16451,16708,16924,17144,17286,17415,17570,17696,17834,18026,18198,18388,18648,18881,19133,19410,19797,20145,20507,20974,21339,21758,22212,22607,22994,23502,23911,24340,24771,25297,25733,26184,26709,27155,27580,28096,28518,28952,29477,29907,30332,30748,31286,31685,32071,32556,32915,33267,33703,34034,34358,34674,35060,35354,35634,35976,36245,36468,36740,36959,37173,37386,37541,37701,37840,38008,38109,38213,38312,38396,38450,38484,38493,38498,38473,38446,38412,38365,38279,38191,38094,37948,37816,37666,37451,37258,37034,36719,36433,36110,35736,35203,34713,34163,33400,32684,31884,30760,29762,28692,27223,25947,24570,23092,21148,19519,17813,15597,13789,11965,9741,8134,6793,5619,4386,3550,2833,2098,1614,1200,766,507,295,122,42,6,22,5,0,0,0,0,0,0,0,0,0,0,0,0,0,g
88,84,86,92,102,104,119,120,135,160,189,221,241,294,308,334,398,470,569,745,905,1069,1304,1493,1710,1931,2236,2502,2791,3170,3485,3836,4323,4741,5179,5740,6171,6562,6920,7365,7697,8054,8548,8984,9463,10134,10663,11207,11865,12368,12857,13317,13881,14318,14735,15229,15602,15950,16356,16641,16892,17109,17335,17491,17649,17853,18024,18217,18466,18688,18926,19224,19534,19797,20099,20492,20849,21198,21665,22032,22391,22860,23228,23616,24115,24536,24953,25368,25881,26295,26710,27225,27661,28072,28606,29029,29450,29983,30442,30847,31254,31759,32139,32517,32981,33340,33700,34124,34453,34760,35066,35430,35715,35972,36271,36527,36738,37011,37199,37372,37562,37704,37840,37987,38102,38195,38277,38354,38405,38438,38459,38458,38453,38429,38400,38360,38304,38215,38114,38014,37866,37728,37571,37348,37157,36947,36647,36356,36009,35650,35104,34609,34048,33265,32524,31716,30588,29583,28498,27023,25732,24355,22865,20920,19272,17555,15340,13539,11754,9608,8024,6681,5529,4315,3487,2778,2040,1564,1165,749,486,282,112,63,34,28,13,2,8,0,11,0,0,0,0,0,0,0,0,0,g
76,74,78,100,101,114,121,144,145,164,192,210,226,254,269,292,333,387,442,544,657,803,1007,1194,1380,1565,1823,2050,2308,2659,2960,3265,3689,4032,4418,4952,5411,5865,6272,6746,7082,7428,7845,8206,8603,9156,9642,10178,10854,11382,11901,12389,12966,13410,13840,14355,14746,15114,15543,15854,16133,16373,16604,16745,16858,16980,17087,17199,17361,17527,17699,17943,18162,18381,18633,18964,19287,19606,20040,20399,20791,21252,21647,22044,22575,22991,23422,23878,24443,24887,25340,25932,26386,26817,27371,27809,28267,28837,29308,29739,30180,30733,31165,31586,32107,32504,32884,33348,33720,34103,34447,34870,35188,35503,35858,36144,36405,36703,36949,37163,37406,37602,37771,37929,38100,38226,38342,38452,38532,38601,38660,38685,38703,38702,38696,38673,38635,38572,38504,38418,38281,38152,38004,37794,37602,37381,37076,36811,36489,36092,35554,35043,34473,33659,32895,32066,30900,29874,28748,27236,25896,24451,22920,20892,19171,17401,15098,13220,11370,9125,7622,6341,5225,4051,3261,2580,1887,1430,1029,629,382,196,51,0,0,0,0,0,0,0,0,0,0,0,0,0,0,0,0,0,g
48,60,69,91,102,101,107,113,124,143,175,188,226,237,269,301,360,432,533,715,882,1030,1229,1403,1602,1817,2125,2384,2657,3026,3341,3671,4120,4507,4916,5446,5869,6269,6648,7088,7424,7761,8224,8649,9124,9770,10313,10881,11572,12128,12669,13201,13806,14284,14712,15228,15642,16013,16489,16804,17093,17351,17635,17804,17956,18128,18282,18442,18642,18827,19020,19305,19537,19771,20043,20377,20668,20976,21385,21730,22089,22517,22876,23262,23745,24138,24539,24955,25455,25884,26296,26806,27224,27655,28206,28631,29059,29630,30062,30498,30918,31438,31855,32277,32761,33144,33522,33976,34329,34677,35007,35397,35689,35974,36313,36568,36813,37113,37331,37532,37762,37928,38086,38225,38403,38524,38622,38729,38810,38844,38896,38916,38921,38906,38888,38842,38781,38729,38663,38544,38405,38254,38092,37868,37674,37433,37118,36811,36472,36085,35543,35041,34464,33650,32910,32075,30915,29905,28802,27616,25991,24586,23090,21124,19441,17702,15458,13607,11764,9549,7980,6647,5510,4287,3469,2763,2035,1565,1157,728,468,259,94,22,0,0,0,0,0,0,0,0,0,0,0,0,0,0,0,0,g
273,291,304,320,318,317,323,327,337,328,359,362,405,429,478,510,572,641,729,871,1013,1177,1413,1630,1898,2171,2564,2882,3204,3612,3954,4308,4795,5218,5650,6222,6630,7039,7412,7865,8224,8616,9155,9631,10163,10842,11393,11946,12623,13161,13640,14086,14607,15001,15382,15850,16203,16543,16932,17207,17444,17642,17856,18019,18178,18408,18608,18820,19103,19342,19584,19897,20192,20471,20762,21156,21489,21816,22269,22601,22928,23347,23700,24067,24538,24933,25331,25716,26206,26610,27007,27511,27924,28335,28862,29292,29750,30288,30713,31154,31559,32060,32452,32846,33303,33669,34027,34455,34792,35108,35403,35752,36025,36300,36613,36845,37079,37347,37527,37732,37932,38080,38233,38349,38491,38586,38676,38759,38818,38852,38883,38894,38894,38881,38853,38818,38766,38669,38586,38481,38318,38179,38027,37810,37614,37390,37071,36774,36450,36083,35551,35069,34510,33722,32980,32179,31030,30023,28935,27447,26151,24792,23299,21344,19688,17951,15705,13881,12036,9760,8177,6815,5643,4412,3569,2840,2091,1609,1187,769,498,286,104,29,1,0,0,0,0,0,0,0,0,0,0,0,0,0,0,0,g
74,85,84,88,98,109,127,149,160,174,191,208,226,262,285,311,366,429,524,698,836,1006,1222,1413,1610,1824,2125,2397,2677,3052,3363,3683,4130,4522,4947,5499,5933,6344,6728,7177,7524,7868,8333,8752,9218,9860,10396,10940,11613,12133,12644,13136,13733,14187,14611,15141,15520,15881,16290,16594,16845,17053,17268,17405,17527,17705,17828,17971,18161,18324,18512,18778,18994,19233,19499,19864,20184,20520,20962,21322,21684,22156,22553,22960,23473,23892,24319,24752,25297,25725,26169,26706,27152,27581,28133,28593,29022,29573,30026,30463,30909,31452,31859,32264,32769,33143,33527,33977,34334,34680,35004,35402,35713,36010,36350,36609,36860,37160,37381,37583,37818,37996,38159,38305,38474,38590,38698,38813,38903,38963,39018,39033,39049,39046,39030,38978,38930,38838,38774,38660,38517,38366,38208,37966,37753,37518,37183,36891,36540,36156,35614,35108,34537,33714,32973,32141,30990,29970,28880,27375,26065,24660,23152,21170,19487,17739,15477,13630,11804,9564,7983,6659,5510,4288,3462,2746,2024,1545,1137,723,458,276,96,28,1,0,0,0,0,0,0,0,0,0,0,0,0,0,0,0,g
82,90,109,115,140,162,177,192,188,214,216,232,255,261,276,293,340,386,463,592,735,877,1068,1231,1408,1615,1891,2147,2413,2775,3079,3418,3858,4245,4656,5182,5615,6038,6458,6953,7293,7644,8087,8478,8912,9539,10073,10618,11304,11840,12373,12892,13512,13983,14432,14967,15371,15754,16207,16544,16843,17107,17382,17555,17686,17833,17939,18055,18222,18381,18551,18798,18999,19236,19480,19826,20132,20496,20929,21301,21684,22180,22568,22985,23507,23948,24367,24796,25367,25802,26232,26778,27197,27623,28156,28587,29011,29544,29981,30409,30829,31352,31760,32157,32639,33013,33380,33831,34182,34518,34842,35250,35557,35843,36198,36464,36703,36995,37221,37420,37669,37836,38001,38160,38327,38445,38545,38659,38732,38793,38835,38857,38871,38860,38836,38798,38756,38681,38600,38507,38361,38229,38082,37862,37660,37460,37156,36864,36558,36182,35642,35167,34594,33797,33063,32251,31107,30086,29011,27512,26201,24803,23317,21323,19643,17900,15627,13771,11909,9643,8060,6712,5553,4323,3496,2776,2035,1557,1142,717,455,250,82,12,0,0,0,0,0,0,0,0,0,0,3,0,0,0,3,11,g
134,132,158,152,167,176,200,214,238,268,301,332,374,429,494,574,721,854,1026,1269,1482,1705,1996,2244,2510,2788,3144,3448,3761,4194,4579,5001,5554,5999,6417,6910,7266,7617,7979,8443,8868,9324,9941,10479,11028,11721,12261,12775,13375,13840,14292,14737,15273,15681,16068,16524,16862,17168,17500,17728,17924,18101,18351,18531,18716,18968,19163,19362,19625,19858,20120,20456,20755,21065,21386,21825,22169,22522,22975,23327,23697,24180,24582,24973,25475,25904,26287,26682,27180,27570,27956,28452,28856,29259,29759,30163,30565,31066,31452,31838,32226,32679,33050,33429,33854,34169,34498,34878,35194,35480,35768,36098,36344,36589,36875,37079,37312,37536,37698,37851,38031,38170,38303,38411,38524,38597,38666,38731,38757,38779,38798,38794,38775,38742,38702,38645,38572,38459,38364,38275,38125,37980,37809,37565,37366,37116,36775,36481,36124,35747,35206,34743,34190,33400,32659,31869,30739,29765,28679,27204,25935,24567,23118,21186,19557,17860,15664,13872,12072,9901,8288,6905,5717,4468,3626,2896,2141,1645,1234,802,536,330,161,69,53,43,45,38,28,15,11,10,0,0,0,0,0,0,0,0,f
78,86,93,99,107,114,120,127,141,154,170,189,206,229,252,284,346,423,530,697,843,1026,1257,1444,1648,1837,2130,2411,2678,3040,3372,3742,4195,4606,5035,5565,5986,6375,6747,7228,7572,7919,8387,8789,9263,9883,10411,10935,11585,12098,12629,13114,13715,14167,14594,15100,15488,15859,16318,16641,16960,17230,17525,17730,17867,18065,18211,18357,18562,18759,18946,19194,19428,19682,19960,20323,20627,20931,21348,21694,22037,22480,22845,23217,23700,24092,24495,24900,25402,25806,26209,26712,27119,27526,28044,28466,28891,29448,29901,30331,30778,31344,31756,32133,32608,32975,33402,33866,34241,34598,34958,35382,35685,35990,36364,36611,36904,37183,37395,37630,37865,38027,38187,38330,38488,38602,38699,38805,38897,38940,38982,39003,39006,38996,38977,38934,38884,38806,38723,38625,38485,38369,38224,37997,37817,37593,37269,36973,36636,36259,35724,35227,34671,33878,33142,32319,31168,30165,29069,27574,26271,24876,23387,21411,19738,17992,15739,13888,12033,9778,8167,6806,5629,4390,3581,2876,2138,1659,1248,805,522,327,158,80,35,46,46,66,58,68,44,57,48,47,53,30,10,4,6,0,b
79,99,116,148,176,172,193,222,238,287,302,324,378,418,491,562,678,815,987,1213,1413,1623,1900,2132,2384,2655,3011,3314,3631,4053,4428,4840,5385,5820,6238,6720,7087,7434,7783,8236,8627,9068,9671,10201,10751,11461,11999,12520,13119,13605,14059,14510,15045,15465,15880,16346,16697,17033,17402,17662,17889,18096,18331,18516,18697,18933,19127,19326,19588,19806,20048,20370,20641,20933,21235,21626,21954,22292,22710,23037,23363,23817,24181,24563,25021,25417,25796,26176,26669,27055,27464,27940,28335,28757,29259,29664,30066,30560,30954,31346,31748,32212,32568,32931,33374,33697,34025,34432,34733,35032,35320,35668,35934,36178,36468,36676,36898,37138,37316,37491,37681,37843,37965,38093,38220,38294,38394,38468,38499,38528,38533,38542,38534,38495,38449,38395,38329,38220,38116,37997,37844,37703,37534,37306,37098,36867,36529,36225,35891,35521,34995,34510,33972,33234,32549,31769,30660,29681,28611,27179,25938,24598,23166,21263,19629,17976,15774,13976,12145,9921,8298,6929,5752,4498,3648,2927,2160,1664,1241,801,517,309,117,45,10,8,0,0,0,0,0,0,0,0,0,0,0,0,0,0,g
95,96,100,106,112,118,120,128,136,159,167,185,208,244,267,291,346,405,500,656,821,1002,1261,1457,1662,1889,2197,2460,2734,3115,3453,3765,4201,4587,5009,5567,6005,6401,6773,7219,7566,7911,8375,8787,9255,9891,10435,10987,11674,12201,12712,13197,13778,14220,14644,15141,15519,15881,16315,16619,16874,17088,17307,17456,17574,17720,17834,17967,18154,18306,18507,18770,18992,19240,19519,19912,20242,20597,21037,21396,21761,22223,22601,22988,23496,23921,24349,24771,25315,25747,26156,26679,27090,27498,28027,28446,28882,29433,29851,30272,30689,31206,31610,31998,32490,32881,33231,33694,34038,34381,34719,35104,35410,35705,36031,36288,36527,36807,37025,37226,37442,37604,37761,37906,38069,38181,38279,38382,38445,38495,38532,38552,38556,38540,38538,38513,38469,38387,38309,38199,38055,37911,37758,37539,37353,37129,36817,36527,36198,35810,35267,34753,34221,33385,32630,31827,30651,29626,28526,27019,25716,24307,22812,20829,19164,17443,15189,13362,11541,9336,7793,6490,5375,4179,3369,2681,1967,1522,1116,725,460,283,111,47,33,17,30,24,14,4,0,0,0,0,0,0,0,0,0,0,g
278,285,288,292,294,303,312,322,340,376,418,466,518,586,660,748,892,1048,1226,1470,1712,1952,2305,2613,2936,3263,3670,4012,4368,4844,5261,5690,6222,6635,7034,7503,7865,8241,8616,9132,9599,10099,10755,11291,11828,12490,13000,13477,14035,14473,14868,15260,15722,16097,16444,16839,17119,17369,17616,17776,17915,18059,18259,18431,18608,18842,19029,19232,19506,19735,19988,20328,20620,20932,21256,21672,22008,22340,22754,23104,23464,23933,24318,24708,25205,25605,26019,26432,26945,27358,27785,28293,28724,29143,29672,30072,30493,31019,31400,31790,32159,32619,32995,33338,33751,34111,34428,34786,35071,35342,35602,35917,36161,36388,36648,36851,37032,37241,37401,37547,37706,37842,37961,38069,38191,38256,38321,38364,38394,38417,38451,38462,38450,38414,38370,38308,38230,38131,38027,37917,37746,37604,37456,37215,37005,36767,36431,36129,35792,35408,34885,34402,33845,33059,32341,31541,30418,29434,28378,26944,25700,24363,22945,21062,19468,17806,15652,13865,12085,9940,8311,6935,5767,4512,3674,2947,2198,1691,1267,845,564,349,161,74,20,4,15,0,0,0,0,0,0,0,0,0,0,0,0,0,b
91,87,90,91,108,121,124,124,145,166,188,220,245,310,380,464,589,701,863,1039,1202,1397,1661,1899,2164,2451,2827,3151,3488,3942,4337,4756,5307,5747,6172,6670,7042,7398,7750,8208,8606,9064,9689,10217,10777,11472,11967,12481,13087,13527,13950,14343,14870,15210,15596,15995,16340,16612,16941,17152,17353,17526,17705,17837,17983,18192,18383,18558,18809,19026,19267,19585,19860,20158,20488,20874,21206,21548,22004,22362,22734,23238,23633,24058,24558,24958,25360,25781,26293,26703,27115,27647,28079,28502,29045,29468,29884,30417,30818,31208,31603,32082,32461,32832,33290,33641,33980,34379,34695,34992,35287,35637,35898,36157,36461,36690,36908,37153,37367,37553,37759,37938,38058,38178,38292,38385,38491,38527,38542,38588,38571,38596,38589,38531,38489,38459,38380,38310,38178,38062,37899,37751,37589,37363,37155,36929,36598,36327,35979,35603,35086,34606,34043,33257,32531,31717,30597,29613,28557,27124,25880,24518,23093,21166,19565,17867,15685,13887,12116,9947,8339,6958,5773,4528,3686,2938,2171,1670,1252,815,538,323,133,40,0,0,0,0,0,0,0,0,0,0,0,0,0,0,1,11,g
48,55,87,90,101,114,140,150,177,215,232,263,292,333,389,468,607,745,898,1097,1262,1444,1698,1932,2191,2465,2828,3135,3458,3889,4259,4648,5149,5585,6006,6511,6919,7299,7642,8106,8490,8904,9477,9991,10504,11169,11706,12238,12855,13342,13826,14278,14815,15205,15576,16020,16361,16685,17056,17318,17556,17755,17973,18150,18316,18524,18704,18894,19168,19397,19645,19990,20280,20564,20891,21299,21642,22008,22424,22790,23135,23595,23960,24355,24835,25224,25602,25990,26472,26857,27238,27719,28101,28500,28995,29399,29806,30318,30722,31122,31512,31996,32376,32744,33199,33555,33908,34338,34664,34992,35306,35668,35960,36210,36505,36740,36958,37203,37385,37551,37762,37896,38037,38148,38298,38372,38449,38514,38557,38589,38599,38615,38596,38563,38556,38496,38424,38323,38226,38122,37962,37817,37674,37446,37249,37025,36700,36406,36075,35712,35169,34702,34150,33353,32637,31846,30722,29722,28654,27194,25932,24582,23126,21199,19579,17896,15690,13882,12071,9866,8239,6869,5696,4449,3609,2877,2121,1631,1215,786,509,295,112,26,0,0,0,0,0,0,1,0,0,0,0,0,0,0,0,0,g
51,81,96,120,130,142,158,168,163,170,178,178,187,220,279,350,450,552,638,734,830,937,1116,1293,1496,1718,2053,2336,2644,3055,3399,3751,4208,4605,5026,5566,5988,6388,6779,7248,7623,7999,8490,8915,9368,9992,10518,11076,11767,12323,12852,13364,13952,14405,14819,15347,15717,16108,16548,16865,17156,17394,17660,17823,17959,18131,18266,18432,18648,18854,19053,19333,19569,19813,20076,20427,20730,21052,21481,21832,22189,22638,23023,23391,23886,24284,24680,25095,25649,26044,26465,26982,27385,27805,28332,28763,29198,29742,30174,30610,31036,31562,31959,32350,32839,33220,33590,34048,34401,34742,35074,35456,35745,36021,36352,36621,36871,37165,37375,37558,37781,37933,38077,38238,38371,38474,38584,38681,38751,38828,38868,38859,38845,38812,38807,38763,38710,38614,38537,38435,38275,38123,37967,37743,37526,37303,36996,36705,36368,35992,35458,34962,34405,33600,32865,32072,30934,29913,28833,27361,26052,24671,23191,21227,19559,17822,15587,13749,11919,9686,8097,6748,5588,4358,3523,2805,2060,1572,1159,738,468,266,92,14,0,0,0,0,0,0,0,0,0,0,0,0,0,0,0,0,g
48,43,64,70,72,80,90,113,118,144,156,178,202,232,270,312,408,511,635,819,985,1138,1356,1549,1774,2027,2365,2653,2968,3363,3710,4080,4537,4928,5336,5847,6240,6611,6966,7384,7725,8081,8579,9029,9522,10169,10695,11223,11876,12391,12886,13361,13915,14329,14720,15184,15546,15894,16293,16569,16831,17049,17246,17385,17516,17667,17814,17982,18206,18425,18665,18978,19226,19516,19809,20197,20537,20884,21326,21696,22073,22563,22940,23332,23827,24248,24655,25073,25584,25999,26411,26914,27329,27732,28243,28651,29085,29613,30039,30460,30872,31379,31755,32142,32601,32965,33327,33758,34107,34432,34740,35117,35413,35669,35993,36238,36469,36756,36971,37167,37389,37547,37696,37836,37998,38105,38202,38306,38378,38428,38464,38480,38478,38479,38466,38436,38389,38321,38237,38134,37990,37838,37697,37456,37243,37021,36726,36431,36089,35734,35173,34679,34129,33341,32592,31772,30631,29628,28542,27066,25777,24388,22916,20963,19318,17609,15394,13574,11758,9555,7976,6648,5502,4292,3481,2766,2033,1569,1175,750,489,283,113,45,13,24,29,19,6,0,0,0,0,0,0,0,0,0,0,0,g
69,60,86,76,96,100,102,114,118,140,156,177,198,234,273,324,412,513,646,841,1011,1194,1431,1632,1844,2078,2412,2708,3003,3390,3720,4074,4551,4974,5406,5936,6319,6695,7053,7508,7851,8221,8721,9202,9694,10377,10905,11430,12062,12553,13026,13481,14022,14432,14823,15284,15625,15965,16353,16621,16853,17044,17255,17407,17556,17745,17930,18086,18324,18514,18722,19018,19280,19551,19829,20228,20583,20917,21353,21710,22075,22523,22906,23284,23780,24193,24606,25015,25543,25965,26385,26910,27338,27772,28314,28748,29184,29736,30171,30604,31023,31540,31944,32358,32853,33225,33597,34027,34370,34703,35008,35388,35674,35957,36263,36501,36726,36997,37201,37378,37592,37738,37894,38027,38162,38286,38368,38451,38505,38539,38573,38583,38573,38558,38525,38482,38433,38340,38252,38146,37981,37837,37680,37458,37255,37039,36703,36408,36086,35731,35184,34703,34132,33337,32634,31824,30693,29686,28604,27127,25845,24468,22999,21046,19399,17685,15464,13655,11845,9644,8050,6710,5557,4336,3508,2793,2055,1577,1167,740,494,300,142,57,26,24,35,29,9,11,2,0,3,0,0,0,0,0,0,0,g
13,16,18,25,50,70,100,112,145,156,166,191,204,206,221,266,299,352,425,547,672,801,979,1115,1259,1431,1674,1899,2153,2496,2785,3099,3530,3890,4276,4777,5212,5621,6029,6517,6878,7224,7641,7989,8382,8923,9411,9936,10589,11111,11628,12120,12741,13199,13640,14148,14531,14880,15322,15641,15911,16162,16422,16581,16708,16831,16923,17015,17156,17287,17442,17664,17861,18075,18306,18629,18906,19199,19595,19939,20293,20767,21149,21513,21998,22413,22814,23251,23782,24218,24647,25223,25667,26127,26662,27111,27552,28129,28576,29044,29499,30063,30531,30960,31487,31895,32291,32782,33167,33564,33919,34380,34726,35051,35437,35721,36001,36328,36578,36814,37104,37317,37507,37663,37852,37991,38141,38276,38390,38450,38527,38560,38587,38588,38573,38562,38514,38448,38372,38281,38150,38018,37864,37636,37436,37212,36888,36595,36263,35890,35347,34843,34276,33463,32718,31878,30710,29702,28604,27094,25794,24356,22842,20838,19141,17395,15123,13258,11399,9165,7668,6393,5280,4094,3295,2604,1914,1455,1055,645,397,212,65,9,0,0,0,0,0,0,0,0,0,0,0,0,0,0,0,0,g
69,83,75,83,87,93,100,112,122,139,154,173,201,240,278,315,372,430,503,620,741,893,1114,1315,1546,1787,2088,2343,2612,2947,3250,3554,3976,4356,4756,5303,5765,6197,6602,7059,7398,7742,8187,8577,9011,9602,10114,10656,11327,11852,12347,12831,13350,13743,14132,14592,14957,15298,15680,15962,16204,16410,16613,16760,16874,17038,17187,17331,17542,17715,17890,18142,18362,18583,18854,19205,19508,19846,20273,20619,20957,21393,21732,22095,22566,22962,23364,23781,24310,24737,25168,25706,26143,26587,27144,27591,28047,28628,29090,29551,30004,30570,31023,31462,32000,32416,32791,33274,33627,33994,34343,34744,35099,35389,35753,36025,36297,36594,36833,37047,37284,37462,37623,37780,37957,38086,38205,38322,38394,38472,38519,38545,38556,38540,38535,38512,38472,38395,38321,38225,38081,37968,37808,37621,37428,37208,36882,36593,36254,35880,35347,34840,34282,33512,32778,31981,30834,29820,28718,27216,25918,24527,23036,21057,19395,17658,15416,13573,11703,9433,7883,6568,5434,4233,3412,2704,1982,1513,1124,715,462,257,93,30,25,43,44,22,4,0,0,0,0,0,0,0,0,0,0,0,g
53,46,44,44,42,49,59,69,80,89,102,111,120,136,152,169,202,237,291,396,517,652,815,929,1060,1206,1417,1633,1867,2195,2469,2783,3183,3537,3902,4375,4766,5196,5610,6126,6510,6868,7316,7643,8000,8509,8959,9462,10110,10638,11172,11727,12374,12875,13352,13910,14322,14710,15171,15523,15859,16156,16489,16722,16925,17103,17221,17329,17455,17575,17709,17893,18030,18209,18384,18651,18864,19101,19431,19725,20046,20468,20814,21175,21647,22039,22445,22865,23408,23852,24306,24876,25332,25801,26385,26844,27303,27894,28383,28869,29354,29940,30422,30867,31435,31859,32279,32782,33183,33566,33960,34431,34788,35119,35519,35818,36097,36445,36698,36934,37224,37434,37632,37807,38009,38148,38295,38425,38536,38638,38719,38766,38799,38812,38810,38808,38763,38697,38637,38575,38442,38326,38178,37978,37765,37532,37204,36931,36599,36221,35683,35172,34597,33780,33020,32170,30990,29946,28826,27305,25979,24551,23021,20998,19296,17521,15225,13345,11459,9200,7685,6395,5278,4098,3318,2633,1939,1472,1074,659,407,216,82,31,10,20,26,16,17,11,14,15,5,0,0,0,0,0,0,0,f
23,32,38,51,63,78,93,102,110,117,125,131,139,173,213,275,334,375,494,621,741,852,1042,1152,1305,1494,1764,2011,2274,2600,2922,3242,3712,4050,4408,4896,5305,5730,6135,6600,6953,7286,7718,8097,8513,9083,9574,10076,10732,11278,11803,12323,12947,13451,13888,14407,14804,15183,15633,15976,16294,16609,16925,17127,17297,17486,17619,17770,17957,18134,18322,18579,18801,19038,19291,19629,19916,20228,20646,21002,21367,21829,22206,22585,23076,23477,23889,24304,24827,25245,25677,26227,26676,27121,27620,28032,28462,28995,29416,29899,30297,30819,31256,31659,32162,32561,32907,33338,33685,34071,34385,34790,35083,35373,35723,35980,36214,36502,36717,36933,37173,37346,37509,37641,37787,37899,37996,38104,38172,38240,38286,38300,38304,38297,38278,38256,38220,38142,38065,37980,37842,37699,37557,37317,37106,36878,36558,36260,35930,35556,35008,34520,33959,33159,32425,31612,30473,29467,28377,27200,25594,24198,22709,20732,19065,17333,15107,13294,11471,9256,7726,6461,5339,4184,3382,2698,1996,1559,1146,793,504,315,138,109,78,76,78,55,38,23,9,3,0,0,0,0,0,0,0,0,g
52,65,71,74,76,89,83,90,92,107,117,129,146,183,213,243,265,297,355,458,573,713,898,1055,1217,1385,1622,1841,2083,2413,2696,2995,3385,3722,4086,4568,5001,5433,5853,6358,6731,7066,7510,7833,8189,8708,9185,9694,10366,10900,11436,11976,12617,13097,13572,14123,14530,14924,15390,15752,16086,16397,16732,16963,17171,17371,17506,17639,17817,17965,18121,18335,18524,18732,18942,19238,19483,19752,20135,20472,20795,21211,21564,21905,22377,22745,23135,23534,24040,24460,24877,25408,25831,26251,26775,27205,27629,28173,28612,29050,29488,30029,30462,30885,31398,31795,32187,32665,33036,33399,33754,34186,34528,34853,35234,35524,35788,36095,36353,36595,36868,37068,37233,37432,37615,37749,37880,38022,38117,38182,38238,38287,38313,38308,38290,38267,38219,38160,38087,38008,37871,37755,37606,37419,37206,36992,36661,36359,36026,35649,35111,34616,34079,33246,32501,31672,30505,29468,28383,26851,25537,24102,22612,20585,18895,17132,14859,12988,11124,8918,7450,6194,5109,3949,3159,2492,1811,1366,983,590,349,166,31,0,0,0,0,0,0,0,0,0,0,0,0,0,0,1,0,0,g
53,74,84,73,79,89,104,119,125,143,166,186,209,241,279,314,367,415,482,587,696,825,1030,1225,1440,1664,1950,2185,2432,2761,3058,3366,3788,4147,4538,5067,5522,5989,6406,6872,7205,7555,7970,8346,8775,9347,9849,10377,11030,11557,12079,12556,13079,13481,13861,14336,14728,15080,15485,15798,16054,16293,16521,16662,16774,16892,17014,17152,17341,17516,17707,17956,18182,18424,18715,19056,19361,19686,20117,20480,20834,21273,21634,21987,22484,22873,23268,23688,24206,24621,25050,25580,26011,26446,26997,27449,27902,28478,28944,29400,29851,30408,30849,31282,31812,32220,32618,33113,33507,33886,34252,34668,34998,35326,35692,35992,36269,36576,36824,37034,37304,37488,37676,37823,37990,38132,38267,38388,38455,38541,38569,38606,38612,38589,38581,38565,38531,38440,38372,38290,38119,37974,37810,37581,37378,37152,36809,36516,36193,35804,35261,34766,34195,33387,32650,31840,30698,29672,28562,27075,25760,24350,22870,20867,19187,17446,15181,13326,11462,9213,7699,6406,5291,4113,3303,2611,1911,1449,1054,647,390,195,42,0,0,2,9,14,30,16,8,8,0,0,0,4,9,0,12,0,g
60,68,69,76,75,81,89,95,103,120,133,153,176,202,223,251,286,322,379,485,604,748,960,1160,1377,1602,1883,2147,2393,2722,3017,3298,3692,4027,4412,4889,5313,5732,6136,6601,6957,7283,7683,8040,8428,8976,9470,9989,10664,11195,11737,12239,12829,13285,13720,14239,14650,15031,15471,15804,16120,16407,16724,16947,17143,17374,17550,17735,17967,18152,18354,18643,18853,19107,19362,19705,20004,20314,20733,21067,21402,21827,22165,22506,22955,23320,23693,24080,24569,24966,25367,25870,26275,26681,27204,27624,28053,28593,29026,29461,29919,30461,30893,31314,31835,32219,32597,33054,33406,33765,34107,34526,34854,35149,35504,35786,36019,36328,36543,36766,36995,37181,37352,37525,37688,37820,37933,38050,38133,38195,38267,38298,38325,38325,38298,38279,38244,38170,38094,38020,37893,37764,37624,37407,37216,36986,36704,36396,36074,35700,35152,34652,34098,33303,32560,31740,30583,29558,28453,26945,25639,24224,22714,20714,19034,17283,15017,13168,11321,9102,7607,6330,5221,4054,3254,2567,1869,1439,1068,670,417,244,88,41,35,30,23,35,16,14,3,5,0,0,0,0,0,0,0,0,g
66,86,87,89,110,129,138,147,163,186,195,226,233,267,285,309,368,439,549,699,835,974,1130,1281,1453,1655,1945,2216,2475,2843,3160,3491,3960,4341,4745,5257,5668,6075,6472,6931,7301,7646,8101,8511,8968,9595,10122,10656,11318,11847,12363,12859,13432,13855,14245,14697,15044,15372,15753,16029,16273,16486,16698,16840,16964,17109,17235,17376,17583,17794,18021,18322,18572,18839,19137,19508,19820,20141,20595,20939,21327,21816,22217,22624,23142,23540,23962,24369,24881,25306,25754,26299,26739,27170,27734,28167,28603,29134,29566,29997,30447,30973,31391,31800,32289,32669,33041,33486,33860,34189,34532,34937,35232,35546,35869,36145,36390,36671,36884,37103,37347,37514,37666,37819,37979,38087,38181,38283,38352,38418,38468,38490,38501,38498,38474,38436,38391,38318,38242,38150,38010,37877,37724,37503,37301,37087,36780,36493,36169,35788,35262,34747,34183,33356,32612,31779,30629,29607,28518,27013,25711,24306,22804,20805,19143,17386,15136,13290,11449,9245,7722,6431,5308,4121,3314,2623,1929,1474,1091,680,422,237,78,20,0,0,0,0,0,0,0,0,0,0,0,0,0,0,0,0,g
55,65,71,84,99,95,122,128,131,145,153,166,183,209,234,264,305,345,395,489,594,728,931,1113,1307,1501,1758,1982,2227,2595,2888,3196,3605,3971,4335,4856,5309,5765,6172,6658,7020,7370,7801,8156,8546,9118,9602,10136,10806,11338,11858,12348,12915,13351,13768,14277,14657,15012,15431,15753,16017,16254,16503,16657,16796,16947,17082,17222,17420,17594,17793,18047,18299,18540,18834,19168,19474,19799,20242,20593,20946,21400,21774,22125,22608,22985,23374,23785,24296,24715,25136,25665,26092,26524,27069,27513,27963,28534,28995,29442,29898,30457,30898,31328,31853,32270,32683,33179,33554,33916,34265,34680,34996,35312,35669,35932,36204,36522,36766,36981,37229,37399,37567,37726,37931,38063,38179,38293,38374,38437,38499,38525,38536,38528,38522,38494,38460,38392,38322,38223,38083,37956,37803,37590,37403,37180,36868,36584,36250,35897,35339,34840,34269,33468,32723,31901,30735,29717,28606,27077,25752,24334,22815,20806,19108,17350,15075,13212,11340,9107,7608,6327,5223,4050,3249,2565,1870,1416,1021,620,369,180,62,21,18,37,12,0,0,0,0,0,0,0,0,0,0,0,0,0,g
29,26,29,30,37,45,63,72,75,91,102,115,139,156,174,204,242,292,323,411,504,642,816,969,1120,1275,1499,1710,1934,2249,2523,2814,3201,3532,3885,4370,4785,5218,5648,6162,6551,6919,7358,7706,8073,8582,9040,9545,10202,10734,11275,11790,12412,12901,13346,13883,14299,14679,15128,15468,15764,16036,16353,16526,16693,16840,16946,17047,17195,17343,17507,17723,17916,18146,18388,18724,19011,19326,19770,20123,20496,20980,21364,21765,22256,22658,23083,23496,24029,24478,24893,25432,25883,26313,26860,27320,27760,28313,28755,29232,29678,30228,30673,31095,31630,32032,32434,32914,33292,33666,34020,34460,34802,35122,35496,35785,36061,36393,36639,36867,37139,37342,37520,37686,37875,38011,38147,38281,38389,38487,38555,38599,38614,38617,38603,38601,38544,38496,38430,38348,38218,38101,37950,37743,37533,37301,36980,36680,36357,36011,35466,34968,34399,33588,32845,32005,30831,29821,28696,27175,25862,24437,22924,20899,19196,17438,15170,13297,11420,9163,7661,6379,5268,4090,3278,2590,1912,1444,1051,668,410,216,81,21,3,0,0,0,0,0,0,0,0,0,0,0,0,0,0,0,g
75,69,69,92,96,118,119,120,142,167,183,210,235,281,322,396,461,525,588,695,788,923,1098,1279,1497,1738,2065,2313,2562,2877,3162,3446,3841,4212,4604,5124,5600,6061,6500,6999,7367,7696,8142,8541,8991,9591,10092,10626,11307,11862,12402,12899,13449,13846,14223,14690,15065,15432,15859,16173,16455,16697,16929,17058,17155,17262,17354,17472,17661,17821,17994,18202,18400,18611,18857,19192,19493,19813,20249,20605,20974,21442,21818,22174,22659,23049,23497,23918,24439,24890,25306,25835,26254,26677,27217,27654,28113,28666,29146,29592,30037,30578,31025,31446,31952,32355,32749,33241,33616,33993,34342,34749,35068,35355,35729,36012,36286,36608,36853,37087,37326,37496,37661,37812,37978,38100,38222,38355,38437,38505,38552,38576,38587,38580,38559,38532,38497,38427,38355,38267,38126,37985,37828,37618,37433,37219,36916,36633,36306,35927,35371,34865,34301,33481,32748,31902,30726,29700,28580,27077,25772,24352,22816,20788,19092,17323,15039,13175,11310,9083,7586,6313,5207,4038,3242,2559,1870,1426,1034,628,391,202,56,17,4,4,10,11,1,0,0,0,0,4,0,0,0,0,0,0,g
24,28,34,44,53,65,74,84,97,120,149,174,202,226,243,267,311,375,454,594,725,874,1089,1273,1477,1659,1949,2177,2429,2791,3078,3388,3805,4182,4567,5077,5504,5908,6296,6761,7114,7454,7911,8290,8711,9301,9822,10356,11026,11561,12075,12595,13186,13657,14074,14581,14965,15320,15738,16069,16343,16589,16840,16995,17125,17272,17383,17514,17693,17848,18024,18275,18497,18740,18996,19350,19663,19995,20439,20807,21183,21655,22037,22429,22937,23349,23788,24236,24797,25250,25684,26213,26680,27102,27639,28059,28498,29031,29478,29918,30345,30885,31318,31712,32199,32584,32978,33434,33817,34166,34503,34919,35251,35544,35898,36181,36433,36726,36952,37166,37412,37594,37754,37898,38070,38206,38329,38447,38514,38585,38634,38667,38666,38667,38657,38631,38573,38499,38424,38327,38181,38039,37891,37656,37450,37223,36903,36611,36279,35904,35367,34878,34326,33522,32796,31978,30833,29816,28714,27211,25899,24486,22973,20986,19304,17540,15250,13397,11530,9280,7755,6460,5336,4168,3349,2656,1950,1512,1103,688,433,245,83,27,7,1,15,0,0,0,0,0,0,0,0,0,0,0,0,0,g
42,44,44,61,65,74,95,106,128,147,170,186,242,276,290,319,373,423,487,613,739,888,1089,1273,1462,1656,1918,2149,2401,2751,3048,3352,3759,4119,4511,5054,5506,5941,6343,6801,7149,7493,7935,8338,8774,9380,9907,10460,11133,11654,12162,12632,13203,13633,14047,14559,14936,15271,15674,15970,16224,16449,16692,16837,16978,17164,17304,17483,17678,17858,18058,18321,18554,18799,19068,19425,19745,20078,20525,20879,21240,21691,22068,22456,22955,23351,23745,24156,24685,25111,25538,26086,26502,26911,27449,27875,28314,28851,29279,29716,30130,30659,31077,31481,31974,32355,32729,33187,33548,33887,34217,34625,34937,35230,35574,35849,36109,36412,36638,36857,37114,37304,37471,37627,37797,37916,38049,38168,38251,38311,38352,38386,38395,38393,38381,38350,38321,38241,38177,38088,37962,37830,37675,37470,37271,37053,36739,36460,36136,35767,35238,34745,34202,33405,32672,31858,30733,29720,28620,27126,25827,24438,22948,20967,19286,17545,15292,13476,11625,9375,7843,6532,5404,4205,3410,2697,1972,1503,1099,683,425,232,67,7,0,0,0,0,0,0,0,0,0,0,0,0,0,0,0,1,g
73,93,86,95,110,133,128,135,141,151,158,176,188,209,229,265,293,345,412,530,652,794,994,1163,1322,1496,1752,1975,2238,2590,2904,3206,3607,3964,4344,4863,5291,5714,6123,6599,6967,7308,7759,8122,8522,9077,9574,10098,10765,11287,11795,12290,12884,13344,13783,14298,14683,15039,15462,15780,16076,16342,16648,16866,17054,17272,17442,17605,17819,17997,18201,18483,18705,18962,19239,19582,19869,20195,20600,20965,21327,21812,22179,22544,23034,23431,23841,24268,24800,25234,25675,26225,26667,27116,27675,28116,28555,29108,29561,30007,30446,30988,31410,31834,32372,32745,33126,33608,33965,34299,34623,35019,35318,35624,35955,36222,36447,36753,36978,37181,37408,37576,37730,37874,38039,38146,38256,38371,38450,38507,38564,38592,38599,38594,38567,38541,38497,38427,38348,38264,38141,38014,37873,37650,37455,37215,36888,36623,36280,35896,35344,34851,34309,33525,32799,31985,30883,29852,28757,27261,25953,24551,23049,21075,19374,17619,15346,13478,11601,9332,7802,6491,5366,4183,3366,2665,1957,1484,1078,673,410,232,94,41,34,20,17,30,23,10,10,0,0,0,0,0,0,0,0,0,g
38,45,51,57,63,72,95,119,139,149,174,198,218,244,302,307,350,372,426,507,598,701,884,1046,1232,1396,1626,1831,2057,2376,2658,2955,3361,3685,4040,4554,4987,5428,5861,6371,6736,7083,7501,7848,8213,8732,9190,9690,10358,10914,11415,11932,12520,12955,13396,13911,14296,14660,15082,15401,15723,15971,16236,16410,16546,16705,16830,16960,17138,17293,17468,17708,17921,18152,18395,18716,19003,19310,19723,20074,20431,20883,21258,21640,22113,22510,22906,23308,23829,24258,24685,25233,25654,26099,26646,27100,27537,28119,28562,29002,29447,30006,30448,30883,31408,31830,32254,32738,33127,33496,33841,34290,34616,34950,35324,35609,35878,36206,36453,36680,36948,37138,37330,37499,37692,37815,37961,38097,38176,38247,38319,38348,38360,38375,38364,38334,38297,38236,38182,38084,37948,37812,37664,37451,37252,37026,36708,36422,36091,35717,35180,34682,34117,33302,32554,31717,30556,29526,28410,26911,25601,24181,22668,20658,18942,17184,14912,13068,11234,9047,7569,6308,5216,4051,3265,2578,1875,1436,1059,662,409,251,92,33,25,9,0,0,0,0,0,0,0,0,0,0,0,0,0,0,g
20,42,54,82,78,102,121,134,161,175,204,210,241,273,301,330,380,419,477,577,684,817,1025,1214,1414,1629,1902,2137,2388,2728,3019,3322,3728,4082,4476,5019,5476,5926,6366,6854,7226,7584,8013,8390,8818,9393,9904,10426,11105,11641,12144,12637,13173,13578,13961,14421,14776,15127,15512,15787,16026,16226,16415,16541,16641,16782,16896,17032,17208,17391,17550,17788,17999,18223,18474,18820,19123,19452,19901,20274,20641,21101,21480,21858,22363,22769,23182,23611,24169,24610,25061,25632,26087,26530,27096,27551,28008,28582,29049,29505,29953,30518,30958,31386,31912,32316,32716,33197,33570,33925,34276,34699,35022,35329,35704,35994,36271,36597,36824,37059,37288,37490,37657,37794,37974,38091,38224,38339,38426,38468,38529,38563,38558,38555,38556,38515,38464,38385,38305,38208,38064,37922,37766,37574,37361,37129,36805,36513,36174,35790,35236,34734,34184,33383,32658,31858,30750,29713,28613,27132,25819,24420,22926,20947,19285,17533,15270,13417,11552,9295,7780,6472,5351,4158,3341,2644,1935,1466,1065,652,391,201,45,0,0,0,0,0,0,0,0,0,0,0,0,0,0,0,0,0,g
28,42,50,39,52,53,68,77,88,111,123,141,163,197,227,255,294,334,392,486,590,718,906,1059,1223,1388,1617,1824,2062,2393,2678,2978,3371,3715,4088,4589,5010,5444,5881,6384,6776,7162,7603,7950,8326,8849,9328,9831,10467,10989,11490,11967,12577,13021,13471,13983,14359,14709,15124,15465,15743,15999,16283,16469,16634,16812,16963,17083,17275,17422,17596,17848,18073,18318,18573,18922,19218,19540,19968,20308,20665,21138,21504,21872,22355,22783,23169,23565,24083,24493,24899,25412,25830,26243,26773,27196,27621,28172,28616,29051,29475,30012,30432,30850,31353,31758,32156,32634,33004,33370,33724,34144,34464,34769,35148,35437,35705,36044,36281,36512,36778,36961,37143,37311,37476,37612,37735,37877,37979,38082,38123,38162,38188,38208,38191,38162,38112,38043,37960,37883,37744,37618,37472,37263,37052,36828,36511,36222,35894,35532,34984,34498,33941,33141,32414,31596,30476,29470,28365,26874,25576,24192,22718,20741,19069,17335,15080,13224,11371,9134,7645,6358,5248,4077,3278,2593,1899,1438,1042,637,383,191,41,0,0,0,0,0,0,0,0,0,0,0,0,11,0,0,0,0,g
26,69,65,80,87,83,101,101,129,138,144,171,192,234,266,296,335,374,422,495,565,652,793,942,1121,1327,1608,1838,2071,2373,2635,2911,3283,3597,3949,4437,4882,5332,5792,6346,6743,7104,7550,7908,8276,8807,9253,9756,10397,10947,11472,11992,12605,13055,13430,13891,14257,14608,15035,15354,15642,15902,16175,16346,16485,16610,16704,16809,16964,17113,17277,17498,17699,17913,18155,18481,18768,19079,19508,19870,20266,20720,21112,21475,21951,22354,22761,23181,23726,24161,24618,25159,25600,26034,26577,27010,27453,28008,28463,28913,29361,29916,30349,30770,31288,31692,32087,32563,32935,33302,33657,34097,34438,34754,35130,35413,35674,36018,36263,36481,36757,36952,37118,37280,37483,37614,37749,37866,37973,38032,38109,38131,38142,38134,38124,38100,38061,38008,37942,37857,37740,37601,37463,37234,37031,36814,36493,36205,35879,35512,34994,34523,33950,33135,32391,31565,30401,29376,28262,26779,25464,24074,22569,20571,18891,17139,14887,13035,11158,8937,7469,6213,5128,3973,3180,2509,1830,1379,990,594,346,163,21,0,0,0,0,0,0,0,0,0,0,0,0,0,0,0,0,0,g
58,59,64,69,74,86,92,99,111,128,146,172,201,243,275,309,364,415,487,603,728,877,1107,1332,1572,1822,2136,2382,2664,3003,3289,3581,3983,4324,4714,5244,5698,6130,6529,6982,7329,7681,8160,8541,8974,9576,10100,10643,11328,11856,12360,12829,13375,13801,14198,14685,15062,15402,15813,16104,16361,16587,16816,16986,17119,17301,17436,17571,17773,17961,18132,18346,18537,18748,19008,19325,19602,19916,20296,20621,20943,21352,21689,22039,22495,22875,23279,23696,24224,24654,25094,25645,26085,26535,27101,27559,28022,28609,29071,29531,29991,30562,31009,31445,31961,32372,32766,33227,33579,33925,34263,34667,34976,35292,35642,35915,36171,36484,36699,36915,37157,37327,37488,37640,37827,37945,38044,38161,38229,38287,38333,38351,38371,38372,38353,38320,38275,38195,38117,38027,37893,37746,37625,37386,37191,36966,36658,36352,36032,35648,35125,34640,34091,33331,32609,31809,30709,29704,28629,27463,25876,24501,23035,21074,19421,17700,15467,13631,11775,9507,7948,6619,5475,4272,3444,2730,2000,1548,1151,751,474,272,107,64,32,28,20,12,11,11,11,0,1,2,0,0,0,0,0,0,g
32,28,29,32,39,44,51,62,71,82,95,114,133,162,188,214,252,280,345,430,526,641,823,981,1172,1354,1597,1796,2009,2324,2618,2912,3299,3621,3969,4441,4854,5306,5729,6254,6630,6972,7393,7732,8094,8593,9067,9562,10220,10759,11293,11816,12435,12909,13349,13884,14294,14700,15143,15489,15788,16079,16386,16590,16752,16930,17060,17195,17363,17503,17661,17885,18075,18293,18520,18834,19104,19407,19813,20156,20506,20964,21325,21694,22166,22558,22956,23369,23893,24318,24748,25281,25710,26140,26701,27154,27603,28155,28605,29048,29496,30049,30485,30911,31430,31866,32241,32731,33088,33452,33802,34205,34533,34832,35203,35486,35748,36059,36299,36518,36773,36970,37138,37308,37492,37649,37763,37898,37987,38076,38141,38173,38194,38203,38200,38167,38129,38074,38018,37937,37787,37658,37518,37299,37108,36882,36559,36273,35939,35561,35027,34528,33971,33158,32416,31589,30435,29412,28307,26794,25481,24064,22545,20536,18842,17082,14802,12941,11073,8869,7422,6171,5106,3974,3184,2526,1852,1399,1010,620,378,216,78,41,34,38,34,9,0,0,0,0,0,0,0,0,0,0,0,0,g
27,32,33,51,54,66,71,73,83,98,141,143,183,204,228,255,287,327,364,443,538,622,784,944,1125,1319,1588,1803,2031,2346,2617,2905,3274,3582,3912,4370,4780,5218,5652,6163,6544,6900,7335,7692,8063,8572,9024,9538,10222,10781,11344,11873,12488,12937,13370,13870,14252,14607,15003,15292,15579,15824,16090,16254,16368,16498,16613,16722,16881,17017,17178,17395,17590,17809,18055,18395,18686,18989,19402,19751,20119,20573,20936,21323,21792,22177,22592,23015,23570,23998,24429,25006,25445,25891,26455,26929,27388,27996,28465,28938,29415,30010,30464,30914,31464,31894,32311,32824,33222,33606,33977,34426,34765,35095,35489,35782,36061,36402,36658,36891,37160,37360,37545,37721,37919,38070,38206,38339,38438,38507,38574,38624,38682,38678,38652,38635,38600,38538,38466,38388,38263,38130,37970,37763,37571,37376,37071,36766,36433,36060,35534,35044,34488,33684,32950,32128,30976,29961,28860,27355,26039,24627,23119,21113,19415,17668,15373,13528,11639,9358,7830,6521,5397,4195,3376,2677,1960,1496,1093,686,420,220,63,5,0,0,0,0,0,0,0,0,0,0,0,0,0,0,0,0,g
12,14,18,22,27,29,40,48,58,78,96,118,139,173,207,243,291,332,404,502,598,703,898,1065,1243,1453,1720,1947,2175,2505,2768,3068,3447,3784,4119,4630,5063,5518,5969,6476,6839,7175,7590,7948,8334,8874,9351,9876,10540,11087,11621,12133,12716,13143,13552,14040,14421,14788,15224,15531,15809,16058,16316,16461,16577,16687,16781,16895,17046,17184,17352,17569,17765,17978,18207,18545,18828,19142,19571,19930,20297,20765,21138,21512,21992,22389,22798,23219,23756,24190,24624,25173,25613,26052,26618,27074,27542,28140,28608,29059,29509,30083,30524,30947,31481,31893,32301,32801,33181,33545,33909,34352,34677,34980,35389,35657,35928,36260,36499,36720,36982,37170,37347,37512,37694,37825,37941,38079,38174,38240,38315,38352,38372,38373,38366,38336,38306,38267,38210,38134,37983,37852,37704,37480,37289,37061,36755,36474,36142,35778,35245,34752,34185,33378,32637,31809,30656,29636,28532,27028,25711,24287,22771,20756,19059,17286,15000,13133,11269,9046,7556,6293,5204,4052,3267,2583,1882,1426,1048,640,395,209,79,26,46,37,24,17,17,2,4,0,0,0,0,0,0,0,0,0,g
14,30,36,56,74,91,116,129,156,171,158,158,153,161,170,174,206,258,333,425,504,581,683,773,885,1020,1225,1423,1642,1955,2233,2542,2947,3285,3637,4099,4493,4910,5352,5904,6321,6723,7198,7581,7943,8441,8848,9316,9946,10481,11004,11535,12176,12666,13140,13686,14111,14506,14946,15283,15635,15934,16279,16520,16701,16891,16997,17090,17207,17306,17421,17582,17738,17911,18108,18371,18604,18856,19230,19540,19880,20301,20667,21032,21510,21903,22303,22696,23230,23646,24080,24631,25070,25517,26061,26508,26949,27509,27969,28431,28894,29478,29936,30388,30940,31369,31790,32299,32694,33085,33464,33931,34287,34625,35023,35339,35631,35990,36253,36481,36775,36997,37188,37364,37561,37692,37811,37959,38063,38157,38243,38293,38349,38359,38379,38340,38301,38234,38175,38124,37995,37874,37733,37515,37321,37095,36777,36485,36170,35792,35265,34772,34210,33399,32635,31803,30649,29619,28491,26972,25636,24234,22693,20652,18941,17172,14858,12988,11103,8898,7431,6175,5087,3940,3149,2478,1799,1351,968,577,332,156,24,0,0,0,0,0,0,0,0,0,0,0,0,0,0,0,0,0,g
24,35,43,49,62,69,84,98,108,126,161,194,230,281,314,335,397,438,497,613,712,848,1064,1246,1443,1637,1895,2117,2341,2700,2992,3291,3683,4030,4440,4970,5427,5870,6284,6777,7144,7515,7954,8331,8726,9285,9800,10316,10980,11510,11994,12472,13032,13455,13891,14381,14751,15121,15560,15887,16194,16459,16742,16959,17132,17373,17548,17738,17997,18199,18416,18711,18962,19221,19502,19871,20197,20538,20980,21349,21718,22174,22538,22906,23379,23765,24173,24590,25106,25524,25939,26461,26855,27278,27797,28217,28636,29166,29584,30026,30448,30956,31368,31776,32268,32685,33075,33523,33874,34224,34548,34943,35245,35544,35899,36168,36432,36738,36962,37172,37404,37572,37729,37882,38048,38168,38295,38404,38473,38537,38605,38625,38633,38619,38581,38556,38513,38425,38335,38239,38111,37968,37807,37582,37373,37145,36829,36534,36204,35838,35306,34823,34273,33482,32760,31948,30804,29796,28701,27216,25921,24522,23029,21061,19382,17654,15398,13554,11709,9439,7896,6569,5442,4251,3426,2717,2006,1527,1133,720,448,258,106,36,14,0,0,0,0,0,0,0,0,0,0,0,0,0,0,0,g
44,40,40,36,41,47,57,69,97,123,156,169,180,197,214,236,270,305,362,466,579,712,887,1028,1174,1330,1556,1772,2013,2342,2624,2920,3347,3702,4081,4576,4994,5418,5846,6334,6724,7075,7491,7860,8242,8787,9282,9782,10433,10958,11493,12000,12625,13096,13541,14065,14449,14814,15246,15558,15844,16109,16384,16608,16773,16949,17087,17226,17405,17563,17732,17974,18201,18428,18670,18997,19302,19615,20052,20398,20792,21241,21616,21999,22486,22886,23318,23738,24303,24743,25180,25739,26185,26630,27183,27621,28072,28642,29099,29555,30008,30568,31002,31424,31945,32339,32730,33199,33575,33935,34298,34726,35039,35370,35719,36001,36242,36561,36783,37005,37255,37472,37622,37806,37969,38091,38205,38340,38418,38481,38541,38592,38606,38604,38583,38550,38508,38449,38372,38289,38151,38031,37875,37655,37453,37223,36903,36609,36277,35902,35375,34882,34330,33531,32790,31965,30802,29775,28662,27150,25841,24436,22908,20902,19204,17436,15148,13269,11381,9133,7630,6347,5239,4068,3268,2577,1881,1425,1028,624,372,181,36,0,0,0,2,6,7,0,0,0,0,0,0,0,0,0,0,0,g
20,24,29,39,50,65,85,95,104,133,153,171,195,203,199,213,251,304,388,483,604,696,836,951,1081,1221,1449,1650,1876,2201,2479,2785,3184,3541,3889,4347,4745,5162,5593,6115,6505,6869,7312,7669,8053,8594,9048,9539,10195,10719,11263,11810,12468,12982,13450,14002,14425,14805,15271,15634,15957,16276,16627,16846,17029,17218,17316,17418,17550,17670,17812,18016,18201,18414,18639,18953,19226,19518,19923,20270,20630,21103,21491,21882,22374,22791,23220,23654,24203,24648,25086,25623,26068,26505,27056,27479,27901,28444,28891,29344,29782,30337,30779,31198,31717,32105,32481,32945,33335,33686,34030,34453,34778,35090,35452,35725,35981,36288,36544,36767,37020,37214,37391,37547,37728,37860,37980,38090,38185,38259,38337,38382,38432,38448,38427,38396,38386,38306,38233,38153,38019,37893,37744,37519,37315,37092,36780,36492,36173,35806,35286,34804,34255,33466,32744,31927,30785,29775,28688,27200,25902,24503,23009,21026,19346,17595,15323,13448,11576,9319,7790,6496,5367,4197,3375,2697,1976,1522,1113,695,442,247,91,31,15,2,13,0,0,0,0,0,0,0,0,0,0,0,0,0,g
71,75,79,93,92,113,121,146,168,184,196,212,254,283,299,350,393,446,515,636,762,926,1161,1373,1594,1836,2135,2380,2642,3000,3295,3617,4026,4396,4802,5358,5792,6212,6604,7058,7424,7800,8257,8664,9103,9712,10229,10762,11422,11936,12416,12867,13420,13830,14235,14720,15090,15450,15882,16199,16492,16751,17031,17229,17409,17625,17807,17988,18230,18431,18638,18907,19153,19414,19681,20050,20362,20686,21074,21423,21737,22173,22496,22839,23271,23660,24044,24438,24926,25314,25729,26225,26635,27040,27553,27975,28384,28911,29337,29763,30181,30694,31098,31495,31985,32360,32719,33156,33496,33830,34147,34550,34860,35139,35488,35733,35981,36265,36464,36676,36939,37085,37233,37379,37545,37671,37775,37884,37940,37991,38030,38049,38058,38052,38026,37994,37952,37879,37799,37698,37553,37420,37271,37056,36862,36639,36324,36033,35702,35350,34831,34345,33796,32980,32268,31432,30302,29298,28206,26721,25438,24033,22537,20565,18892,17159,14927,13078,11250,9040,7558,6292,5192,4033,3236,2557,1866,1429,1035,633,391,198,52,0,0,0,0,0,0,0,0,0,0,0,0,0,0,0,0,0,g
87,90,100,100,95,97,98,103,109,124,137,158,181,208,238,270,329,389,480,633,781,942,1158,1354,1564,1787,2099,2342,2630,2993,3297,3609,4051,4447,4867,5416,5832,6239,6642,7064,7404,7740,8199,8621,9088,9733,10275,10864,11548,12074,12580,13065,13642,14075,14499,14998,15390,15773,16228,16563,16863,17127,17386,17569,17716,17903,18040,18200,18407,18609,18818,19100,19328,19572,19824,20159,20458,20754,21185,21521,21870,22334,22706,23089,23580,23981,24385,24794,25323,25756,26189,26730,27170,27599,28149,28585,29024,29569,30003,30435,30879,31408,31820,32222,32712,33062,33432,33873,34212,34527,34826,35199,35489,35774,36084,36326,36548,36849,37054,37258,37481,37630,37770,37907,38048,38151,38240,38334,38389,38431,38470,38498,38493,38483,38445,38403,38346,38252,38156,38061,37899,37764,37623,37391,37190,36975,36650,36330,35995,35608,35087,34589,34041,33264,32544,31776,30650,29644,28558,27080,25800,24427,22960,21006,19364,17648,15423,13596,11761,9515,7947,6623,5481,4275,3447,2734,2002,1551,1156,748,478,286,133,46,34,32,9,14,2,4,0,0,0,4,0,0,0,0,0,0,g
30,37,46,70,96,114,144,160,184,201,217,248,260,295,345,378,441,493,568,671,818,961,1186,1381,1596,1856,2144,2390,2655,3005,3299,3609,4030,4402,4819,5375,5828,6259,6656,7102,7435,7778,8245,8669,9144,9790,10324,10882,11585,12148,12662,13171,13737,14161,14585,15103,15495,15866,16286,16595,16851,17064,17275,17414,17529,17674,17788,17918,18101,18259,18425,18657,18863,19092,19345,19702,20019,20355,20790,21146,21520,22002,22386,22798,23277,23687,24099,24531,25054,25483,25906,26453,26862,27286,27812,28226,28669,29234,29651,30090,30508,31036,31442,31867,32353,32734,33102,33560,33928,34268,34596,34998,35312,35605,35959,36232,36484,36788,37012,37215,37478,37645,37796,37958,38141,38276,38392,38508,38572,38627,38665,38692,38705,38703,38675,38647,38609,38529,38442,38341,38184,38044,37893,37676,37479,37262,36951,36662,36334,35953,35422,34936,34383,33596,32877,32063,30929,29947,28869,27396,26096,24707,23208,21248,19568,17825,15566,13741,11891,9658,8069,6730,5574,4343,3515,2797,2052,1576,1161,745,472,268,94,29,0,0,0,0,0,0,0,0,0,0,0,0,0,0,0,0,g
88,95,108,121,127,138,148,144,163,173,185,196,213,249,265,284,319,366,430,548,674,826,1040,1218,1409,1612,1889,2138,2401,2759,3060,3371,3789,4179,4595,5153,5609,6056,6450,6928,7276,7601,8028,8412,8835,9447,9958,10487,11161,11683,12199,12698,13303,13745,14177,14705,15105,15480,15923,16257,16552,16803,17079,17240,17387,17564,17704,17858,18070,18239,18422,18682,18908,19171,19438,19784,20108,20428,20854,21223,21599,22047,22417,22786,23250,23650,24039,24444,24947,25352,25758,26265,26676,27091,27610,28025,28457,29006,29440,29877,30308,30850,31273,31686,32193,32588,32980,33448,33810,34178,34536,34969,35290,35598,35956,36210,36477,36767,37012,37209,37444,37606,37771,37906,38058,38192,38276,38410,38478,38528,38567,38583,38584,38568,38542,38510,38458,38382,38313,38215,38080,37947,37800,37575,37372,37148,36828,36536,36208,35832,35312,34824,34279,33501,32779,31995,30862,29855,28779,27306,26043,24649,23170,21185,19515,17798,15545,13705,11870,9646,8055,6715,5560,4332,3499,2777,2034,1557,1148,724,462,256,85,14,0,0,0,0,0,0,0,0,0,0,0,0,0,0,0,18,g
49,58,60,70,82,93,124,126,130,147,169,167,187,213,224,248,290,320,379,505,622,742,906,1018,1147,1309,1551,1768,2005,2330,2613,2919,3333,3677,4033,4494,4891,5301,5722,6232,6612,6965,7395,7758,8161,8712,9196,9695,10353,10914,11441,11996,12673,13161,13649,14192,14605,14984,15443,15783,16094,16385,16691,16888,17036,17196,17270,17345,17465,17569,17701,17889,18058,18256,18468,18766,19041,19335,19720,20056,20403,20857,21235,21632,22119,22504,22912,23345,23878,24309,24756,25290,25722,26174,26709,27139,27593,28166,28608,29073,29525,30081,30526,30956,31484,31886,32285,32772,33159,33538,33905,34350,34683,35001,35371,35650,35920,36240,36484,36720,37014,37225,37425,37580,37769,37888,38008,38129,38227,38286,38376,38425,38455,38462,38445,38407,38379,38319,38261,38163,38033,37897,37773,37543,37354,37120,36780,36484,36154,35787,35253,34760,34202,33398,32655,31830,30670,29647,28534,27033,25729,24350,22831,20821,19126,17360,15116,13255,11383,9143,7664,6375,5282,4106,3296,2608,1904,1442,1048,640,385,197,49,0,0,0,0,0,0,0,0,0,0,0,0,0,0,0,0,0,g
20,22,48,72,90,96,116,121,128,151,170,208,231,276,311,350,399,464,566,710,860,1028,1259,1445,1667,1882,2174,2440,2717,3091,3395,3716,4153,4544,4958,5485,5902,6300,6662,7099,7456,7814,8297,8735,9204,9872,10420,10994,11701,12269,12781,13281,13880,14330,14760,15276,15656,16007,16404,16678,16923,17128,17335,17469,17583,17724,17847,17978,18162,18328,18512,18776,19004,19257,19534,19909,20233,20575,21048,21424,21804,22284,22686,23075,23574,24007,24414,24865,25383,25832,26256,26799,27232,27647,28181,28633,29054,29606,30033,30463,30888,31415,31817,32208,32679,33049,33410,33861,34201,34543,34850,35237,35529,35807,36127,36378,36616,36889,37090,37287,37510,37673,37837,37973,38144,38248,38329,38432,38507,38544,38585,38590,38584,38592,38564,38526,38471,38385,38295,38194,38039,37900,37740,37516,37316,37090,36768,36469,36137,35762,35224,34729,34173,33375,32649,31847,30730,29718,28649,27472,25882,24493,23019,21058,19399,17667,15436,13605,11783,9539,7983,6669,5528,4306,3505,2795,2051,1591,1173,743,480,272,107,35,6,0,0,0,0,0,0,0,0,0,0,0,0,0,0,0,g
36,42,59,78,99,125,120,133,150,166,193,215,226,270,290,337,377,458,525,667,799,946,1149,1323,1501,1693,1965,2223,2495,2861,3182,3497,3931,4328,4744,5289,5723,6139,6533,6998,7351,7696,8161,8545,8990,9579,10102,10634,11298,11813,12340,12811,13380,13818,14239,14720,15089,15425,15828,16131,16396,16631,16883,17050,17196,17364,17506,17660,17870,18057,18259,18531,18773,19030,19301,19660,19963,20286,20707,21072,21433,21868,22231,22574,23039,23424,23810,24225,24718,25130,25560,26081,26503,26926,27455,27889,28331,28880,29336,29749,30181,30708,31124,31523,32013,32392,32770,33226,33583,33920,34256,34666,34972,35267,35617,35876,36125,36414,36662,36880,37104,37288,37461,37602,37780,37891,37999,38120,38203,38261,38317,38349,38358,38363,38333,38313,38257,38180,38102,38010,37871,37731,37572,37358,37161,36931,36609,36312,35982,35606,35070,34580,34030,33244,32523,31728,30609,29607,28518,27009,25718,24324,22851,20867,19199,17457,15205,13358,11505,9256,7752,6446,5358,4162,3351,2669,1968,1496,1090,670,414,221,68,3,0,0,0,0,0,0,0,0,0,0,0,0,0,0,0,0,g
74,64,70,82,99,115,122,139,150,170,192,230,253,280,309,344,419,498,617,800,963,1146,1385,1585,1809,2043,2364,2638,2928,3309,3623,3959,4442,4844,5268,5803,6200,6581,6943,7390,7737,8095,8591,9038,9545,10214,10762,11309,11988,12506,13004,13480,14042,14469,14877,15361,15729,16083,16488,16775,17026,17241,17451,17588,17716,17885,18039,18211,18447,18673,18891,19210,19498,19765,20054,20451,20787,21124,21595,21959,22344,22857,23268,23679,24178,24616,25025,25430,25949,26376,26798,27335,27770,28205,28751,29184,29628,30155,30597,31017,31438,31956,32370,32763,33231,33643,33984,34402,34727,35065,35373,35776,36047,36303,36625,36847,37071,37339,37543,37710,37905,38061,38193,38308,38434,38511,38590,38665,38712,38744,38768,38773,38763,38728,38690,38639,38579,38476,38378,38265,38102,37952,37792,37576,37367,37133,36800,36476,36140,35750,35213,34720,34171,33386,32687,31877,30742,29761,28647,27167,25877,24488,23010,21033,19361,17617,15347,13491,11623,9343,7812,6517,5380,4198,3382,2676,1961,1492,1086,668,406,221,64,7,2,0,0,0,0,0,0,0,0,0,0,0,0,0,0,0,g
53,61,87,100,114,113,135,147,158,177,202,224,254,275,300,324,398,451,537,673,818,988,1215,1410,1607,1825,2119,2379,2668,3042,3352,3676,4122,4517,4950,5507,5940,6345,6724,7192,7540,7907,8403,8825,9296,9940,10472,11041,11702,12220,12705,13189,13749,14184,14594,15080,15443,15802,16202,16503,16769,17008,17252,17426,17578,17774,17929,18117,18342,18541,18752,19038,19290,19557,19837,20232,20559,20895,21338,21703,22050,22502,22874,23238,23732,24131,24559,24969,25487,25901,26305,26814,27238,27654,28179,28595,29013,29543,29962,30379,30796,31300,31692,32080,32549,32916,33277,33701,34039,34368,34691,35067,35360,35639,35966,36222,36470,36763,36981,37185,37405,37567,37728,37857,38006,38106,38214,38290,38352,38395,38448,38463,38460,38427,38393,38355,38299,38199,38115,38007,37853,37735,37572,37344,37153,36915,36591,36301,35972,35596,35075,34589,34052,33281,32586,31813,30703,29715,28652,27219,25965,24599,23141,21222,19593,17889,15678,13862,12024,9786,8173,6811,5642,4406,3563,2836,2086,1598,1182,751,475,265,89,11,0,0,0,0,0,0,0,0,0,0,0,0,0,0,0,0,g
78,71,88,83,96,104,113,117,128,144,162,181,219,245,275,320,399,483,598,767,918,1081,1284,1474,1673,1934,2245,2521,2817,3214,3543,3891,4384,4793,5215,5764,6191,6565,6931,7371,7689,8042,8531,8972,9459,10117,10655,11192,11853,12375,12874,13352,13925,14355,14765,15246,15606,15947,16338,16616,16864,17072,17284,17436,17549,17695,17826,17979,18181,18364,18591,18895,19127,19395,19673,20073,20408,20749,21193,21562,21926,22379,22752,23143,23645,24056,24487,24902,25425,25864,26287,26823,27247,27671,28200,28645,29078,29624,30052,30493,30923,31443,31846,32246,32733,33097,33499,33913,34241,34557,34877,35249,35538,35804,36121,36362,36624,36882,37073,37257,37467,37616,37757,37889,38035,38142,38233,38322,38382,38427,38453,38459,38458,38442,38412,38372,38318,38243,38166,38071,37912,37789,37610,37371,37165,36947,36630,36332,35989,35624,35073,34599,34065,33271,32573,31788,30667,29694,28618,27144,25869,24499,23041,21088,19446,17730,15500,13676,11839,9621,8029,6696,5546,4325,3499,2781,2072,1581,1178,756,500,287,127,55,31,21,1,0,0,0,0,0,0,0,0,0,0,0,0,0,g
28,41,55,69,74,87,103,110,114,114,138,148,175,197,231,302,388,471,549,644,727,833,980,1142,1304,1496,1775,2051,2338,2723,3034,3362,3795,4156,4543,5061,5487,5912,6312,6810,7165,7519,7974,8386,8796,9368,9866,10399,11084,11639,12219,12742,13376,13830,14266,14774,15156,15531,15963,16293,16606,16870,17161,17368,17521,17698,17844,17985,18179,18357,18553,18824,19054,19298,19552,19882,20162,20451,20831,21154,21488,21920,22281,22650,23122,23507,23898,24309,24832,25249,25654,26173,26590,27032,27574,28007,28439,28995,29441,29889,30339,30869,31282,31702,32242,32621,33002,33471,33842,34193,34545,34953,35261,35578,35930,36193,36459,36755,36992,37199,37454,37638,37804,37954,38119,38241,38353,38515,38612,38663,38727,38769,38783,38779,38745,38742,38692,38617,38561,38467,38332,38211,38057,37831,37623,37393,37059,36767,36441,36070,35527,35043,34496,33702,32977,32165,31030,30020,28931,27450,26159,24769,23272,21293,19621,17881,15619,13765,11920,9683,8088,6740,5572,4343,3515,2793,2062,1573,1154,738,495,280,131,58,23,14,1,0,0,0,0,0,0,0,0,0,0,0,0,0,g
31,34,35,43,59,87,112,137,163,189,206,233,268,313,379,446,582,707,835,1020,1159,1335,1542,1737,1959,2206,2551,2841,3149,3559,3918,4296,4802,5224,5641,6153,6534,6894,7239,7673,8027,8413,8969,9470,10006,10685,11227,11744,12388,12898,13372,13828,14362,14761,15154,15616,15986,16335,16750,17043,17301,17509,17749,17906,18070,18280,18460,18666,18943,19178,19423,19735,19992,20258,20527,20885,21195,21510,21925,22272,22632,23076,23432,23803,24297,24656,25030,25449,25932,26353,26772,27293,27710,28132,28677,29091,29529,30072,30493,30919,31327,31828,32216,32595,33065,33432,33792,34226,34557,34881,35188,35551,35824,36085,36396,36628,36848,37112,37308,37489,37718,37871,38011,38142,38288,38370,38464,38523,38580,38601,38629,38633,38624,38594,38548,38515,38441,38350,38261,38146,37979,37823,37663,37429,37210,36967,36641,36332,35995,35622,35090,34608,34078,33311,32613,31831,30722,29738,28663,27249,25979,24640,23177,21251,19597,17890,15670,13841,11980,9698,8139,6781,5631,4399,3561,2847,2092,1606,1182,750,473,265,88,13,0,0,0,0,0,0,0,0,0,0,0,0,0,0,0,0,g
78,81,88,82,89,99,121,132,147,181,207,237,264,296,325,368,429,504,605,766,926,1089,1299,1484,1674,1892,2198,2459,2738,3117,3428,3770,4227,4626,5060,5624,6019,6415,6780,7211,7567,7912,8365,8776,9239,9884,10452,10988,11646,12167,12657,13135,13687,14103,14504,14978,15337,15688,16100,16397,16663,16883,17110,17262,17396,17566,17714,17883,18140,18371,18625,18957,19246,19507,19786,20189,20494,20819,21281,21662,22051,22547,22938,23306,23794,24184,24560,24946,25469,25862,26292,26785,27181,27575,28067,28468,28870,29383,29784,30215,30610,31101,31489,31865,32321,32665,33017,33447,33791,34143,34483,34832,35125,35392,35714,35953,36204,36479,36677,36875,37092,37253,37397,37544,37680,37783,37874,37967,38038,38085,38121,38128,38131,38115,38089,38050,38000,37920,37834,37734,37585,37449,37294,37068,36864,36655,36345,36059,35738,35367,34834,34334,33809,33010,32282,31492,30358,29361,28287,26834,25556,24171,22713,20739,19090,17365,15132,13294,11461,9255,7733,6440,5325,4140,3337,2639,1942,1492,1087,676,425,235,83,17,8,0,0,0,0,0,0,0,0,0,0,0,0,0,0,0,g
34,42,48,61,72,83,100,109,116,125,130,134,143,154,166,196,269,343,441,577,676,768,891,1015,1164,1335,1593,1830,2065,2429,2724,3041,3485,3825,4208,4694,5104,5530,5958,6461,6839,7204,7665,8035,8437,8959,9424,9903,10538,11046,11556,12072,12697,13174,13621,14158,14542,14917,15373,15718,16018,16315,16618,16808,16978,17133,17231,17341,17470,17595,17735,17935,18112,18299,18513,18808,19072,19354,19747,20085,20444,20910,21290,21681,22174,22578,22988,23413,23954,24395,24835,25381,25843,26282,26844,27300,27716,28277,28712,29163,29612,30164,30616,31038,31560,31966,32369,32861,33243,33631,34008,34446,34775,35088,35451,35734,36006,36323,36558,36793,37059,37253,37440,37608,37789,37917,38034,38173,38302,38373,38452,38518,38533,38536,38533,38522,38491,38434,38370,38281,38165,38040,37889,37671,37472,37247,36944,36639,36321,35954,35423,34930,34365,33562,32826,31996,30841,29821,28717,27216,25907,24495,22990,20980,19281,17510,15222,13348,11474,9228,7739,6456,5337,4156,3350,2656,1956,1491,1087,683,418,246,90,66,40,16,6,2,0,0,0,0,0,0,0,0,0,0,0,0,g
51,58,91,92,107,115,136,141,153,169,170,180,189,187,198,224,280,351,438,562,660,750,879,1001,1149,1326,1586,1818,2077,2429,2743,3072,3511,3887,4272,4789,5221,5661,6065,6591,6947,7278,7726,8109,8501,9067,9543,10049,10669,11203,11712,12235,12870,13313,13736,14238,14614,14988,15422,15752,16068,16353,16671,16883,17066,17250,17386,17521,17717,17881,18060,18315,18570,18807,19060,19420,19695,20001,20417,20762,21146,21602,21981,22362,22869,23275,23685,24095,24601,25016,25442,25972,26396,26827,27374,27816,28261,28812,29260,29701,30142,30686,31112,31537,32058,32461,32860,33339,33705,34073,34431,34856,35180,35474,35827,36079,36347,36647,36863,37074,37327,37506,37680,37823,37991,38107,38216,38338,38414,38474,38541,38561,38580,38569,38549,38514,38463,38395,38333,38237,38091,37961,37800,37576,37364,37133,36820,36514,36179,35808,35255,34776,34204,33422,32661,31832,30664,29634,28518,27015,25701,24292,22768,20750,19050,17280,14998,13139,11276,9056,7562,6285,5184,4022,3225,2546,1855,1405,1012,613,367,187,40,0,0,0,0,0,0,3,3,0,0,0,0,0,0,0,0,0,g
46,48,45,55,70,70,78,97,115,147,186,214,230,291,314,350,411,477,581,719,857,1016,1224,1398,1588,1786,2075,2343,2614,2977,3278,3597,4040,4443,4856,5396,5832,6236,6643,7095,7460,7805,8274,8666,9101,9725,10258,10803,11475,12003,12483,12959,13520,13937,14333,14789,15136,15465,15858,16150,16412,16641,16882,17035,17174,17344,17481,17631,17845,18039,18257,18588,18864,19154,19447,19825,20148,20496,20924,21286,21644,22110,22481,22892,23374,23787,24160,24529,25018,25403,25814,26315,26715,27125,27639,28055,28471,28983,29384,29812,30221,30748,31165,31560,32029,32409,32785,33232,33581,33915,34258,34679,35013,35303,35633,35892,36128,36430,36651,36901,37158,37343,37505,37646,37814,37946,38036,38132,38200,38259,38311,38340,38346,38339,38317,38280,38236,38152,38068,37980,37839,37703,37553,37341,37142,36919,36598,36325,36008,35630,35122,34631,34089,33313,32584,31789,30653,29668,28593,27122,25833,24455,22981,21014,19380,17638,15410,13586,11747,9506,7942,6619,5476,4264,3439,2734,2008,1531,1127,712,448,246,78,8,0,0,0,0,0,0,0,0,0,0,0,0,0,0,0,0,g
60,48,68,65,62,63,69,75,92,110,128,148,171,209,238,271,325,379,458,591,721,871,1072,1235,1404,1602,1871,2117,2388,2735,3029,3352,3778,4160,4547,5088,5531,5934,6338,6806,7158,7506,7953,8313,8714,9279,9783,10302,10956,11471,11977,12462,13057,13530,13956,14455,14828,15173,15570,15860,16123,16355,16600,16752,16880,17035,17159,17280,17439,17586,17767,18013,18227,18460,18705,19047,19347,19672,20085,20466,20810,21268,21636,22011,22499,22891,23294,23701,24222,24645,25068,25596,26017,26436,26968,27397,27832,28380,28817,29253,29694,30249,30692,31123,31657,32053,32441,32892,33296,33647,34010,34424,34744,35055,35436,35716,35970,36284,36525,36744,37006,37202,37379,37536,37723,37850,37970,38105,38194,38264,38328,38376,38390,38397,38380,38365,38328,38257,38190,38108,37976,37864,37715,37522,37318,37110,36797,36503,36181,35818,35309,34832,34270,33470,32736,31919,30777,29773,28671,27165,25860,24462,22962,20969,19282,17527,15264,13411,11552,9308,7776,6477,5346,4158,3346,2650,1936,1470,1077,693,445,249,107,45,19,30,27,5,6,4,0,0,0,0,0,0,0,0,0,0,g
96,100,125,132,163,169,176,183,189,206,216,220,220,235,280,308,385,477,583,722,834,957,1117,1274,1460,1666,1967,2238,2539,2921,3250,3594,4052,4441,4835,5354,5776,6189,6612,7048,7390,7752,8224,8633,9089,9672,10161,10694,11347,11871,12388,12881,13455,13881,14285,14752,15104,15442,15835,16123,16378,16601,16818,16959,17076,17217,17340,17475,17686,17880,18089,18377,18609,18859,19141,19519,19828,20179,20628,20996,21378,21874,22271,22712,23214,23623,24045,24466,25005,25438,25899,26445,26862,27299,27849,28289,28727,29283,29716,30175,30604,31157,31574,31988,32487,32867,33253,33727,34120,34463,34812,35215,35552,35834,36187,36453,36730,37031,37256,37471,37703,37876,38043,38165,38332,38442,38542,38646,38721,38774,38812,38829,38834,38815,38790,38756,38708,38625,38545,38445,38295,38158,37998,37770,37567,37357,37045,36764,36446,36066,35513,35025,34461,33654,32920,32121,30960,29956,28869,27374,26068,24664,23174,21176,19509,17762,15491,13632,11775,9517,7950,6622,5472,4261,3446,2730,2008,1534,1117,699,434,233,75,3,0,0,0,8,0,0,0,0,0,0,0,0,0,0,0,1,g
58,72,85,98,94,96,120,121,136,144,152,167,191,225,259,292,371,462,588,719,825,929,1088,1244,1426,1630,1925,2177,2462,2842,3172,3513,3958,4316,4704,5208,5626,6037,6422,6881,7223,7571,8035,8448,8873,9489,9989,10515,11193,11744,12277,12785,13393,13827,14254,14734,15096,15447,15862,16172,16451,16684,16924,17076,17198,17343,17466,17605,17811,18007,18219,18521,18772,19036,19303,19649,19968,20296,20725,21079,21474,21934,22355,22725,23212,23589,23989,24383,24883,25275,25703,26201,26613,27028,27523,27953,28378,28879,29295,29717,30130,30649,31053,31452,31928,32299,32667,33119,33477,33835,34173,34569,34870,35156,35502,35764,36008,36324,36561,36776,37031,37214,37373,37518,37682,37787,37893,38002,38087,38159,38222,38234,38247,38231,38204,38167,38117,38034,37957,37860,37710,37568,37404,37169,36948,36702,36371,36073,35729,35352,34813,34316,33778,33004,32296,31503,30362,29358,28265,26797,25497,24096,22606,20632,18958,17216,14947,13132,11272,9066,7575,6322,5226,4056,3253,2573,1880,1422,1030,632,383,201,59,18,0,0,0,0,0,0,0,0,0,0,0,0,0,0,0,0,g
71,70,95,100,100,123,124,163,181,202,217,204,203,236,236,258,312,368,449,580,682,788,914,1035,1182,1375,1630,1867,2135,2479,2787,3110,3536,3891,4262,4769,5183,5637,6056,6554,6907,7266,7707,8082,8513,9065,9554,10059,10709,11255,11788,12315,12945,13420,13867,14395,14791,15170,15620,15965,16279,16567,16875,17079,17243,17415,17552,17689,17877,18045,18229,18481,18712,18949,19205,19550,19833,20154,20552,20921,21279,21727,22087,22458,22944,23351,23745,24180,24712,25170,25589,26108,26542,26981,27506,27943,28375,28920,29388,29827,30274,30828,31250,31700,32193,32587,32992,33470,33844,34206,34565,34983,35316,35625,35984,36260,36548,36845,37076,37284,37516,37696,37862,38002,38169,38282,38390,38506,38589,38649,38700,38722,38732,38725,38699,38667,38628,38561,38487,38397,38257,38123,37974,37738,37532,37311,36992,36698,36366,36000,35489,34987,34459,33650,32892,32072,30922,29892,28797,27303,25976,24558,23036,21019,19309,17535,15252,13368,11483,9229,7714,6419,5298,4131,3316,2618,1914,1444,1050,640,395,204,58,4,0,0,0,0,0,0,0,0,0,0,0,0,0,0,0,0,g
25,24,32,40,65,66,93,94,99,112,120,131,139,151,166,191,235,292,368,491,602,708,839,955,1087,1244,1480,1715,1969,2305,2621,2939,3343,3689,4066,4547,4956,5364,5810,6305,6679,7032,7474,7842,8245,8752,9204,9692,10331,10872,11402,11917,12548,13037,13476,14001,14380,14734,15170,15490,15790,16074,16383,16591,16755,16922,17037,17167,17351,17504,17674,17920,18157,18416,18683,19037,19311,19603,20003,20337,20681,21128,21498,21873,22359,22767,23183,23602,24121,24535,24956,25494,25924,26361,26912,27357,27810,28372,28824,29276,29730,30283,30724,31167,31712,32137,32554,33042,33446,33814,34176,34609,34941,35266,35626,35918,36207,36531,36785,37010,37261,37463,37648,37813,37995,38118,38231,38358,38440,38516,38584,38619,38641,38653,38631,38586,38562,38482,38404,38329,38179,38050,37920,37697,37473,37239,36911,36622,36293,35914,35379,34900,34333,33536,32789,31955,30807,29772,28665,27156,25841,24430,22914,20899,19190,17419,15125,13250,11369,9122,7624,6340,5233,4062,3260,2577,1877,1420,1022,619,378,209,72,18,0,0,0,17,0,0,2,5,5,15,6,0,0,4,0,0,g
81,102,101,119,122,118,119,131,138,149,161,167,176,193,214,231,257,300,372,495,613,736,893,1022,1168,1343,1594,1807,2054,2409,2697,3016,3433,3777,4147,4649,5059,5482,5912,6419,6784,7128,7552,7904,8288,8833,9310,9814,10465,10987,11507,12021,12643,13115,13559,14076,14465,14834,15267,15588,15889,16183,16495,16695,16872,17019,17125,17231,17387,17548,17721,17951,18169,18415,18671,19002,19296,19626,20016,20377,20728,21177,21538,21899,22387,22760,23161,23567,24077,24496,24930,25478,25894,26324,26854,27290,27738,28303,28765,29211,29695,30258,30710,31160,31723,32127,32533,33033,33415,33793,34158,34597,34936,35256,35638,35931,36204,36521,36763,36986,37242,37434,37612,37773,37946,38072,38190,38312,38398,38470,38532,38567,38582,38574,38554,38520,38475,38421,38357,38289,38144,38019,37867,37661,37446,37204,36874,36579,36264,35894,35378,34884,34331,33522,32800,31979,30819,29802,28685,27183,25878,24471,22969,20966,19281,17523,15247,13384,11522,9258,7735,6439,5315,4132,3323,2627,1932,1470,1066,657,427,246,85,27,8,0,0,0,0,0,0,0,0,0,0,0,0,0,0,0,g
35,37,56,70,84,97,117,140,156,170,187,196,207,221,247,295,382,489,600,753,878,1006,1189,1372,1585,1826,2154,2437,2739,3138,3475,3822,4277,4656,5050,5558,5967,6365,6746,7207,7572,7942,8418,8848,9307,9928,10441,10959,11621,12153,12674,13157,13745,14149,14561,14999,15362,15670,16055,16335,16582,16798,17011,17143,17264,17410,17539,17679,17876,18054,18257,18517,18748,18993,19259,19615,19919,20247,20678,21060,21425,21891,22283,22687,23163,23568,23974,24401,24936,25360,25811,26356,26801,27238,27789,28250,28700,29272,29727,30188,30646,31201,31627,32048,32565,32964,33357,33838,34208,34578,34919,35332,35648,35944,36287,36547,36807,37126,37365,37572,37812,37983,38135,38265,38427,38530,38648,38743,38812,38869,38892,38913,38908,38899,38860,38809,38754,38658,38576,38484,38335,38188,38026,37794,37582,37353,37038,36734,36397,36019,35480,34978,34431,33621,32878,32052,30895,29904,28801,27309,25984,24563,23062,21047,19362,17588,15313,13456,11582,9329,7813,6512,5389,4194,3369,2668,1952,1483,1080,664,408,216,59,1,0,0,0,0,0,0,0,0,0,0,0,0,0,0,0,0,g
58,61,64,94,107,104,114,116,126,136,141,148,160,183,223,270,365,455,546,660,761,866,1035,1233,1415,1619,1920,2206,2477,2870,3189,3512,3953,4307,4688,5201,5624,6037,6413,6869,7213,7565,8022,8420,8851,9434,9934,10454,11128,11675,12208,12723,13332,13788,14217,14725,15109,15481,15920,16254,16570,16856,17153,17341,17474,17641,17778,17933,18131,18312,18516,18791,19025,19272,19526,19882,20195,20531,20952,21333,21680,22139,22542,22912,23394,23792,24211,24634,25163,25611,26028,26565,27007,27430,27968,28405,28846,29395,29844,30306,30744,31269,31711,32114,32601,32990,33364,33817,34175,34534,34872,35254,35549,35827,36146,36390,36626,36897,37101,37300,37529,37690,37834,37965,38113,38220,38314,38423,38492,38548,38588,38604,38607,38593,38561,38517,38478,38407,38332,38235,38078,37938,37757,37537,37326,37079,36738,36442,36102,35732,35197,34709,34175,33420,32735,31959,30840,29844,28755,27263,25984,24609,23138,21171,19508,17764,15509,13646,11772,9480,7924,6603,5455,4265,3435,2721,2021,1546,1128,713,452,261,96,44,37,17,13,1,0,0,0,0,0,0,0,0,0,0,0,0,g
20,23,31,73,89,82,104,123,135,150,160,186,203,243,261,295,366,463,567,733,882,1023,1214,1382,1570,1791,2101,2373,2663,3046,3369,3709,4162,4548,4950,5463,5870,6265,6642,7095,7448,7798,8285,8688,9145,9770,10290,10800,11438,11943,12439,12940,13543,13965,14400,14877,15252,15614,16019,16315,16574,16810,17078,17229,17362,17527,17669,17814,18004,18184,18368,18642,18874,19116,19382,19760,20086,20426,20875,21243,21638,22121,22510,22914,23437,23846,24312,24735,25273,25704,26133,26659,27074,27501,28052,28453,28866,29392,29813,30234,30656,31158,31549,31939,32416,32792,33155,33592,33946,34281,34608,34998,35296,35576,35910,36166,36417,36717,36954,37148,37373,37539,37701,37819,37986,38112,38201,38330,38390,38432,38484,38507,38502,38485,38468,38420,38390,38308,38222,38121,37971,37834,37673,37444,37265,37029,36713,36428,36085,35696,35160,34653,34090,33291,32550,31720,30578,29566,28485,27292,25668,24270,22765,20777,19099,17335,15067,13218,11379,9176,7677,6403,5283,4099,3297,2606,1899,1439,1040,637,390,203,58,0,0,0,0,0,0,0,0,0,0,0,0,0,0,0,0,0,g
52,65,67,87,83,97,114,127,139,170,189,225,267,336,382,440,523,623,701,824,960,1117,1364,1605,1864,2133,2460,2709,2945,3248,3499,3761,4100,4393,4719,5181,5588,6015,6449,6937,7291,7623,8049,8423,8838,9411,9913,10436,11126,11676,12208,12700,13215,13613,13965,14407,14751,15081,15456,15732,15978,16197,16418,16558,16670,16807,16923,17071,17253,17415,17586,17819,18016,18231,18461,18769,19047,19340,19749,20092,20418,20850,21205,21574,22040,22435,22866,23298,23866,24336,24810,25393,25857,26321,26909,27385,27861,28461,28932,29404,29873,30443,30887,31322,31847,32248,32640,33116,33485,33841,34178,34583,34895,35198,35556,35843,36111,36432,36663,36857,37093,37266,37436,37603,37769,37913,38038,38151,38233,38278,38329,38336,38345,38325,38319,38296,38250,38208,38114,38004,37850,37714,37548,37319,37111,36881,36574,36273,35948,35576,35056,34545,33993,33202,32533,31716,30626,29607,28508,27022,25712,24319,22830,20824,19127,17367,15097,13239,11378,9131,7640,6347,5240,4070,3262,2577,1879,1416,1019,617,369,181,36,0,0,0,0,0,0,0,0,0,0,0,0,0,0,0,0,0,g
46,68,64,60,75,69,83,87,92,105,119,137,164,199,234,269,317,367,430,541,643,778,981,1194,1399,1614,1899,2145,2384,2723,3018,3325,3729,4059,4456,4981,5429,5881,6291,6768,7110,7441,7865,8233,8639,9200,9687,10206,10885,11425,11950,12439,12997,13409,13799,14273,14649,14991,15409,15706,15975,16195,16426,16572,16723,16879,17008,17148,17328,17506,17681,17921,18145,18405,18650,19014,19321,19646,20074,20425,20807,21260,21623,22010,22500,22912,23327,23747,24272,24714,25127,25651,26086,26503,27051,27502,27953,28507,28952,29395,29817,30364,30795,31191,31704,32098,32504,32958,33326,33673,34015,34409,34696,34982,35332,35604,35856,36158,36390,36601,36838,37003,37166,37312,37473,37595,37706,37830,37909,37965,38014,38037,38054,38048,38033,38009,37972,37887,37795,37722,37565,37415,37251,37028,36825,36635,36299,36005,35677,35316,34771,34293,33744,32955,32271,31461,30326,29322,28216,26738,25440,24057,22571,20586,18916,17171,14912,13063,11198,8974,7501,6236,5171,4025,3230,2552,1873,1420,1046,640,423,229,97,65,36,27,35,24,11,0,0,0,0,0,0,0,0,0,0,0,g
28,37,44,55,62,72,85,97,110,125,136,151,164,185,229,278,331,396,513,648,769,913,1073,1224,1398,1612,1900,2176,2462,2806,3136,3455,3876,4227,4600,5112,5509,5916,6316,6793,7180,7528,7984,8353,8774,9351,9848,10364,11029,11587,12113,12637,13266,13736,14181,14700,15099,15489,15946,16305,16633,16937,17286,17501,17721,17909,18048,18187,18375,18528,18695,18908,19095,19306,19527,19823,20080,20356,20728,21031,21350,21762,22098,22439,22878,23241,23627,24018,24517,24918,25337,25871,26288,26706,27229,27653,28072,28583,29011,29432,29870,30418,30811,31213,31725,32144,32513,32991,33336,33681,34023,34439,34740,35030,35378,35641,35899,36212,36440,36658,36904,37089,37256,37401,37578,37699,37809,37933,38010,38080,38149,38186,38239,38212,38203,38183,38154,38064,38008,37902,37768,37635,37469,37234,37021,36788,36457,36151,35820,35447,34907,34414,33862,33070,32347,31538,30402,29393,28299,26808,25516,24124,22636,20643,18958,17205,14936,13087,11231,9025,7558,6294,5192,4026,3253,2582,1884,1427,1050,655,418,237,92,28,34,19,0,2,0,0,0,0,0,0,0,0,0,0,0,0,g
44,40,48,61,68,86,112,116,133,154,156,174,187,199,229,251,298,384,473,618,744,873,1030,1169,1321,1501,1765,2006,2275,2629,2930,3265,3686,4047,4428,4928,5344,5764,6174,6658,7024,7382,7825,8194,8600,9166,9653,10160,10810,11318,11825,12324,12947,13413,13849,14354,14738,15085,15499,15826,16133,16421,16706,16891,17058,17252,17392,17574,17760,17965,18155,18424,18664,18929,19201,19565,19904,20217,20647,20998,21355,21805,22174,22557,23019,23419,23815,24220,24718,25133,25543,26052,26517,26917,27436,27850,28271,28816,29266,29697,30131,30676,31108,31504,31999,32377,32753,33212,33575,33925,34269,34673,34977,35264,35611,35864,36116,36415,36641,36857,37106,37285,37446,37595,37757,37869,37980,38101,38184,38270,38348,38387,38420,38399,38372,38346,38310,38257,38170,38074,37938,37805,37671,37439,37248,37006,36675,36373,36056,35682,35143,34653,34105,33312,32599,31806,30675,29661,28594,27092,25808,24424,22931,20945,19268,17517,15253,13388,11513,9251,7733,6435,5322,4144,3328,2642,1931,1487,1090,675,416,233,78,30,26,9,0,0,0,0,0,0,0,0,0,0,0,0,0,0,g
88,94,112,138,146,164,168,178,210,203,216,231,243,267,296,319,374,445,541,707,874,1045,1282,1484,1707,1936,2255,2518,2789,3150,3494,3788,4209,4560,4939,5454,5861,6263,6647,7113,7471,7836,8306,8698,9136,9735,10243,10755,11388,11873,12346,12810,13339,13734,14101,14521,14831,15114,15445,15683,15901,16090,16283,16414,16531,16686,16828,16968,17165,17335,17502,17751,17995,18238,18530,18888,19207,19541,20015,20383,20773,21270,21660,22077,22631,23089,23549,24009,24605,25079,25562,26161,26649,27120,27713,28186,28693,29273,29735,30202,30655,31208,31652,32075,32585,33014,33387,33865,34221,34579,34934,35352,35659,35960,36296,36545,36814,37098,37316,37534,37757,37944,38088,38219,38370,38483,38577,38679,38742,38791,38839,38851,38852,38836,38807,38766,38709,38621,38537,38435,38279,38131,37983,37759,37554,37328,36997,36692,36358,35956,35406,34906,34351,33553,32842,32042,30885,29894,28778,27276,25972,24591,23091,21091,19403,17640,15357,13495,11610,9326,7812,6513,5374,4184,3365,2666,1951,1481,1090,671,404,226,64,18,0,0,0,15,28,5,11,0,0,0,0,0,0,0,0,0,g
56,67,73,93,107,117,125,124,122,139,150,162,173,193,227,297,386,452,534,622,713,834,1011,1170,1381,1599,1917,2188,2500,2883,3194,3531,3935,4262,4612,5077,5466,5856,6240,6700,7065,7428,7890,8270,8685,9240,9732,10272,10961,11504,12059,12596,13221,13667,14080,14564,14908,15233,15632,15910,16180,16454,16699,16859,16996,17140,17253,17384,17576,17750,17934,18198,18421,18663,18923,19265,19556,19872,20301,20658,21031,21501,21880,22263,22751,23152,23583,24026,24570,25017,25446,25993,26437,26876,27420,27856,28303,28884,29344,29789,30244,30801,31224,31652,32168,32573,32952,33420,33787,34149,34505,34925,35225,35524,35884,36150,36406,36725,36960,37189,37437,37621,37784,37938,38096,38256,38347,38499,38569,38643,38699,38736,38748,38727,38690,38681,38632,38541,38469,38372,38236,38091,37925,37697,37485,37251,36927,36628,36302,35930,35386,34895,34345,33544,32816,31998,30852,29846,28750,27257,25954,24553,23064,21080,19392,17644,15383,13515,11642,9390,7845,6548,5416,4220,3413,2698,1974,1511,1101,713,449,263,100,31,12,7,0,0,0,0,0,0,0,0,0,0,0,0,0,0,g
124,123,122,126,127,132,136,134,149,173,195,222,262,325,391,468,561,652,736,873,1003,1167,1421,1662,1922,2198,2555,2805,3071,3415,3729,4074,4531,4933,5374,5928,6374,6812,7213,7646,7982,8331,8837,9292,9776,10396,10907,11443,12119,12633,13105,13517,13967,14304,14652,15086,15416,15734,16095,16349,16571,16761,16962,17129,17294,17519,17740,17956,18242,18509,18740,19064,19334,19639,19946,20367,20763,21115,21577,21943,22301,22741,23110,23472,23943,24337,24740,25143,25651,26049,26452,26960,27371,27766,28275,28711,29138,29663,30083,30492,30896,31388,31784,32169,32648,33013,33358,33788,34107,34423,34714,35074,35344,35627,35929,36167,36398,36651,36861,37026,37220,37373,37507,37632,37785,37898,37991,38077,38132,38170,38192,38197,38191,38174,38155,38116,38064,37978,37893,37799,37654,37515,37381,37157,36979,36744,36459,36144,35809,35432,34885,34396,33870,33107,32420,31608,30470,29482,28400,26931,25650,24273,22803,20846,19200,17478,15246,13412,11564,9316,7790,6489,5367,4183,3370,2672,1956,1492,1085,700,441,242,93,44,21,44,22,1,0,0,0,0,0,0,0,0,0,0,0,0,g
59,62,74,79,108,110,106,118,155,158,196,213,232,273,301,334,387,446,545,683,827,993,1217,1415,1629,1849,2141,2397,2667,3026,3323,3633,4046,4412,4808,5338,5764,6168,6549,6993,7340,7710,8191,8606,9064,9687,10221,10782,11486,12022,12520,13004,13580,14008,14428,14900,15252,15575,15952,16220,16490,16674,16875,17039,17145,17306,17444,17582,17786,17962,18168,18440,18679,18936,19223,19591,19915,20277,20705,21061,21424,21897,22282,22668,23164,23577,23983,24436,24982,25425,25863,26419,26866,27320,27878,28332,28816,29368,29822,30266,30709,31261,31678,32089,32585,32969,33345,33803,34160,34500,34829,35226,35529,35815,36154,36412,36655,36935,37163,37374,37614,37779,37916,38057,38233,38352,38455,38539,38591,38646,38688,38694,38723,38687,38661,38610,38564,38471,38378,38265,38131,37988,37822,37607,37396,37161,36829,36532,36183,35805,35278,34772,34212,33413,32673,31845,30703,29700,28598,27119,25806,24429,22927,20942,19260,17512,15251,13421,11563,9331,7817,6518,5406,4206,3390,2684,1961,1495,1088,675,422,227,66,7,0,0,0,0,0,0,0,0,0,0,0,0,0,0,0,0,g
71,75,73,78,86,98,107,121,135,164,187,216,241,287,325,370,448,547,655,829,1024,1223,1481,1697,1923,2170,2508,2783,3079,3461,3776,4128,4606,5043,5482,6024,6429,6793,7148,7571,7916,8283,8796,9258,9761,10435,10992,11544,12206,12707,13176,13623,14156,14562,14962,15430,15776,16109,16471,16718,16926,17115,17288,17423,17563,17731,17887,18091,18301,18497,18701,19001,19247,19526,19807,20188,20532,20870,21300,21643,21997,22436,22802,23180,23669,24072,24476,24919,25426,25842,26266,26785,27216,27651,28222,28652,29104,29665,30111,30539,30981,31506,31909,32304,32781,33176,33548,33995,34340,34666,34992,35376,35672,35957,36283,36527,36762,37035,37237,37426,37643,37797,37941,38074,38222,38322,38410,38492,38544,38575,38599,38620,38624,38610,38571,38531,38464,38367,38275,38166,37995,37865,37694,37461,37263,37020,36698,36401,36057,35676,35144,34655,34107,33347,32622,31815,30681,29693,28604,27129,25848,24469,22996,21029,19371,17639,15404,13572,11743,9540,7965,6667,5528,4312,3479,2764,2026,1565,1158,738,486,287,125,52,31,30,18,18,0,0,0,0,0,0,0,0,0,0,0,0,g
87,89,91,101,114,128,128,136,173,201,230,246,283,325,366,418,494,566,663,847,993,1171,1440,1660,1895,2132,2443,2706,2992,3376,3696,4034,4520,4937,5384,5985,6405,6813,7170,7592,7939,8311,8835,9293,9790,10461,11012,11574,12223,12705,13143,13547,14034,14410,14771,15200,15520,15815,16142,16365,16553,16719,16895,17034,17173,17368,17540,17730,17977,18189,18414,18719,18998,19304,19626,20052,20389,20763,21196,21581,21930,22388,22753,23123,23625,24051,24471,24903,25427,25840,26275,26788,27212,27645,28190,28646,29089,29650,30098,30543,30977,31508,31925,32346,32844,33238,33608,34060,34412,34743,35076,35465,35757,36033,36397,36650,36885,37156,37362,37546,37777,37931,38073,38216,38373,38479,38572,38662,38709,38735,38757,38759,38759,38738,38707,38660,38602,38508,38411,38299,38139,37999,37837,37610,37406,37176,36848,36546,36202,35834,35305,34819,34277,33492,32756,31968,30832,29824,28752,27249,25985,24592,23122,21168,19493,17776,15513,13684,11849,9606,8024,6679,5533,4331,3496,2775,2036,1559,1149,729,468,261,101,30,6,0,0,0,0,0,0,0,0,0,0,0,0,0,0,0,g
63,82,80,77,81,85,96,97,106,119,133,157,192,221,242,275,320,382,483,620,757,917,1147,1338,1542,1767,2056,2319,2596,2983,3289,3611,4024,4384,4771,5296,5720,6129,6514,6977,7335,7691,8148,8545,8983,9593,10119,10660,11317,11831,12326,12791,13338,13743,14120,14556,14871,15167,15517,15782,16013,16204,16398,16527,16617,16740,16826,16917,17069,17229,17405,17650,17881,18125,18409,18789,19108,19451,19893,20269,20640,21124,21525,21934,22466,22912,23371,23837,24424,24896,25388,25977,26452,26925,27518,28016,28495,29097,29591,30098,30557,31135,31571,31995,32527,32936,33354,33840,34235,34615,34976,35395,35728,36032,36391,36658,36917,37228,37458,37680,37927,38108,38267,38413,38579,38692,38794,38901,38976,39035,39079,39092,39090,39072,39044,39017,38976,38889,38826,38711,38564,38426,38260,38052,37839,37613,37304,36982,36645,36286,35733,35225,34672,33850,33111,32295,31140,30130,29024,27518,26215,24809,23309,21299,19611,17848,15568,13696,11828,9568,7997,6662,5510,4291,3478,2756,2024,1547,1148,729,470,284,110,46,21,18,0,0,0,0,0,0,0,0,0,0,0,0,0,0,g
116,105,125,139,140,138,151,156,198,214,233,254,291,323,353,388,449,505,583,702,825,982,1215,1424,1656,1890,2195,2442,2702,3063,3356,3669,4116,4500,4917,5495,5956,6409,6807,7255,7581,7913,8384,8805,9267,9890,10407,10949,11618,12132,12611,13036,13499,13842,14183,14604,14934,15245,15610,15871,16105,16304,16507,16639,16756,16904,17043,17199,17415,17610,17816,18084,18319,18567,18841,19218,19557,19903,20366,20734,21100,21583,21963,22361,22874,23312,23757,24221,24792,25248,25723,26301,26760,27223,27798,28267,28742,29335,29802,30265,30712,31281,31708,32126,32643,33043,33429,33895,34246,34612,34945,35337,35642,35925,36279,36549,36810,37101,37324,37538,37752,37911,38063,38199,38361,38479,38610,38701,38764,38809,38845,38855,38855,38834,38811,38779,38729,38647,38560,38455,38284,38141,37981,37755,37550,37321,37000,36713,36385,36010,35466,34944,34386,33595,32864,32055,30906,29869,28759,27284,25962,24570,23061,21077,19391,17641,15380,13513,11646,9380,7835,6522,5388,4193,3391,2700,1983,1511,1105,704,439,241,82,20,3,0,4,0,0,0,0,0,0,0,0,0,2,0,0,0,g
52,61,69,79,87,96,103,113,126,141,168,184,206,250,277,322,387,441,501,624,740,917,1137,1336,1540,1753,2038,2292,2558,2894,3187,3493,3907,4276,4682,5241,5693,6129,6535,6993,7331,7672,8117,8516,8956,9555,10069,10598,11266,11783,12289,12750,13280,13671,14049,14519,14896,15237,15657,15944,16212,16484,16739,16934,17095,17315,17478,17675,17917,18129,18346,18626,18882,19161,19429,19804,20149,20485,20923,21282,21643,22090,22450,22821,23296,23691,24095,24501,25020,25460,25895,26404,26867,27301,27839,28291,28736,29279,29732,30168,30587,31129,31544,31966,32464,32861,33248,33695,34048,34387,34716,35108,35402,35695,36051,36316,36566,36859,37078,37279,37506,37672,37829,37975,38132,38251,38362,38482,38561,38614,38648,38645,38650,38633,38603,38583,38521,38431,38348,38252,38112,37962,37808,37586,37381,37157,36829,36527,36184,35803,35259,34761,34205,33409,32676,31856,30705,29695,28599,27110,25805,24413,22919,20925,19249,17496,15240,13400,11574,9355,7830,6529,5390,4191,3403,2705,2000,1523,1115,710,465,271,108,36,14,2,0,0,0,0,0,0,0,0,0,0,0,0,0,0,g
53,61,61,70,71,73,96,97,98,115,121,138,165,195,232,256,313,386,481,641,770,914,1093,1257,1431,1634,1921,2176,2445,2811,3125,3458,3910,4279,4680,5227,5640,6038,6430,6884,7227,7556,7995,8378,8815,9410,9927,10452,11118,11636,12151,12651,13247,13690,14108,14602,14977,15332,15749,16055,16340,16592,16850,17021,17166,17334,17466,17605,17794,17979,18178,18440,18660,18907,19137,19480,19761,20065,20454,20772,21090,21542,21878,22206,22681,23046,23423,23812,24302,24690,25089,25587,25989,26395,26914,27341,27764,28318,28753,29184,29617,30155,30573,30990,31495,31906,32290,32760,33131,33490,33876,34294,34623,34929,35277,35560,35824,36128,36348,36569,36828,37022,37186,37353,37533,37639,37751,37868,37941,38001,38059,38084,38095,38091,38073,38050,38006,37925,37848,37759,37622,37484,37330,37108,36912,36700,36397,36117,35785,35418,34890,34382,33831,33021,32295,31472,30320,29316,28213,26722,25432,24048,22554,20565,18885,17147,14894,13084,11242,9031,7549,6285,5182,4025,3238,2549,1864,1418,1023,627,380,199,51,0,0,0,0,0,0,0,0,10,0,0,0,0,0,0,0,0,g
