data1,data2,data3,data4,data5,data6,data7,data8,data9,data10,data11,data12,data13,data14,data15,data16,data17,data18,data19,data20,data21,data22,data23,data24,data25,data26,data27,data28,data29,data30,data31,data32,data33,data34,data35,data36,data37,data38,data39,data40,data41,data42,data43,data44,data45,data46,data47,data48,data49,data50,data51,data52,data53,data54,data55,data56,data57,data58,data59,data60,data61,data62,data63,data64,data65,data66,data67,data68,data69,data70,data71,data72,data73,data74,data75,data76,data77,data78,data79,data80,data81,data82,data83,data84,data85,data86,data87,data88,data89,data90,data91,data92,data93,data94,data95,data96,data97,data98,data99,data100,data101,data102,data103,data104,data105,data106,data107,data108,data109,data110,data111,data112,data113,data114,data115,data116,data117,data118,data119,data120,data121,data122,data123,data124,data125,data126,data127,data128,data129,data130,data131,data132,data133,data134,data135,data136,data137,data138,data139,data140,data141,data142,data143,data144,data145,data146,data147,data148,data149,data150,data151,data152,data153,data154,data155,data156,data157,data158,data159,data160,data161,data162,data163,data164,data165,data166,data167,data168,data169,data170,data171,data172,data173,data174,data175,data176,data177,data178,data179,data180,data181,data182,data183,data184,data185,data186,data187,data188,data189,data190,data191,data192,data193,data194,data195,data196,data197,data198,data199,data200,Results
13,21,35,56,93,110,148,187,239,274,312,363,408,454,493,561,605,662,722,827,927,1053,1194,1400,1553,1689,1817,1963,2057,2147,2231,2308,2354,2391,2416,2436,2451,2450,2440,2414,2400,2400,2400,2404,2405,2402,2397,2395,2392,2404,2411,2439,2499,2538,2604,2703,2760,2828,2900,2958,2990,3042,3048,3088,3124,3155,3210,3328,3418,3530,3658,3859,4029,4221,4428,4741,4996,5264,5545,5944,6257,6577,6912,7363,7712,8070,8432,8923,9299,9681,10064,10593,10983,11390,11791,12353,12757,13171,13591,14176,14614,15054,15505,16104,16569,17025,17475,18077,18533,18997,19427,20011,20435,20848,21256,21781,22170,22546,22906,23361,23683,23991,24280,24639,24880,25103,25307,25544,25695,25819,25917,26013,26054,26073,26063,26001,25917,25803,25657,25410,25188,24934,24673,24270,23916,23530,23121,22495,21997,21458,20896,20105,19461,18808,18138,17169,16454,15694,14910,13869,13084,12298,11505,10447,9675,8882,8105,7104,6368,5642,4923,4070,3531,3044,2614,2122,1793,1503,1249,963,789,626,492,338,241,160,103,35,1,0,0,0,0,0,0,0,0,20,7,15,g
33,52,53,69,87,105,128,165,198,257,306,347,377,424,460,523,571,628,686,774,837,931,1044,1223,1368,1517,1656,1819,1925,2014,2100,2198,2257,2303,2343,2367,2375,2378,2377,2375,2350,2326,2301,2277,2284,2282,2305,2316,2327,2349,2384,2432,2490,2550,2612,2743,2829,2925,3017,3165,3261,3376,3491,3665,3802,3940,4104,4322,4508,4689,4877,5128,5322,5519,5729,6022,6255,6497,6746,7086,7346,7612,7880,8244,8520,8794,9076,9462,9754,10057,10366,10794,11121,11454,11815,12292,12653,13018,13404,13894,14266,14654,15062,15580,15966,16370,16780,17278,17655,18051,18442,18937,19305,19667,20024,20494,20854,21186,21508,21939,22232,22534,22784,23106,23328,23533,23715,23945,24095,24218,24324,24421,24480,24505,24509,24471,24410,24329,24202,23990,23789,23560,23302,22936,22614,22250,21867,21293,20832,20350,19830,19090,18532,17921,17298,16433,15748,15065,14352,13382,12650,11917,11175,10186,9448,8713,7991,7028,6311,5603,4917,4069,3526,3048,2620,2126,1800,1511,1255,971,791,637,496,341,236,153,81,14,0,0,0,0,0,0,0,0,0,0,0,8,g
36,55,65,92,130,148,168,214,254,292,329,385,431,472,517,575,615,660,713,795,872,971,1087,1271,1419,1574,1724,1898,2012,2117,2210,2313,2375,2422,2453,2473,2484,2491,2483,2464,2443,2432,2422,2428,2443,2467,2497,2525,2531,2552,2591,2635,2662,2712,2790,2885,2975,3051,3146,3262,3341,3425,3509,3608,3689,3776,3877,4052,4185,4331,4487,4699,4878,5057,5252,5530,5756,5997,6261,6629,6918,7221,7533,7966,8287,8635,8958,9398,9743,10090,10439,10912,11259,11614,11964,12439,12791,13141,13509,13998,14373,14743,15105,15600,15974,16339,16717,17221,17610,17981,18358,18863,19237,19607,19982,20479,20830,21177,21512,21944,22251,22549,22833,23181,23423,23646,23856,24100,24259,24402,24519,24644,24713,24756,24772,24740,24686,24604,24490,24292,24102,23874,23619,23253,22914,22568,22181,21619,21144,20654,20125,19387,18798,18171,17532,16648,15939,15228,14493,13505,12761,12017,11254,10269,9518,8763,8010,7038,6312,5593,4905,4067,3522,3053,2621,2121,1800,1514,1264,981,800,645,506,343,261,176,116,50,21,1,0,0,0,0,0,2,3,6,2,16,g
0,0,7,19,35,52,77,124,161,197,241,289,334,382,435,493,539,584,647,726,805,904,1010,1194,1347,1495,1653,1849,1968,2087,2185,2311,2386,2448,2498,2540,2560,2578,2590,2593,2588,2566,2547,2516,2496,2485,2471,2450,2444,2443,2450,2475,2517,2566,2630,2737,2825,2918,3018,3135,3225,3305,3385,3492,3576,3671,3782,3968,4125,4292,4442,4679,4867,5051,5244,5521,5755,5988,6243,6604,6884,7158,7438,7843,8128,8434,8727,9130,9418,9711,10032,10431,10725,11035,11335,11752,12053,12363,12679,13110,13438,13773,14119,14581,14927,15273,15624,16089,16432,16779,17140,17588,17922,18254,18585,19016,19335,19651,19961,20348,20627,20906,21181,21526,21743,21968,22154,22387,22534,22686,22796,22911,22980,23034,23063,23059,23027,22972,22887,22726,22574,22392,22182,21847,21563,21253,20913,20413,20000,19562,19100,18445,17917,17363,16787,15980,15353,14707,14047,13157,12478,11786,11091,10163,9467,8772,8075,7154,6468,5814,5155,4307,3744,3254,2806,2301,1975,1691,1419,1122,917,763,609,438,325,236,159,83,35,12,6,14,14,11,15,8,3,0,0,0,g
0,23,26,45,66,91,116,170,214,258,297,360,413,449,495,565,608,662,712,792,867,959,1069,1252,1401,1554,1703,1882,1999,2110,2217,2332,2407,2461,2498,2529,2542,2553,2556,2536,2518,2493,2465,2437,2426,2421,2422,2441,2469,2484,2510,2552,2574,2639,2679,2752,2827,2879,2930,3003,3047,3101,3137,3209,3279,3351,3426,3544,3659,3774,3913,4107,4267,4434,4613,4877,5093,5331,5581,5934,6232,6513,6821,7227,7538,7854,8173,8619,8956,9303,9646,10129,10478,10837,11193,11665,12023,12385,12750,13251,13642,14024,14407,14915,15311,15677,16064,16582,16958,17342,17717,18222,18598,18973,19365,19851,20221,20567,20898,21332,21640,21932,22202,22544,22775,22999,23197,23443,23602,23738,23855,23978,24041,24077,24092,24072,24028,23948,23840,23649,23468,23258,23018,22642,22326,21979,21595,21042,20591,20138,19639,18921,18355,17756,17118,16256,15574,14901,14179,13212,12491,11768,11021,10052,9327,8586,7865,6907,6189,5486,4808,3995,3462,3013,2597,2109,1787,1500,1253,974,818,657,518,354,259,171,106,38,9,14,1,0,0,0,0,0,0,0,0,0,g
36,45,54,65,85,114,141,200,237,290,317,365,400,437,481,540,594,645,703,788,881,996,1131,1340,1507,1669,1817,1991,2115,2225,2328,2446,2521,2575,2616,2662,2689,2715,2734,2766,2782,2778,2770,2751,2720,2690,2673,2657,2640,2626,2619,2646,2686,2735,2785,2855,2920,2966,3018,3079,3128,3171,3214,3307,3394,3487,3594,3755,3892,4040,4192,4414,4597,4793,5007,5322,5568,5823,6090,6451,6734,7024,7319,7719,8029,8333,8647,9077,9423,9761,10107,10585,10941,11298,11679,12190,12562,12946,13328,13849,14259,14664,15067,15637,16028,16424,16823,17352,17737,18123,18507,19022,19384,19738,20082,20533,20854,21175,21483,21877,22154,22411,22659,22958,23166,23357,23532,23736,23858,23965,24043,24118,24149,24160,24149,24094,24025,23925,23801,23586,23414,23214,22970,22599,22286,21938,21547,20995,20552,20073,19564,18855,18285,17700,17099,16227,15563,14900,14193,13250,12524,11809,11068,10087,9366,8645,7925,6970,6268,5566,4883,4040,3504,3029,2608,2117,1799,1513,1260,973,798,643,507,352,259,172,103,30,0,0,0,0,0,0,0,1,7,10,8,15,g
29,34,39,76,91,127,147,187,222,259,296,357,394,461,498,557,603,656,716,833,917,1026,1161,1360,1521,1671,1813,1990,2108,2215,2320,2433,2493,2538,2566,2610,2637,2635,2659,2645,2619,2616,2586,2557,2556,2533,2526,2507,2487,2471,2460,2456,2480,2492,2514,2564,2604,2641,2689,2738,2776,2809,2847,2901,2950,3016,3103,3249,3373,3515,3664,3882,4061,4259,4473,4788,5044,5311,5589,5981,6283,6596,6916,7350,7694,8050,8397,8871,9230,9584,9939,10424,10788,11134,11489,11963,12320,12668,13034,13528,13897,14287,14664,15179,15595,15978,16366,16892,17291,17703,18101,18637,19040,19434,19823,20338,20722,21091,21446,21903,22235,22550,22848,23217,23476,23724,23945,24198,24365,24504,24624,24742,24808,24848,24864,24833,24776,24720,24605,24412,24209,23983,23719,23325,22992,22638,22242,21656,21186,20697,20163,19410,18821,18206,17563,16664,15958,15228,14500,13504,12748,11990,11233,10223,9459,8700,7952,6970,6241,5521,4819,3992,3454,2979,2557,2069,1751,1467,1215,932,756,605,464,306,209,139,83,32,7,8,6,0,27,16,10,22,15,16,6,14,g
0,0,20,67,96,131,179,227,282,330,370,430,489,527,591,668,717,784,858,993,1123,1272,1425,1634,1781,1918,2042,2197,2302,2395,2472,2546,2583,2606,2619,2631,2634,2630,2610,2571,2542,2510,2487,2462,2447,2437,2436,2443,2461,2495,2545,2637,2750,2860,2980,3119,3231,3312,3388,3491,3577,3654,3743,3893,4023,4170,4334,4561,4741,4944,5129,5409,5632,5872,6136,6514,6787,7102,7419,7830,8144,8470,8798,9235,9566,9903,10249,10712,11060,11399,11750,12224,12577,12932,13302,13795,14165,14538,14916,15429,15814,16204,16597,17104,17492,17860,18234,18722,19089,19456,19846,20321,20694,21035,21375,21830,22162,22487,22779,23175,23456,23706,23956,24257,24467,24671,24850,25040,25170,25270,25349,25429,25461,25471,25455,25385,25304,25191,25050,24817,24604,24361,24079,23662,23311,22927,22512,21919,21436,20923,20382,19605,18999,18376,17736,16835,16147,15418,14691,13683,12914,12146,11372,10343,9596,8826,8073,7083,6355,5621,4931,4083,3545,3079,2642,2146,1822,1545,1276,998,813,656,515,347,250,166,95,30,0,0,0,0,0,0,0,0,0,0,0,0,g
0,0,6,30,66,100,147,181,212,256,309,378,424,475,521,586,643,704,771,896,1000,1130,1292,1511,1672,1817,1952,2116,2225,2324,2408,2490,2531,2552,2568,2579,2583,2576,2564,2531,2497,2465,2443,2415,2403,2400,2395,2389,2389,2394,2406,2455,2499,2562,2634,2745,2845,2926,3040,3160,3250,3360,3455,3614,3734,3881,4042,4263,4432,4618,4812,5051,5249,5458,5682,6019,6261,6543,6803,7164,7447,7738,8030,8432,8740,9054,9379,9821,10165,10515,10867,11343,11706,12099,12458,12955,13332,13730,14103,14634,15037,15442,15848,16391,16814,17226,17633,18167,18575,18973,19384,19913,20293,20685,21053,21531,21889,22228,22547,22978,23268,23548,23813,24136,24359,24570,24762,24976,25111,25229,25314,25395,25430,25446,25429,25358,25273,25158,25015,24775,24558,24312,24025,23598,23240,22849,22430,21825,21338,20820,20275,19500,18891,18268,17624,16722,16027,15301,14567,13562,12800,12037,11272,10252,9489,8739,7981,6980,6246,5536,4840,4019,3498,3027,2608,2120,1806,1510,1272,994,810,646,505,349,249,162,95,36,1,0,0,0,0,0,0,0,0,0,0,0,g
0,0,0,11,22,40,69,117,152,181,212,267,300,345,393,462,517,564,624,712,803,896,1029,1207,1369,1525,1669,1851,1978,2082,2191,2313,2388,2444,2497,2528,2553,2556,2566,2549,2529,2499,2475,2437,2424,2422,2417,2430,2444,2467,2498,2552,2602,2671,2740,2858,2949,3043,3134,3257,3341,3431,3521,3649,3762,3904,4058,4289,4476,4667,4844,5110,5305,5505,5724,5994,6208,6431,6660,6989,7244,7506,7766,8125,8404,8689,8958,9334,9636,9929,10256,10679,10990,11308,11629,12069,12404,12750,13098,13573,13925,14291,14658,15144,15503,15862,16218,16696,17042,17383,17727,18176,18507,18839,19166,19587,19891,20196,20490,20869,21137,21398,21633,21945,22172,22366,22532,22747,22896,23011,23110,23218,23266,23301,23319,23300,23257,23210,23107,22920,22746,22543,22312,21956,21661,21331,20972,20449,20024,19578,19103,18424,17887,17324,16735,15916,15279,14625,13957,13051,12366,11674,10977,10043,9341,8637,7940,7023,6353,5678,5020,4183,3626,3164,2729,2221,1895,1602,1345,1052,883,726,591,429,328,240,159,85,44,32,24,13,21,22,19,9,9,7,2,0,g
6,12,13,31,52,89,127,181,226,268,318,372,415,472,533,599,643,699,767,889,1012,1141,1300,1518,1675,1816,1944,2112,2212,2305,2390,2472,2520,2544,2567,2589,2597,2603,2587,2550,2511,2476,2439,2395,2364,2333,2308,2282,2263,2259,2276,2289,2329,2368,2419,2517,2578,2641,2711,2814,2888,2971,3052,3176,3297,3427,3580,3791,3958,4138,4327,4593,4810,5052,5308,5662,5940,6229,6526,6929,7241,7559,7886,8333,8672,9018,9373,9854,10218,10588,10952,11440,11806,12168,12537,13018,13389,13761,14153,14681,15075,15469,15876,16393,16790,17202,17587,18129,18512,18920,19290,19790,20184,20561,20920,21442,21791,22107,22427,22832,23124,23404,23655,23956,24174,24366,24537,24731,24860,24964,25048,25123,25163,25166,25146,25066,24989,24869,24725,24481,24266,24013,23729,23308,22955,22568,22151,21550,21085,20562,20018,19283,18679,18033,17380,16468,15768,15061,14324,13347,12599,11845,11082,10093,9344,8589,7850,6866,6153,5443,4755,3938,3418,2952,2531,2048,1733,1458,1210,929,755,601,463,306,210,133,68,7,0,0,0,0,0,0,0,0,0,0,0,0,g
27,47,56,77,111,137,173,225,262,312,350,417,463,514,563,631,687,751,821,953,1076,1223,1384,1608,1764,1919,2054,2230,2338,2432,2515,2604,2650,2682,2705,2741,2761,2760,2741,2701,2658,2618,2580,2539,2517,2514,2497,2494,2508,2524,2574,2639,2688,2777,2845,2947,3040,3134,3225,3364,3454,3572,3680,3832,3954,4083,4211,4399,4551,4711,4887,5151,5371,5607,5859,6206,6481,6763,7050,7446,7749,8053,8366,8794,9118,9451,9795,10264,10625,10995,11383,11909,12323,12732,13159,13731,14171,14630,15089,15727,16221,16694,17176,17815,18298,18786,19259,19898,20375,20859,21335,21945,22385,22831,23254,23790,24184,24558,24923,25367,25683,25983,26265,26606,26845,27056,27245,27466,27593,27700,27777,27843,27864,27857,27833,27733,27623,27491,27318,27040,26801,26515,26210,25749,25369,24943,24499,23835,23305,22770,22184,21344,20692,20006,19280,18295,17524,16733,15947,14855,14015,13187,12371,11252,10418,9601,8791,7729,6949,6181,5434,4501,3897,3365,2891,2346,1994,1675,1395,1074,875,702,550,376,268,183,110,34,0,0,0,0,0,0,0,7,14,5,8,18,f
0,0,10,30,51,83,107,158,198,237,284,340,384,429,475,535,582,659,751,871,973,1090,1246,1447,1613,1768,1945,2117,2241,2360,2444,2548,2606,2645,2664,2701,2712,2699,2694,2688,2670,2633,2617,2587,2570,2561,2562,2559,2561,2561,2574,2601,2631,2680,2727,2806,2870,2934,2992,3057,3129,3170,3212,3285,3355,3442,3531,3669,3779,3915,4066,4249,4412,4575,4763,5058,5295,5538,5798,6161,6443,6752,7051,7464,7773,8090,8405,8845,9185,9552,9909,10375,10721,11075,11429,11903,12267,12636,13021,13519,13907,14298,14694,15225,15624,16025,16429,16970,17376,17778,18181,18710,19106,19495,19882,20378,20739,21093,21456,21923,22247,22565,22851,23191,23444,23672,23855,24073,24248,24390,24479,24595,24697,24699,24694,24671,24598,24507,24382,24209,23993,23780,23503,23141,22853,22487,22084,21498,21027,20517,19993,19244,18644,18023,17370,16475,15773,15066,14346,13360,12617,11865,11116,10104,9344,8611,7871,6885,6163,5464,4765,3953,3442,2974,2571,2093,1788,1509,1261,984,818,655,520,363,266,190,125,61,32,11,4,21,13,6,0,0,0,0,0,0,g
57,81,111,148,184,225,266,328,378,431,480,554,605,665,731,844,954,1086,1241,1469,1645,1817,1987,2223,2407,2585,2755,2978,3117,3262,3381,3522,3625,3710,3769,3861,3913,3979,4021,4099,4181,4269,4358,4495,4588,4679,4773,4919,5049,5187,5330,5531,5695,5864,6045,6290,6474,6644,6799,6980,7085,7174,7252,7337,7419,7475,7539,7622,7681,7738,7814,7884,7946,8017,8089,8210,8309,8416,8536,8728,8867,9031,9227,9483,9709,9937,10186,10549,10832,11139,11443,11871,12210,12550,12896,13378,13759,14133,14522,15046,15443,15851,16265,16825,17245,17669,18091,18656,19075,19493,19905,20437,20829,21217,21590,22074,22423,22763,23090,23499,23794,24064,24316,24623,24849,25052,25234,25451,25587,25712,25798,25907,25948,25954,25950,25894,25831,25709,25576,25364,25140,24898,24622,24227,23884,23512,23087,22509,22032,21516,20973,20201,19589,18949,18280,17348,16621,15875,15114,14068,13283,12485,11685,10624,9830,9041,8259,7233,6479,5731,5009,4145,3591,3097,2663,2154,1821,1527,1272,991,821,659,514,361,261,197,125,66,28,7,0,0,0,1,0,0,0,0,0,0,b
0,0,0,18,35,57,80,123,156,194,234,292,334,376,425,484,537,586,640,727,857,979,1110,1328,1482,1642,1789,1956,2075,2180,2270,2384,2441,2476,2503,2536,2551,2545,2568,2561,2541,2512,2485,2482,2476,2466,2489,2502,2499,2497,2501,2515,2536,2574,2614,2676,2742,2804,2869,2948,3014,3089,3155,3240,3348,3429,3523,3676,3796,3926,4059,4251,4411,4611,4796,5087,5310,5560,5823,6185,6451,6744,7030,7412,7707,8023,8333,8766,9095,9445,9798,10285,10639,11005,11371,11873,12252,12642,13037,13574,13989,14406,14833,15412,15846,16280,16715,17301,17735,18167,18598,19164,19585,19999,20404,20933,21313,21686,22045,22506,22830,23166,23473,23861,24124,24380,24606,24856,25016,25148,25249,25356,25435,25470,25477,25416,25390,25269,25158,24955,24736,24500,24215,23781,23447,23061,22629,22015,21526,21004,20458,19677,19062,18423,17749,16815,16088,15358,14598,13577,12803,12029,11257,10223,9455,8691,7935,6950,6221,5503,4799,3973,3437,2959,2548,2062,1750,1482,1231,958,804,646,518,356,260,182,114,50,19,0,3,3,0,0,0,3,0,0,0,0,g
58,68,79,107,120,151,193,230,260,321,346,395,436,482,529,587,635,682,736,831,913,1016,1131,1321,1481,1633,1780,1961,2081,2180,2278,2385,2451,2494,2524,2549,2572,2575,2576,2561,2527,2521,2483,2473,2455,2467,2468,2502,2496,2502,2500,2510,2523,2548,2588,2658,2722,2791,2869,2978,3058,3126,3199,3295,3367,3450,3540,3671,3779,3901,4033,4224,4387,4572,4766,5053,5285,5529,5784,6139,6419,6712,7038,7454,7787,8119,8452,8909,9257,9614,9977,10494,10862,11236,11632,12137,12541,12949,13347,13876,14287,14694,15119,15691,16114,16554,16972,17557,17980,18395,18812,19360,19771,20168,20565,21073,21442,21804,22163,22610,22930,23235,23524,23876,24129,24352,24571,24804,24961,25095,25203,25311,25370,25397,25412,25360,25290,25185,25054,24842,24629,24393,24131,23712,23361,23006,22595,21992,21501,20980,20438,19667,19053,18420,17765,16829,16116,15371,14623,13600,12831,12060,11286,10250,9476,8710,7948,6949,6221,5499,4794,3966,3431,2956,2533,2046,1728,1448,1199,918,743,589,449,295,219,156,98,47,32,1,18,6,6,21,14,23,22,22,18,14,g
0,0,0,1,14,29,52,101,141,194,239,304,354,393,457,500,551,596,650,721,786,849,938,1074,1201,1342,1503,1707,1838,1951,2069,2199,2277,2364,2418,2452,2474,2482,2494,2493,2481,2466,2440,2401,2379,2375,2368,2369,2380,2398,2405,2428,2460,2483,2526,2598,2667,2748,2834,2971,3063,3167,3262,3409,3503,3611,3733,3918,4057,4222,4392,4604,4777,4944,5129,5374,5575,5782,5999,6295,6536,6793,7039,7380,7639,7903,8167,8530,8811,9096,9387,9792,10106,10429,10752,11190,11524,11858,12198,12651,12995,13341,13692,14165,14522,14878,15225,15695,16044,16402,16763,17236,17584,17920,18269,18688,19004,19313,19637,20034,20314,20618,20861,21169,21411,21615,21804,22031,22186,22334,22451,22572,22661,22722,22749,22776,22751,22695,22609,22455,22302,22123,21916,21600,21316,21018,20684,20188,19785,19362,18911,18268,17747,17192,16621,15821,15200,14558,13908,13034,12349,11666,11007,10104,9411,8724,8040,7122,6449,5772,5117,4277,3714,3231,2788,2274,1942,1654,1393,1095,903,750,617,444,330,237,155,74,32,3,0,0,0,0,0,0,0,0,0,0,g
3,15,31,56,80,105,148,209,253,286,344,394,457,499,557,629,675,722,783,879,986,1104,1221,1402,1573,1715,1839,2005,2117,2246,2322,2413,2474,2512,2554,2559,2566,2565,2557,2541,2513,2488,2477,2482,2495,2523,2563,2605,2638,2666,2710,2764,2824,2880,2950,3061,3153,3246,3349,3477,3562,3644,3724,3844,3937,4052,4164,4336,4477,4620,4772,5008,5190,5388,5601,5900,6144,6395,6657,7040,7328,7626,7939,8361,8683,9021,9357,9823,10184,10552,10924,11423,11803,12186,12566,13078,13453,13829,14207,14719,15099,15485,15871,16390,16779,17164,17550,18070,18484,18885,19285,19811,20203,20564,20932,21411,21769,22143,22477,22931,23244,23534,23801,24154,24397,24629,24846,25072,25239,25368,25489,25600,25648,25677,25676,25629,25557,25450,25314,25084,24875,24632,24360,23950,23601,23215,22804,22192,21704,21201,20649,19863,19251,18607,17935,17005,16278,15540,14783,13760,13008,12232,11458,10417,9653,8878,8120,7116,6383,5656,4938,4104,3555,3070,2649,2146,1822,1532,1280,1005,832,682,527,364,260,171,103,39,9,0,0,0,0,0,0,0,0,0,0,0,g
0,1,13,36,59,80,107,150,187,223,260,314,356,400,444,506,558,612,670,757,839,939,1058,1274,1441,1613,1780,1964,2094,2216,2329,2453,2543,2588,2626,2669,2683,2705,2712,2698,2689,2666,2643,2604,2589,2572,2582,2551,2543,2523,2511,2498,2504,2520,2549,2599,2644,2693,2749,2807,2838,2877,2913,2962,3006,3075,3137,3251,3354,3469,3596,3787,3951,4131,4323,4607,4840,5087,5344,5727,6014,6334,6644,7069,7379,7704,8029,8469,8822,9177,9534,10022,10405,10775,11154,11661,12034,12424,12805,13323,13719,14128,14533,15082,15501,15920,16341,16898,17316,17730,18145,18693,19094,19493,19889,20409,20782,21147,21501,21957,22278,22585,22875,23232,23494,23730,23943,24208,24383,24514,24637,24753,24813,24844,24855,24811,24745,24660,24534,24343,24139,23937,23667,23265,22935,22560,22155,21574,21098,20585,20053,19298,18695,18066,17413,16515,15811,15095,14366,13393,12643,11881,11127,10111,9357,8615,7871,6892,6171,5463,4769,3953,3423,2955,2539,2056,1738,1477,1239,956,783,636,494,354,254,187,132,62,31,12,2,0,0,0,3,0,2,0,0,0,g
0,0,3,28,50,78,106,155,196,236,276,333,378,423,470,543,597,655,721,844,962,1098,1247,1485,1643,1793,1946,2137,2260,2368,2447,2557,2605,2638,2684,2709,2743,2750,2743,2735,2703,2675,2651,2629,2605,2598,2564,2522,2493,2470,2462,2460,2488,2514,2549,2613,2665,2719,2784,2835,2875,2905,2930,2984,3026,3084,3162,3292,3405,3552,3682,3888,4060,4266,4474,4779,5020,5274,5537,5916,6223,6527,6857,7297,7642,7982,8336,8841,9234,9617,10026,10562,10979,11393,11817,12392,12831,13279,13730,14343,14808,15283,15754,16397,16876,17359,17839,18469,18941,19409,19866,20470,20918,21357,21785,22339,22742,23134,23507,23980,24329,24659,24971,25346,25597,25841,26047,26291,26447,26573,26688,26773,26815,26842,26825,26759,26681,26576,26412,26174,25938,25667,25367,24963,24600,24197,23786,23134,22616,22072,21496,20695,20050,19372,18673,17704,16950,16186,15400,14345,13533,12719,11919,10831,10020,9211,8416,7377,6607,5853,5117,4236,3661,3164,2724,2211,1873,1585,1317,1043,850,682,530,363,261,192,117,62,41,17,13,12,9,19,25,12,16,6,0,0,g
19,30,43,81,117,132,171,215,248,295,339,397,448,491,543,612,666,724,791,914,1022,1161,1315,1527,1688,1839,1971,2126,2236,2335,2419,2505,2546,2574,2593,2611,2644,2640,2633,2609,2588,2558,2543,2503,2488,2459,2429,2420,2422,2418,2441,2475,2517,2577,2638,2724,2798,2869,2918,2988,3031,3065,3095,3138,3180,3241,3316,3431,3535,3656,3782,3976,4142,4326,4529,4817,5059,5307,5570,5946,6241,6552,6862,7298,7639,8001,8375,8885,9264,9655,10041,10554,10938,11338,11721,12249,12642,13051,13459,14006,14454,14876,15308,15903,16354,16792,17223,17802,18264,18690,19113,19690,20109,20517,20923,21451,21844,22223,22586,23055,23381,23695,23989,24350,24603,24834,25042,25292,25443,25577,25694,25802,25854,25879,25876,25826,25754,25654,25557,25318,25133,24890,24612,24203,23857,23463,23051,22451,21946,21421,20877,20094,19465,18815,18135,17201,16469,15731,14971,13945,13148,12351,11559,10503,9718,8937,8168,7157,6413,5678,4964,4107,3556,3068,2633,2131,1802,1506,1250,957,776,619,482,324,221,137,83,24,9,13,6,15,20,6,3,16,20,12,20,11,g
0,0,0,1,13,31,48,85,115,147,181,231,278,323,368,426,489,543,600,677,734,827,932,1104,1249,1410,1594,1788,1915,2046,2154,2296,2391,2445,2498,2545,2567,2589,2615,2651,2662,2668,2664,2655,2642,2626,2601,2572,2552,2533,2525,2530,2543,2571,2617,2692,2753,2817,2878,2954,3006,3053,3100,3164,3214,3274,3350,3495,3614,3752,3900,4104,4262,4451,4633,4928,5152,5380,5627,5969,6247,6537,6812,7207,7497,7791,8109,8524,8837,9172,9500,9941,10274,10592,10908,11332,11647,11972,12295,12733,13066,13396,13740,14194,14543,14894,15239,15694,16030,16374,16714,17167,17500,17834,18166,18599,18922,19255,19556,19966,20254,20542,20825,21157,21389,21627,21828,22059,22232,22372,22493,22630,22721,22772,22809,22820,22807,22756,22688,22534,22387,22210,22003,21681,21406,21095,20755,20262,19863,19431,18973,18316,17791,17246,16674,15872,15255,14613,13957,13069,12393,11711,11023,10103,9414,8720,8031,7118,6449,5783,5134,4286,3732,3250,2821,2310,1973,1682,1432,1135,935,775,622,461,349,270,188,111,84,51,33,27,26,34,22,15,7,6,2,0,g
17,21,32,67,85,102,141,179,215,252,294,363,406,447,490,560,623,667,737,853,961,1079,1222,1436,1597,1751,1888,2056,2168,2271,2361,2462,2522,2560,2593,2624,2646,2661,2671,2658,2642,2630,2606,2575,2557,2536,2514,2511,2501,2516,2515,2551,2580,2638,2694,2800,2856,2916,2990,3068,3127,3190,3270,3401,3498,3612,3749,3970,4127,4304,4488,4748,4958,5183,5419,5761,6023,6293,6574,6966,7270,7578,7890,8309,8634,8962,9295,9731,10069,10409,10747,11200,11539,11882,12225,12705,13074,13446,13814,14328,14717,15088,15458,15965,16342,16716,17104,17630,18002,18379,18783,19272,19653,20035,20402,20888,21240,21580,21923,22362,22683,22987,23253,23589,23820,24029,24231,24465,24622,24762,24881,24984,25049,25079,25080,25041,24994,24895,24764,24540,24330,24098,23830,23430,23087,22715,22313,21725,21265,20764,20219,19469,18868,18233,17576,16672,15956,15239,14503,13502,12753,11986,11233,10216,9446,8690,7940,6944,6217,5498,4795,3969,3436,2963,2544,2055,1741,1457,1209,929,757,603,463,307,212,130,71,10,0,0,0,0,0,0,0,0,0,0,0,0,g
10,23,37,63,94,117,154,199,240,285,341,405,450,498,536,597,646,720,781,896,996,1136,1289,1521,1690,1857,1999,2177,2294,2397,2492,2592,2648,2690,2724,2761,2785,2801,2804,2785,2759,2719,2680,2628,2592,2559,2526,2486,2465,2454,2453,2479,2520,2574,2635,2746,2846,2924,3005,3126,3202,3275,3362,3482,3603,3746,3880,4118,4298,4480,4663,4944,5165,5432,5678,6050,6314,6603,6903,7309,7621,7934,8267,8696,9021,9343,9676,10119,10454,10796,11138,11597,11935,12274,12621,13096,13457,13834,14223,14744,15150,15563,15982,16543,16981,17401,17823,18382,18799,19240,19661,20227,20628,21027,21415,21932,22312,22693,23028,23470,23796,24069,24351,24682,24909,25110,25300,25508,25659,25764,25862,25931,25960,25961,25938,25855,25762,25635,25476,25216,24983,24717,24423,23977,23608,23212,22784,22167,21674,21143,20589,19809,19186,18545,17875,16943,16223,15498,14758,13758,12975,12219,11437,10424,9662,8899,8121,7125,6379,5666,4955,4106,3566,3084,2651,2161,1835,1568,1300,1008,843,683,539,386,280,198,124,50,16,0,0,0,0,0,0,0,0,0,0,0,g
0,0,17,44,66,95,123,167,201,261,306,374,419,468,516,587,636,701,775,878,990,1124,1282,1497,1679,1827,1991,2152,2271,2395,2495,2599,2675,2710,2747,2770,2783,2793,2792,2776,2744,2710,2673,2634,2607,2579,2550,2515,2499,2475,2468,2466,2483,2505,2528,2571,2602,2635,2649,2674,2705,2718,2751,2786,2828,2897,2988,3152,3282,3442,3602,3841,4038,4278,4521,4876,5163,5457,5760,6191,6525,6879,7235,7698,8057,8417,8786,9279,9656,10030,10397,10887,11249,11605,11961,12437,12803,13172,13549,14073,14469,14871,15274,15835,16257,16678,17105,17680,18110,18535,18980,19561,19993,20420,20851,21407,21794,22189,22558,23063,23405,23717,24014,24399,24658,24892,25110,25379,25546,25687,25798,25909,25967,25992,25988,25945,25902,25806,25661,25415,25194,24944,24655,24221,23861,23464,23030,22414,21913,21381,20829,20033,19415,18761,18093,17134,16396,15639,14870,13830,13065,12265,11473,10418,9634,8852,8103,7099,6349,5651,4933,4090,3552,3080,2637,2143,1822,1537,1279,986,810,663,534,381,285,195,123,52,16,0,0,0,0,0,0,0,0,0,0,0,g
0,0,0,23,67,101,144,201,248,277,337,385,424,462,505,564,609,662,722,827,924,1071,1208,1419,1579,1747,1902,2087,2210,2342,2446,2569,2650,2698,2727,2756,2762,2770,2764,2734,2707,2666,2623,2589,2558,2540,2522,2495,2487,2481,2480,2489,2514,2550,2612,2687,2762,2830,2899,2985,3060,3134,3230,3356,3480,3626,3776,4011,4223,4430,4641,4941,5175,5412,5666,6044,6327,6633,6940,7356,7679,8010,8344,8806,9157,9511,9875,10363,10738,11115,11499,12014,12400,12790,13181,13699,14095,14494,14892,15431,15832,16237,16641,17168,17560,17960,18362,18879,19267,19638,19995,20466,20821,21176,21501,21951,22281,22595,22884,23289,23566,23822,24072,24350,24542,24728,24885,25068,25184,25274,25345,25433,25446,25446,25418,25342,25243,25122,24976,24731,24506,24251,23965,23543,23183,22809,22397,21805,21324,20813,20277,19510,18905,18281,17636,16731,16030,15312,14602,13615,12871,12125,11361,10350,9603,8841,8088,7098,6362,5656,4939,4092,3552,3072,2647,2157,1832,1550,1286,1003,818,654,508,345,240,156,87,22,0,0,0,0,0,0,0,0,0,0,0,0,g
0,6,27,54,79,106,134,184,239,291,351,425,477,524,573,672,717,786,875,999,1139,1279,1435,1659,1811,1943,2075,2235,2341,2436,2513,2606,2646,2679,2711,2729,2732,2728,2710,2666,2620,2576,2529,2472,2438,2401,2370,2338,2318,2309,2313,2338,2366,2416,2456,2515,2556,2589,2627,2679,2730,2817,2896,3032,3169,3313,3476,3706,3902,4102,4304,4593,4830,5062,5312,5681,5957,6241,6536,6940,7240,7532,7833,8230,8520,8818,9122,9535,9865,10198,10543,11017,11385,11758,12145,12679,13097,13531,13975,14590,15063,15544,16031,16691,17192,17694,18194,18858,19353,19847,20355,21027,21520,22000,22477,23058,23532,23935,24333,24850,25201,25547,25867,26238,26504,26764,26974,27249,27405,27547,27656,27767,27809,27820,27804,27742,27666,27534,27387,27123,26896,26622,26326,25877,25499,25081,24638,23997,23477,22932,22345,21525,20869,20181,19476,18484,17710,16922,16110,15006,14167,13321,12474,11362,10524,9695,8888,7811,7039,6267,5512,4574,3964,3422,2941,2393,2042,1726,1438,1117,916,745,594,417,309,211,135,57,14,0,0,0,0,0,0,0,0,0,0,0,f
15,30,51,71,100,122,155,208,252,294,339,398,443,514,564,629,693,752,822,954,1063,1222,1378,1603,1770,1925,2074,2230,2343,2450,2546,2633,2682,2714,2741,2771,2785,2796,2798,2779,2751,2719,2688,2649,2617,2592,2568,2544,2532,2527,2548,2589,2639,2701,2766,2858,2929,2998,3067,3149,3215,3283,3381,3528,3660,3798,3955,4158,4318,4476,4643,4932,5128,5385,5615,5940,6220,6518,6789,7188,7511,7818,8124,8565,8883,9231,9559,10016,10379,10741,11108,11602,11986,12360,12751,13279,13680,14087,14507,15079,15505,15933,16370,16956,17391,17822,18247,18811,19226,19637,20049,20586,20981,21374,21759,22260,22642,23009,23356,23778,24099,24377,24652,24977,25205,25425,25616,25825,25953,26078,26171,26262,26299,26315,26301,26242,26151,26031,25885,25638,25412,25165,24883,24451,24090,23697,23275,22667,22182,21655,21108,20319,19697,19045,18375,17434,16707,15962,15201,14165,13377,12587,11796,10763,10007,9234,8479,7482,6714,5986,5274,4374,3811,3294,2836,2302,1982,1664,1413,1122,921,772,634,487,368,268,175,103,80,39,38,28,20,11,8,4,2,2,0,0,g
57,71,89,113,129,152,187,237,273,319,366,420,470,521,576,661,735,829,924,1092,1243,1412,1586,1819,1985,2139,2283,2471,2602,2731,2825,2905,2950,2971,2977,2970,2961,2935,2897,2838,2798,2764,2723,2697,2693,2694,2688,2711,2715,2732,2762,2812,2861,2915,2973,3053,3112,3172,3235,3321,3395,3483,3586,3752,3898,4061,4233,4472,4655,4835,5010,5257,5449,5658,5878,6197,6454,6743,7043,7448,7755,8072,8389,8803,9126,9467,9822,10298,10674,11059,11442,11960,12359,12767,13183,13736,14152,14570,15011,15601,16067,16510,16977,17580,18034,18485,18941,19557,20028,20485,20934,21539,21986,22431,22862,23423,23827,24214,24608,25073,25404,25735,26028,26387,26651,26867,27072,27309,27453,27578,27700,27800,27836,27859,27839,27759,27689,27562,27420,27154,26908,26641,26336,25860,25477,25056,24596,23936,23417,22855,22258,21412,20749,20054,19331,18326,17548,16752,15930,14820,13977,13129,12286,11159,10321,9494,8676,7604,6813,6037,5288,4370,3781,3264,2805,2268,1915,1603,1327,1043,857,704,562,408,300,228,144,93,65,37,31,22,18,21,15,12,20,10,2,29,b
0,0,0,11,35,60,88,136,172,212,254,308,350,391,437,503,578,652,715,823,917,1021,1146,1349,1506,1677,1820,2002,2100,2208,2320,2427,2484,2564,2590,2608,2621,2622,2633,2614,2587,2556,2538,2496,2460,2437,2409,2374,2351,2338,2327,2338,2351,2369,2404,2460,2529,2583,2649,2741,2796,2854,2902,2985,3072,3158,3253,3408,3529,3668,3814,4021,4208,4400,4600,4906,5145,5385,5668,6041,6330,6621,6941,7346,7660,7984,8325,8788,9132,9480,9848,10324,10677,11037,11397,11875,12245,12613,12992,13496,13881,14273,14666,15198,15602,16003,16404,16937,17340,17747,18146,18689,19085,19475,19863,20372,20746,21126,21499,21971,22298,22603,22910,23263,23540,23771,24012,24265,24447,24576,24703,24834,24900,24941,24941,24920,24864,24790,24674,24462,24279,24048,23782,23392,23057,22686,22285,21702,21239,20731,20197,19443,18841,18210,17557,16647,15934,15211,14471,13483,12717,11965,11197,10173,9415,8655,7903,6917,6189,5470,4781,3968,3436,2975,2556,2079,1754,1475,1223,955,775,632,488,335,248,164,102,42,22,4,0,0,0,0,0,0,0,0,0,0,g
23,12,9,25,41,51,79,106,126,155,187,236,274,308,351,410,460,507,549,621,681,750,824,961,1077,1215,1372,1596,1756,1899,2029,2205,2312,2403,2499,2576,2609,2641,2685,2723,2746,2759,2785,2752,2726,2705,2694,2661,2643,2630,2613,2606,2603,2608,2629,2682,2735,2797,2856,2947,3012,3070,3122,3201,3260,3323,3394,3507,3603,3716,3841,4026,4179,4344,4514,4767,4970,5187,5410,5739,5999,6252,6500,6851,7103,7349,7615,7931,8173,8406,8656,8989,9235,9469,9720,10044,10276,10524,10786,11153,11423,11726,12031,12468,12807,13140,13470,13923,14269,14617,14963,15437,15794,16151,16508,16984,17336,17689,18034,18483,18812,19128,19434,19820,20083,20345,20591,20882,21083,21270,21433,21623,21748,21832,21911,21960,21984,21984,21950,21857,21742,21608,21432,21151,20906,20632,20325,19880,19511,19111,18685,18073,17581,17061,16515,15753,15157,14544,13916,13059,12406,11748,11083,10200,9530,8863,8199,7309,6649,5996,5346,4503,3909,3386,2935,2407,2060,1756,1480,1159,955,791,660,485,389,304,217,143,102,58,30,33,37,23,17,31,23,16,12,23,f
12,41,58,84,118,137,171,237,271,303,340,392,437,475,530,581,628,676,731,815,892,989,1114,1310,1471,1635,1790,1979,2105,2223,2331,2457,2531,2588,2629,2669,2688,2702,2705,2694,2675,2651,2639,2642,2631,2637,2630,2581,2546,2521,2512,2489,2481,2493,2514,2521,2565,2619,2647,2691,2724,2774,2796,2824,2868,2920,2991,3129,3232,3359,3480,3681,3852,4040,4242,4549,4797,5058,5330,5717,6025,6335,6654,7092,7433,7778,8121,8580,8939,9301,9668,10166,10548,10927,11313,11832,12227,12616,13014,13548,13974,14388,14838,15420,15841,16294,16733,17321,17764,18195,18626,19199,19606,20015,20424,20950,21336,21707,22072,22533,22857,23166,23455,23813,24061,24295,24507,24750,24907,25046,25156,25269,25321,25348,25351,25302,25239,25137,25006,24780,24570,24326,24054,23664,23328,22974,22592,22003,21513,20977,20464,19675,19050,18427,17746,16803,16079,15336,14602,13601,12841,12083,11332,10272,9500,8733,7986,6983,6262,5547,4838,4000,3467,3000,2573,2090,1774,1491,1237,961,777,620,479,327,244,171,103,35,1,0,0,0,0,0,0,0,0,0,0,0,g
19,23,31,51,67,94,121,163,199,233,269,319,357,399,443,504,552,601,653,744,824,917,1038,1229,1390,1560,1731,1932,2073,2197,2305,2461,2547,2610,2659,2713,2731,2773,2784,2790,2798,2779,2791,2748,2743,2735,2713,2670,2646,2616,2594,2569,2557,2567,2573,2603,2634,2672,2713,2763,2796,2832,2857,2882,2904,2925,2958,3034,3106,3195,3301,3461,3597,3766,3947,4246,4459,4705,4943,5292,5577,5852,6145,6551,6861,7175,7499,7942,8285,8642,8979,9463,9817,10184,10534,11003,11370,11735,12109,12617,13010,13412,13821,14381,14798,15220,15647,16221,16651,17076,17496,18064,18481,18888,19295,19824,20210,20588,20957,21426,21759,22092,22414,22806,23076,23327,23559,23828,23996,24149,24283,24402,24468,24515,24531,24519,24476,24405,24294,24100,23913,23707,23454,23079,22770,22404,22021,21476,21003,20506,19984,19242,18655,18037,17393,16507,15809,15101,14394,13416,12669,11927,11181,10181,9442,8702,7958,6990,6268,5563,4874,4035,3493,3032,2603,2117,1809,1530,1273,994,823,660,519,369,266,177,108,38,5,0,0,0,0,0,0,0,0,0,0,0,g
0,35,43,64,84,104,123,176,205,246,299,341,381,430,477,547,598,651,714,815,911,1034,1184,1409,1579,1749,1899,2080,2202,2316,2421,2530,2587,2632,2661,2697,2720,2743,2749,2736,2711,2690,2674,2636,2606,2587,2556,2507,2477,2465,2485,2491,2522,2589,2646,2720,2811,2881,2940,3050,3099,3145,3199,3266,3325,3398,3471,3613,3712,3827,3955,4146,4305,4503,4689,4969,5190,5421,5662,5999,6258,6528,6806,7194,7480,7779,8092,8527,8875,9219,9581,10073,10448,10831,11218,11763,12182,12617,13059,13647,14099,14563,15033,15658,16147,16639,17125,17770,18264,18735,19198,19829,20282,20733,21191,21775,22180,22579,22966,23455,23807,24138,24452,24841,25104,25341,25570,25832,25993,26136,26254,26363,26413,26436,26431,26373,26300,26191,26053,25819,25598,25348,25065,24651,24294,23915,23495,22889,22389,21852,21283,20496,19856,19195,18505,17575,16820,16048,15288,14232,13435,12634,11839,10753,9957,9176,8388,7351,6595,5849,5114,4239,3673,3170,2723,2210,1871,1571,1308,1005,818,655,511,348,253,170,98,29,9,0,0,0,0,0,0,0,0,0,0,0,g
61,79,102,133,163,207,241,298,341,389,435,500,557,615,679,780,870,995,1147,1360,1543,1731,1919,2161,2343,2532,2712,2959,3129,3268,3388,3528,3618,3696,3767,3871,3937,3985,4020,4084,4132,4192,4257,4353,4421,4506,4607,4734,4845,4954,5067,5223,5348,5477,5611,5788,5915,6032,6140,6249,6297,6334,6359,6383,6401,6419,6441,6466,6490,6519,6553,6612,6679,6766,6869,7042,7214,7386,7594,7871,8109,8343,8612,8968,9263,9575,9913,10360,10706,11075,11434,11927,12317,12721,13094,13602,13998,14383,14770,15319,15723,16148,16560,17098,17514,17934,18350,18908,19325,19738,20150,20686,21077,21463,21840,22339,22689,23035,23366,23787,24090,24366,24631,24965,25188,25392,25577,25790,25952,26079,26179,26270,26337,26347,26361,26303,26226,26121,25987,25751,25548,25298,25025,24589,24231,23837,23415,22797,22293,21768,21203,20401,19767,19113,18424,17469,16731,15972,15191,14125,13320,12513,11697,10615,9812,9010,8225,7190,6434,5694,4969,4110,3555,3064,2626,2119,1786,1490,1243,967,794,646,514,364,256,173,113,67,35,13,8,4,1,0,1,2,5,15,9,2,b
129,144,171,203,274,290,325,372,404,446,493,571,624,677,729,828,925,1033,1174,1397,1572,1751,1929,2159,2322,2501,2673,2909,3085,3222,3352,3504,3609,3697,3785,3872,3928,3978,4036,4107,4173,4244,4326,4443,4533,4627,4743,4876,5004,5142,5284,5469,5613,5772,5931,6154,6300,6453,6577,6712,6792,6847,6889,6930,6952,6968,6984,7004,7016,7025,7039,7060,7085,7115,7156,7231,7306,7400,7505,7673,7824,7983,8165,8429,8648,8884,9161,9550,9854,10174,10496,10948,11263,11613,11959,12486,12843,13211,13642,14158,14551,14985,15404,15998,16444,16889,17387,17945,18368,18867,19299,19836,20274,20674,21056,21550,21914,22276,22613,23048,23355,23645,23913,24251,24478,24671,24853,25081,25222,25339,25448,25546,25596,25619,25625,25582,25519,25424,25299,25107,24906,24673,24435,24020,23677,23317,22908,22309,21834,21330,20810,20056,19450,18805,18164,17231,16509,15773,15008,13972,13185,12386,11578,10516,9725,8940,8167,7151,6411,5676,4954,4096,3547,3062,2623,2121,1792,1499,1238,949,767,609,472,315,214,131,66,25,7,3,22,40,34,25,38,25,48,50,42,66,b
0,0,0,0,0,0,39,91,123,168,230,249,312,346,401,498,529,554,614,657,726,796,852,997,1106,1234,1394,1589,1698,1831,1928,2050,2137,2216,2277,2350,2398,2426,2445,2465,2472,2472,2472,2454,2443,2427,2422,2425,2441,2465,2509,2559,2619,2664,2727,2827,2896,2966,3052,3160,3237,3285,3349,3405,3461,3511,3563,3660,3730,3809,3902,4032,4123,4240,4354,4523,4669,4831,5018,5274,5485,5708,5939,6262,6513,6774,7044,7410,7692,7989,8290,8710,9038,9372,9711,10175,10515,10861,11208,11672,12024,12379,12727,13194,13541,13888,14227,14700,15061,15400,15743,16189,16510,16801,17152,17541,17877,18186,18460,18863,19119,19367,19668,19977,20191,20437,20650,20901,21053,21219,21339,21511,21579,21642,21700,21730,21723,21701,21664,21553,21442,21305,21134,20872,20633,20368,20074,19634,19277,18902,18479,17908,17421,16907,16369,15622,15023,14417,13801,12951,12315,11662,11018,10138,9483,8841,8171,7284,6656,6007,5358,4509,3915,3401,2956,2425,2083,1780,1505,1194,1002,826,680,499,384,279,196,105,49,9,0,0,0,0,0,0,0,0,0,0,f
37,32,41,55,77,110,126,167,195,230,271,329,396,434,493,545,595,644,693,780,868,966,1078,1263,1407,1552,1713,1885,2001,2131,2220,2351,2422,2486,2525,2561,2576,2578,2587,2562,2553,2522,2495,2482,2467,2471,2471,2477,2483,2498,2515,2552,2594,2645,2707,2801,2882,2963,3042,3147,3221,3297,3381,3498,3598,3711,3831,4004,4145,4285,4421,4612,4756,4908,5071,5348,5561,5775,5996,6331,6569,6815,7102,7462,7743,8031,8321,8762,9065,9407,9755,10208,10573,10940,11307,11816,12186,12559,12947,13488,13906,14316,14719,15255,15660,16068,16462,16994,17386,17778,18159,18664,19035,19431,19786,20255,20607,20947,21269,21705,21995,22281,22554,22880,23115,23333,23534,23780,23955,24096,24210,24338,24400,24457,24461,24446,24387,24307,24205,23995,23806,23608,23383,22989,22666,22304,21922,21348,20887,20393,19877,19135,18547,17934,17293,16406,15722,15014,14295,13326,12592,11844,11101,10111,9377,8634,7903,6936,6221,5517,4832,4001,3465,2992,2568,2078,1782,1524,1299,1030,862,689,543,421,309,278,184,102,96,77,57,85,71,65,75,77,79,84,91,119,b
43,57,65,77,113,134,157,227,254,307,340,386,423,468,508,565,616,667,722,806,891,990,1110,1300,1449,1600,1753,1933,2054,2168,2279,2408,2475,2530,2570,2604,2625,2639,2636,2640,2606,2568,2524,2489,2461,2465,2454,2463,2474,2475,2482,2519,2550,2599,2657,2758,2843,2926,3011,3128,3215,3290,3371,3493,3594,3707,3831,4019,4171,4323,4479,4691,4856,5037,5230,5500,5719,5949,6191,6530,6792,7063,7338,7706,7984,8278,8567,8957,9255,9553,9862,10270,10575,10882,11231,11654,11997,12355,12702,13177,13557,13931,14313,14846,15243,15651,16043,16566,16990,17386,17784,18320,18707,19093,19469,19966,20332,20687,21035,21487,21801,22100,22389,22738,22987,23215,23430,23692,23857,24003,24124,24250,24312,24350,24364,24343,24286,24202,24116,23901,23716,23506,23255,22870,22568,22204,21827,21271,20822,20323,19812,19081,18494,17880,17241,16370,15686,14992,14278,13312,12576,11839,11099,10112,9370,8635,7903,6936,6222,5517,4834,3997,3462,2992,2573,2084,1763,1479,1229,946,768,614,474,320,217,132,67,22,4,0,0,0,5,21,14,18,35,34,33,34,g
27,31,34,51,70,85,111,157,190,226,265,321,368,414,459,518,568,619,671,756,837,931,1045,1221,1373,1524,1667,1849,1995,2121,2239,2397,2495,2552,2594,2640,2665,2665,2660,2648,2629,2590,2572,2525,2499,2498,2489,2516,2524,2543,2545,2570,2598,2647,2690,2773,2841,2913,2986,3089,3165,3252,3329,3450,3553,3670,3804,3999,4168,4349,4518,4747,4925,5097,5284,5558,5776,6013,6258,6608,6880,7174,7461,7863,8177,8483,8825,9241,9563,9913,10252,10704,11054,11410,11767,12258,12620,12991,13368,13857,14232,14614,15003,15500,15873,16244,16614,17102,17471,17838,18205,18685,19044,19396,19742,20201,20536,20864,21176,21577,21863,22136,22393,22717,22937,23147,23337,23564,23711,23857,23983,24107,24189,24231,24253,24219,24161,24077,23963,23769,23597,23380,23136,22778,22456,22107,21729,21190,20748,20284,19775,19050,18486,17888,17278,16417,15748,15064,14364,13412,12687,11960,11230,10256,9525,8798,8067,7113,6398,5692,5011,4160,3610,3132,2689,2190,1876,1586,1322,1027,841,678,529,380,273,187,118,77,41,25,20,15,5,0,0,24,31,20,17,10,g
107,127,153,188,219,252,285,326,363,405,448,506,560,613,673,781,898,1029,1187,1406,1573,1734,1919,2137,2308,2500,2667,2898,3064,3201,3346,3501,3597,3689,3785,3872,3965,4022,4079,4182,4275,4344,4439,4570,4654,4737,4829,4977,5092,5223,5359,5550,5697,5843,5981,6166,6294,6411,6527,6614,6657,6683,6694,6707,6717,6728,6749,6759,6767,6784,6785,6817,6836,6890,6939,7055,7141,7243,7359,7553,7749,7931,8145,8445,8695,8951,9254,9646,9960,10280,10614,11071,11425,11782,12145,12634,13019,13407,13808,14349,14755,15169,15586,16151,16580,17003,17420,17983,18396,18805,19211,19749,20136,20520,20896,21380,21728,22068,22406,22844,23152,23439,23707,24029,24241,24448,24635,24872,25006,25136,25242,25352,25411,25432,25432,25397,25327,25222,25117,24883,24682,24466,24185,23799,23452,23082,22670,22065,21592,21078,20535,19758,19146,18501,17833,16906,16184,15437,14679,13658,12871,12077,11292,10249,9472,8699,7930,6931,6188,5462,4768,3964,3436,2979,2553,2076,1762,1478,1235,974,791,633,492,338,241,185,123,72,37,24,29,16,11,7,6,0,0,0,0,0,b
82,99,130,155,169,205,234,276,365,386,441,510,541,561,606,682,730,789,869,990,1107,1248,1401,1611,1761,1896,2033,2203,2305,2405,2487,2574,2624,2661,2690,2708,2709,2713,2721,2689,2681,2647,2615,2594,2584,2568,2561,2549,2548,2557,2589,2658,2708,2775,2843,2952,3024,3100,3167,3262,3323,3394,3472,3582,3686,3800,3926,4112,4265,4427,4601,4853,5060,5283,5517,5859,6130,6412,6702,7104,7416,7733,8052,8484,8807,9135,9490,9973,10333,10707,11070,11560,11918,12275,12641,13182,13545,13928,14310,14857,15242,15667,16056,16606,16998,17398,17796,18356,18738,19150,19550,20052,20492,20861,21216,21671,22013,22337,22655,23058,23352,23627,23877,24198,24426,24639,24825,25079,25207,25323,25412,25498,25524,25541,25528,25458,25374,25259,25116,24889,24679,24431,24168,23738,23382,22988,22573,21954,21458,20949,20422,19638,19019,18377,17704,16773,16064,15341,14598,13578,12803,12029,11249,10218,9451,8690,7932,6938,6204,5488,4783,3955,3421,2958,2536,2051,1736,1449,1198,920,746,593,459,301,207,126,61,0,4,3,19,38,47,46,51,31,27,16,13,3,g
0,0,0,17,39,66,96,138,175,223,270,347,400,451,489,576,637,689,754,861,975,1096,1258,1479,1658,1813,1968,2135,2259,2376,2469,2579,2654,2690,2745,2766,2784,2800,2807,2784,2755,2714,2663,2604,2560,2525,2486,2438,2412,2380,2355,2340,2345,2358,2365,2398,2434,2466,2485,2537,2567,2617,2668,2766,2855,2970,3112,3344,3522,3709,3909,4199,4436,4675,4929,5289,5575,5861,6158,6564,6865,7192,7493,7909,8211,8521,8822,9236,9556,9879,10211,10660,10999,11345,11701,12195,12573,12959,13362,13919,14344,14776,15219,15821,16280,16741,17209,17833,18297,18760,19236,19861,20322,20785,21235,21818,22234,22658,23043,23551,23905,24222,24542,24924,25179,25429,25667,25942,26106,26250,26354,26454,26501,26530,26523,26478,26392,26280,26136,25900,25674,25427,25139,24712,24354,23958,23532,22916,22417,21895,21338,20552,19920,19269,18585,17643,16903,16144,15371,14317,13524,12722,11920,10867,10071,9290,8513,7478,6730,5994,5259,4362,3780,3265,2837,2303,1966,1654,1383,1072,889,720,576,413,313,218,137,59,20,0,0,0,0,0,0,0,0,0,0,0,g
39,59,67,89,129,165,186,243,280,319,352,415,458,502,551,615,674,733,800,917,1029,1156,1306,1525,1683,1830,1970,2141,2257,2364,2457,2552,2598,2627,2665,2669,2667,2681,2682,2636,2614,2605,2575,2562,2580,2591,2613,2610,2617,2619,2636,2672,2721,2788,2839,2932,3006,3080,3144,3232,3297,3357,3427,3527,3617,3724,3846,4031,4188,4357,4533,4784,4992,5205,5438,5766,6025,6301,6594,6998,7313,7636,7990,8449,8803,9150,9502,9975,10341,10714,11104,11607,11988,12377,12750,13259,13656,14043,14452,14993,15399,15811,16232,16795,17207,17625,18048,18620,19038,19457,19879,20431,20844,21249,21651,22174,22555,22920,23275,23726,24041,24336,24620,25007,25243,25465,25661,25891,26041,26172,26270,26378,26423,26435,26443,26384,26318,26219,26068,25830,25632,25377,25099,24657,24300,23909,23503,22875,22378,21850,21304,20498,19865,19204,18519,17560,16821,16061,15287,14232,13428,12624,11824,10753,9955,9161,8373,7337,6577,5827,5095,4220,3654,3156,2708,2191,1859,1556,1293,994,806,639,495,350,252,182,131,73,31,8,10,20,10,11,9,12,6,5,0,6,g
0,0,5,38,56,78,122,169,218,272,309,355,408,459,503,575,624,694,773,904,1027,1169,1318,1543,1706,1851,1981,2141,2248,2352,2433,2527,2573,2600,2619,2637,2645,2645,2632,2592,2550,2513,2470,2415,2381,2345,2313,2269,2245,2221,2208,2205,2238,2263,2288,2329,2357,2369,2404,2436,2486,2536,2599,2722,2848,2981,3162,3412,3613,3831,4032,4326,4556,4794,5043,5425,5713,6010,6320,6728,7044,7372,7701,8140,8470,8804,9139,9593,9946,10289,10643,11112,11472,11835,12201,12693,13080,13462,13854,14394,14797,15202,15611,16154,16560,16973,17364,17892,18274,18652,19022,19544,19910,20287,20653,21110,21471,21794,22118,22528,22803,23068,23321,23628,23840,24054,24217,24418,24546,24652,24741,24825,24858,24869,24851,24788,24709,24598,24461,24230,24019,23778,23510,23093,22753,22370,21967,21386,20915,20413,19880,19127,18532,17919,17283,16401,15704,15010,14289,13300,12560,11822,11066,10068,9332,8600,7858,6876,6155,5451,4750,3943,3419,2979,2549,2063,1771,1482,1232,973,798,639,501,341,240,158,87,28,0,0,0,0,0,0,0,0,0,0,0,0,g
5,19,34,55,78,98,132,181,217,266,308,368,406,450,513,575,615,664,726,802,896,999,1118,1276,1426,1563,1691,1848,1963,2053,2142,2260,2325,2374,2410,2439,2460,2460,2457,2450,2426,2398,2376,2354,2345,2351,2365,2391,2414,2440,2464,2505,2535,2570,2615,2674,2730,2791,2878,2982,3062,3136,3227,3330,3420,3514,3621,3791,3923,4056,4195,4411,4574,4751,4949,5238,5455,5695,5939,6274,6556,6821,7085,7463,7766,8047,8351,8757,9081,9406,9736,10187,10528,10875,11227,11689,12042,12401,12763,13247,13620,13998,14371,14882,15265,15649,16034,16549,16931,17311,17698,18219,18599,18988,19355,19845,20228,20572,20911,21353,21667,21984,22267,22606,22842,23065,23269,23504,23667,23808,23948,24048,24108,24145,24158,24127,24070,23990,23880,23683,23491,23274,23028,22651,22330,21980,21597,21044,20595,20111,19602,18877,18302,17702,17075,16207,15530,14831,14125,13181,12462,11738,11021,10054,9318,8596,7870,6908,6200,5501,4820,4007,3473,2998,2596,2108,1791,1510,1262,987,811,664,527,369,286,212,138,62,31,5,0,0,0,0,0,0,0,0,0,0,g
0,0,6,27,47,68,94,147,201,230,271,336,370,422,471,524,595,635,697,787,884,1000,1144,1357,1526,1687,1856,2025,2142,2251,2354,2461,2529,2576,2611,2640,2655,2670,2667,2655,2633,2598,2565,2511,2475,2444,2411,2376,2357,2339,2331,2340,2360,2392,2450,2538,2609,2691,2760,2852,2913,2980,3057,3188,3279,3382,3511,3694,3847,4023,4203,4479,4709,4932,5171,5524,5814,6092,6389,6793,7123,7435,7764,8205,8543,8888,9229,9692,10043,10390,10739,11194,11536,11865,12203,12674,12997,13353,13690,14161,14500,14860,15213,15691,16050,16403,16769,17256,17612,17969,18343,18828,19206,19545,19903,20358,20708,21026,21371,21776,22083,22361,22623,22954,23200,23422,23610,23840,23993,24123,24224,24334,24389,24422,24426,24387,24331,24241,24117,23917,23722,23501,23245,22862,22533,22175,21787,21223,20776,20289,19777,19051,18472,17864,17236,16363,15704,15016,14308,13358,12629,11898,11171,10193,9476,8756,8014,7038,6326,5634,4951,4101,3574,3099,2671,2178,1874,1580,1313,1020,849,709,557,400,306,210,129,67,31,12,0,0,0,0,0,0,0,0,0,0,g
23,23,38,42,59,86,123,163,198,255,285,343,376,423,464,531,584,635,692,780,862,964,1092,1299,1460,1624,1772,1952,2067,2176,2275,2391,2453,2501,2533,2560,2577,2585,2583,2564,2537,2523,2487,2448,2419,2388,2337,2298,2255,2217,2202,2167,2154,2147,2141,2170,2165,2193,2214,2247,2271,2302,2345,2432,2501,2581,2682,2870,3019,3187,3362,3626,3837,4061,4309,4646,4925,5211,5503,5910,6229,6545,6873,7312,7641,7974,8312,8762,9105,9447,9795,10267,10612,10954,11312,11776,12137,12496,12867,13371,13746,14146,14557,15082,15478,15893,16313,16871,17287,17722,18125,18675,19087,19502,19888,20408,20779,21144,21501,21949,22269,22579,22863,23216,23462,23685,23889,24129,24284,24415,24525,24624,24677,24702,24698,24654,24582,24478,24348,24121,23911,23672,23417,23039,22700,22336,21940,21362,20895,20387,19853,19127,18517,17892,17272,16361,15670,14955,14239,13264,12523,11775,11033,10045,9293,8546,7806,6830,6109,5411,4715,3905,3382,2917,2500,2026,1718,1439,1196,921,753,599,462,308,211,136,87,22,0,0,0,0,0,0,0,0,0,0,0,0,g
0,0,0,0,0,0,0,21,43,67,108,167,209,255,296,345,396,436,478,547,606,665,737,824,902,1010,1131,1343,1491,1644,1791,1934,2025,2121,2212,2312,2376,2411,2443,2458,2473,2480,2482,2492,2473,2447,2431,2422,2414,2418,2431,2463,2486,2498,2522,2555,2593,2636,2700,2791,2875,2952,3031,3148,3230,3323,3419,3561,3706,3837,3968,4170,4324,4472,4640,4848,5016,5205,5388,5659,5873,6093,6352,6660,6908,7159,7418,7761,8023,8297,8568,8932,9209,9492,9777,10168,10467,10762,11061,11459,11758,12059,12360,12775,13089,13400,13716,14141,14453,14768,15078,15492,15824,16137,16455,16873,17180,17462,17747,18125,18408,18684,18946,19300,19525,19753,19971,20241,20415,20577,20725,20908,21023,21106,21193,21279,21287,21275,21257,21172,21080,20949,20804,20556,20338,20082,19806,19387,19045,18667,18262,17691,17226,16750,16233,15508,14948,14367,13771,12960,12348,11715,11079,10231,9606,8953,8314,7454,6830,6183,5553,4713,4104,3583,3118,2572,2217,1898,1620,1289,1075,891,736,555,433,328,231,131,70,26,0,0,0,0,0,0,0,0,0,0,f
0,0,15,29,42,64,96,140,173,209,253,310,341,376,436,493,556,595,651,720,791,872,980,1150,1297,1449,1596,1780,1898,2006,2103,2221,2300,2365,2409,2449,2466,2474,2480,2476,2462,2439,2406,2364,2339,2322,2308,2303,2301,2302,2306,2317,2332,2354,2408,2493,2563,2628,2690,2768,2861,2917,2982,3080,3183,3270,3401,3566,3707,3867,4052,4317,4484,4689,4914,5167,5382,5645,5879,6243,6523,6796,7081,7481,7779,8084,8395,8823,9153,9487,9829,10297,10656,11024,11385,11888,12272,12665,13042,13565,13957,14351,14752,15276,15674,16087,16490,16990,17380,17754,18136,18612,18965,19336,19670,20125,20435,20738,21026,21412,21683,21950,22190,22498,22707,22886,23057,23267,23411,23525,23619,23717,23765,23791,23795,23765,23704,23622,23512,23314,23133,22924,22680,22309,21998,21653,21282,20736,20299,19837,19343,18643,18087,17501,16892,16068,15430,14785,14108,13202,12503,11798,11063,10119,9421,8713,8021,7106,6407,5704,5032,4192,3640,3147,2725,2240,1934,1626,1374,1091,896,739,615,442,328,240,160,75,34,10,0,0,0,0,0,0,0,0,0,0,g
0,0,0,21,35,55,101,133,161,209,245,304,351,406,459,504,554,612,673,743,833,920,1028,1198,1359,1519,1670,1850,1980,2089,2191,2316,2398,2455,2496,2531,2542,2548,2552,2547,2525,2496,2465,2424,2397,2376,2368,2362,2363,2358,2362,2376,2414,2446,2485,2565,2625,2700,2763,2859,2935,3018,3093,3206,3293,3396,3517,3701,3870,4034,4229,4474,4676,4876,5082,5366,5583,5828,6072,6408,6669,6941,7222,7602,7900,8199,8510,8928,9257,9590,9930,10394,10755,11117,11485,11960,12315,12675,13039,13521,13884,14244,14612,15098,15480,15844,16211,16732,17096,17457,17832,18312,18670,19034,19386,19848,20213,20547,20877,21308,21616,21925,22201,22545,22789,23028,23235,23484,23647,23795,23919,24059,24129,24186,24203,24183,24138,24061,23959,23763,23579,23365,23121,22742,22421,22065,21680,21121,20666,20183,19668,18936,18362,17770,17160,16304,15642,14960,14263,13311,12581,11847,11110,10135,9417,8695,7966,7017,6314,5610,4935,4105,3566,3092,2668,2169,1874,1577,1320,1043,855,691,547,384,277,191,148,67,26,5,0,0,0,0,0,1,0,0,0,0,g
31,37,75,106,128,159,195,254,293,326,363,410,439,490,543,619,671,722,803,899,999,1144,1297,1524,1683,1837,1975,2144,2252,2362,2460,2562,2617,2656,2683,2719,2735,2753,2760,2746,2722,2689,2655,2611,2589,2565,2545,2507,2490,2471,2465,2470,2503,2550,2584,2661,2721,2802,2871,2965,3037,3102,3179,3284,3379,3473,3596,3767,3886,4017,4169,4384,4556,4749,4958,5250,5482,5718,5972,6318,6598,6878,7163,7554,7858,8173,8499,8952,9309,9674,10044,10547,10932,11315,11703,12226,12624,13025,13457,14026,14453,14884,15334,15921,16367,16802,17242,17862,18310,18742,19192,19771,20199,20628,21051,21615,22025,22436,22821,23308,23657,23979,24280,24663,24929,25176,25399,25657,25829,25975,26092,26215,26274,26299,26297,26251,26188,26080,25939,25705,25504,25250,24963,24535,24170,23772,23337,22717,22214,21682,21121,20324,19703,19053,18369,17436,16694,15942,15172,14113,13314,12535,11748,10674,9881,9090,8314,7284,6545,5805,5096,4225,3657,3154,2709,2192,1853,1557,1292,997,811,647,503,341,236,150,81,17,0,0,0,0,0,0,0,0,0,0,0,0,g
42,45,60,80,98,122,149,206,268,300,346,412,455,504,557,621,677,738,808,942,1062,1204,1360,1572,1734,1882,2021,2179,2290,2397,2486,2566,2608,2636,2655,2667,2669,2664,2642,2589,2560,2524,2476,2436,2395,2359,2334,2318,2299,2309,2309,2316,2354,2375,2413,2459,2488,2513,2544,2586,2623,2682,2762,2881,2998,3139,3302,3539,3734,3930,4142,4436,4679,4935,5205,5588,5897,6211,6537,6988,7329,7677,8025,8494,8845,9197,9545,10013,10363,10727,11088,11577,11945,12316,12695,13204,13593,13999,14419,14970,15402,15850,16303,16897,17352,17821,18277,18898,19356,19817,20270,20873,21324,21753,22190,22772,23186,23571,23946,24422,24766,25079,25372,25742,25993,26217,26426,26695,26838,26971,27073,27181,27218,27241,27222,27152,27057,26933,26774,26522,26289,26025,25741,25283,24908,24526,24089,23439,22927,22389,21798,20986,20341,19685,18987,18007,17247,16468,15677,14598,13790,12966,12136,11039,10218,9405,8595,7542,6758,5994,5245,4343,3760,3244,2785,2253,1907,1601,1333,1028,832,666,520,351,244,159,91,16,0,0,0,0,0,1,4,14,16,12,1,10,g
0,6,20,50,78,117,153,194,230,261,313,361,418,457,512,566,614,671,733,817,890,989,1108,1295,1459,1622,1782,1976,2103,2222,2334,2465,2544,2612,2665,2712,2742,2772,2794,2817,2824,2821,2809,2797,2786,2780,2772,2756,2746,2732,2725,2727,2753,2787,2814,2884,2933,2980,3008,3056,3075,3106,3146,3183,3223,3292,3349,3467,3582,3691,3816,3992,4159,4312,4486,4741,4963,5204,5442,5789,6062,6348,6638,7049,7376,7705,8047,8510,8868,9229,9596,10099,10471,10843,11213,11733,12129,12508,12899,13421,13821,14229,14636,15179,15589,16016,16433,16971,17386,17796,18208,18747,19135,19551,19962,20444,20802,21163,21520,21948,22260,22564,22858,23213,23443,23656,23873,24102,24244,24374,24479,24584,24637,24655,24652,24622,24562,24465,24341,24130,23936,23708,23449,23051,22716,22353,21952,21381,20914,20422,19898,19153,18560,17945,17315,16436,15747,15050,14341,13359,12632,11886,11144,10145,9395,8644,7916,6929,6212,5508,4825,4013,3473,3022,2587,2107,1791,1506,1254,990,810,647,509,347,255,171,100,39,5,0,0,0,0,0,0,0,0,0,0,0,g
23,45,51,79,107,116,134,173,199,245,276,329,360,395,434,485,527,578,627,700,759,830,921,1073,1220,1379,1546,1761,1904,2034,2161,2312,2406,2483,2552,2617,2671,2688,2709,2749,2766,2753,2764,2732,2712,2699,2681,2684,2667,2656,2634,2636,2632,2648,2671,2700,2740,2770,2806,2847,2872,2896,2911,2931,2955,2981,3010,3074,3142,3222,3312,3448,3563,3695,3844,4073,4272,4489,4719,5055,5319,5587,5867,6253,6545,6868,7181,7603,7927,8246,8556,8996,9330,9647,9972,10423,10757,11086,11416,11892,12246,12598,12966,13461,13829,14215,14601,15128,15519,15909,16291,16818,17196,17577,17953,18447,18808,19165,19519,19967,20294,20609,20907,21283,21542,21795,22026,22302,22481,22649,22799,22952,23041,23107,23152,23171,23151,23124,23061,22913,22775,22595,22391,22058,21778,21460,21128,20609,20191,19770,19298,18614,18073,17509,16932,16100,15455,14798,14121,13198,12500,11795,11087,10152,9444,8736,8033,7106,6412,5721,5048,4191,3637,3145,2713,2210,1882,1588,1329,1031,842,686,542,378,269,178,105,49,25,14,5,11,6,2,8,0,5,12,8,1,g
22,48,52,88,105,134,160,202,241,285,320,387,431,476,531,598,651,715,781,894,1010,1135,1278,1494,1651,1801,1943,2117,2240,2355,2469,2592,2651,2707,2730,2756,2757,2771,2752,2741,2718,2686,2658,2642,2630,2628,2626,2637,2642,2638,2662,2687,2724,2770,2824,2894,2958,3013,3067,3147,3210,3277,3355,3467,3570,3687,3814,4005,4163,4327,4497,4740,4931,5133,5346,5658,5900,6157,6430,6820,7120,7434,7744,8172,8493,8816,9164,9635,9993,10369,10743,11266,11639,12035,12427,12947,13341,13763,14165,14702,15117,15530,15955,16503,16919,17358,17776,18325,18746,19160,19581,20132,20543,20958,21363,21888,22274,22648,23011,23475,23818,24134,24432,24802,25060,25282,25498,25753,25914,26054,26170,26286,26360,26388,26391,26344,26283,26174,26054,25826,25605,25359,25080,24660,24308,23915,23486,22867,22367,21841,21289,20495,19873,19203,18513,17553,16811,16047,15273,14221,13424,12626,11821,10752,9954,9159,8375,7342,6584,5835,5101,4218,3655,3155,2709,2198,1860,1561,1291,992,802,653,526,374,281,199,121,73,30,7,0,18,5,13,2,0,11,9,1,15,g
80,93,113,156,184,243,274,317,382,425,470,552,605,658,718,827,935,1068,1219,1450,1628,1806,1980,2227,2419,2586,2774,2997,3152,3292,3408,3536,3613,3682,3737,3819,3847,3870,3904,3945,3973,4013,4045,4084,4124,4139,4171,4216,4241,4282,4298,4314,4339,4334,4314,4315,4318,4314,4299,4324,4332,4366,4419,4537,4637,4752,4872,5045,5180,5321,5480,5721,5924,6150,6397,6753,7029,7313,7609,8007,8315,8629,8951,9392,9729,10077,10432,10940,11313,11686,12068,12559,12932,13319,13717,14253,14652,15070,15471,16023,16443,16867,17297,17879,18318,18766,19217,19825,20291,20740,21182,21769,22234,22657,23066,23605,23998,24370,24729,25190,25522,25835,26125,26512,26755,26999,27193,27438,27630,27761,27876,27988,28030,28041,28044,27980,27898,27781,27627,27380,27140,26873,26581,26138,25755,25351,24904,24238,23710,23142,22556,21731,21058,20356,19626,18619,17849,17044,16205,15080,14216,13368,12501,11358,10509,9666,8835,7749,6952,6170,5406,4470,3870,3341,2870,2318,1962,1644,1362,1049,852,680,530,360,258,164,90,15,0,0,0,0,0,2,0,11,16,32,22,36,b
11,19,30,66,88,114,154,209,249,309,350,413,458,502,570,647,705,771,847,956,1077,1212,1359,1571,1729,1869,2015,2182,2297,2406,2500,2597,2652,2687,2710,2725,2728,2721,2709,2679,2651,2624,2601,2576,2568,2554,2548,2544,2549,2561,2585,2636,2688,2745,2810,2942,3016,3100,3171,3265,3326,3437,3480,3595,3725,3841,3974,4212,4371,4575,4762,4996,5202,5436,5653,5965,6214,6476,6767,7176,7480,7776,8085,8502,8822,9151,9494,9966,10327,10696,11071,11582,11965,12354,12745,13296,13697,14101,14504,15040,15446,15852,16256,16781,17170,17567,17942,18447,18828,19214,19584,20081,20449,20815,21165,21603,21931,22252,22570,22974,23248,23538,23792,24103,24309,24512,24688,24898,25043,25163,25245,25326,25365,25377,25366,25316,25236,25130,24986,24751,24540,24300,24014,23595,23243,22859,22442,21843,21351,20833,20282,19504,18899,18254,17585,16659,15971,15250,14517,13528,12781,12001,11227,10204,9434,8679,7963,6952,6227,5520,4816,4004,3493,3007,2628,2125,1823,1534,1278,1000,817,658,532,373,272,185,115,48,16,1,0,0,0,0,0,0,0,0,0,0,g
30,45,62,90,115,154,183,229,271,324,372,442,489,536,586,672,718,782,874,992,1110,1249,1411,1630,1790,1939,2086,2259,2383,2492,2588,2688,2738,2779,2806,2836,2854,2859,2854,2825,2797,2755,2725,2678,2649,2622,2595,2564,2544,2541,2562,2605,2645,2687,2756,2835,2895,2963,3016,3085,3143,3210,3283,3402,3523,3655,3807,4028,4204,4390,4582,4854,5082,5318,5563,5918,6208,6504,6811,7244,7577,7917,8262,8728,9087,9453,9822,10330,10713,11104,11497,12027,12421,12827,13252,13819,14252,14687,15122,15702,16133,16582,17010,17602,18021,18445,18886,19451,19850,20270,20675,21216,21634,22019,22428,22907,23275,23610,23932,24360,24640,24909,25163,25482,25700,25901,26075,26277,26408,26511,26596,26665,26691,26699,26663,26581,26501,26369,26218,25956,25730,25465,25168,24714,24346,23939,23502,22898,22385,21846,21288,20474,19864,19201,18503,17566,16823,16052,15290,14238,13428,12617,11815,10738,9933,9136,8360,7323,6563,5811,5075,4200,3635,3136,2694,2185,1847,1546,1283,982,799,638,492,330,232,145,76,11,0,0,0,0,0,0,0,0,0,0,0,10,g
15,3,39,52,71,93,115,156,206,250,284,338,384,426,462,535,582,626,690,793,894,1016,1157,1374,1538,1694,1847,2013,2127,2243,2342,2451,2507,2546,2574,2611,2625,2623,2607,2594,2565,2537,2511,2492,2466,2455,2439,2419,2423,2428,2426,2452,2499,2529,2581,2651,2726,2788,2856,2948,3008,3072,3144,3270,3378,3513,3656,3879,4046,4226,4404,4652,4852,5066,5294,5616,5874,6151,6429,6816,7120,7429,7746,8177,8508,8843,9198,9686,10048,10427,10814,11312,11721,12096,12484,13024,13416,13813,14234,14797,15209,15637,16067,16627,17035,17447,17870,18405,18807,19218,19613,20141,20533,20918,21285,21767,22121,22466,22794,23213,23501,23782,24046,24371,24598,24804,24992,25235,25369,25487,25587,25674,25716,25734,25723,25669,25592,25479,25335,25098,24908,24663,24390,23978,23619,23229,22810,22244,21744,21224,20683,19909,19285,18642,17980,17053,16334,15594,14842,13827,13050,12272,11492,10453,9678,8909,8142,7133,6394,5663,4947,4092,3547,3062,2626,2131,1802,1512,1253,962,786,628,488,328,230,143,76,23,0,0,0,0,5,4,9,11,21,30,33,48,g
0,0,0,1,19,57,89,142,180,216,263,324,369,411,451,515,556,616,665,756,816,902,999,1159,1301,1467,1618,1803,1932,2047,2155,2308,2406,2484,2554,2607,2634,2673,2669,2664,2650,2628,2595,2566,2534,2507,2516,2498,2499,2491,2495,2513,2527,2537,2563,2621,2665,2711,2790,2853,2912,2964,3020,3102,3153,3215,3314,3414,3504,3621,3726,3873,3992,4126,4275,4498,4672,4861,5082,5381,5620,5874,6135,6498,6776,7063,7349,7743,8052,8372,8693,9143,9487,9837,10190,10664,11025,11387,11749,12240,12612,12987,13364,13876,14260,14645,15050,15572,15982,16374,16775,17295,17693,18064,18453,18954,19322,19675,20024,20473,20797,21133,21421,21803,22057,22301,22510,22792,22967,23140,23269,23418,23525,23578,23614,23618,23595,23549,23461,23304,23147,22961,22742,22409,22113,21785,21431,20914,20496,20040,19557,18859,18303,17720,17113,16270,15613,14935,14237,13302,12589,11884,11176,10210,9503,8784,8067,7136,6421,5734,5066,4203,3643,3164,2728,2235,1906,1610,1355,1052,866,704,556,387,280,190,117,45,5,0,0,0,0,0,0,0,0,0,0,0,g
0,0,0,0,5,26,48,87,138,186,236,303,356,393,428,500,542,589,642,755,827,921,1069,1245,1398,1563,1717,1905,2022,2128,2229,2350,2423,2479,2541,2577,2590,2590,2596,2577,2552,2524,2496,2454,2431,2406,2393,2376,2359,2339,2329,2319,2314,2313,2321,2337,2374,2393,2414,2442,2474,2513,2551,2619,2671,2744,2843,3008,3135,3303,3472,3695,3894,4092,4313,4625,4879,5146,5423,5812,6105,6409,6713,7132,7453,7777,8102,8539,8880,9223,9575,10053,10417,10782,11148,11642,12016,12399,12785,13313,13719,14132,14550,15115,15540,15970,16403,16978,17405,17848,18284,18860,19288,19718,20113,20650,21046,21419,21803,22254,22578,22911,23186,23551,23792,24012,24218,24479,24633,24777,24897,25001,25066,25101,25094,25057,25008,24891,24757,24528,24329,24082,23809,23404,23054,22682,22269,21681,21216,20704,20180,19423,18819,18185,17539,16627,15919,15196,14461,13468,12714,11962,11218,10219,9470,8729,7980,7018,6287,5578,4883,4049,3509,3023,2601,2124,1812,1528,1282,998,818,686,547,380,272,186,113,43,7,0,0,0,0,0,0,0,0,0,0,0,g
4,10,19,37,46,65,85,121,147,183,217,268,306,349,388,450,494,544,597,670,733,811,901,1042,1173,1320,1482,1693,1840,1974,2108,2271,2373,2462,2540,2602,2641,2664,2672,2672,2667,2648,2632,2600,2564,2544,2524,2510,2489,2483,2485,2490,2479,2497,2522,2588,2630,2690,2765,2871,2954,3045,3136,3263,3367,3476,3598,3765,3908,4045,4189,4404,4559,4720,4901,5150,5348,5555,5769,6062,6295,6530,6785,7122,7373,7624,7883,8233,8504,8764,9035,9428,9698,9990,10263,10657,10943,11257,11555,11979,12298,12626,12960,13417,13766,14118,14480,14956,15319,15683,16050,16530,16903,17274,17639,18122,18483,18833,19180,19632,19957,20264,20562,20936,21199,21446,21673,21952,22141,22303,22448,22612,22734,22810,22858,22894,22894,22859,22794,22637,22507,22312,22097,21770,21479,21167,20838,20344,19919,19513,19033,18357,17821,17265,16681,15881,15245,14604,13944,13045,12366,11683,11001,10086,9399,8716,8028,7115,6432,5757,5094,4240,3694,3214,2772,2268,1936,1639,1379,1081,888,725,582,406,301,214,149,79,47,24,0,0,4,17,8,1,0,0,13,13,g
0,0,0,5,18,38,52,82,112,152,205,281,313,348,393,456,505,556,602,689,747,837,935,1094,1231,1376,1536,1720,1851,1957,2062,2182,2268,2337,2391,2443,2468,2483,2491,2493,2481,2458,2430,2391,2364,2344,2343,2348,2346,2357,2368,2386,2414,2444,2488,2562,2627,2701,2783,2918,3011,3114,3213,3348,3456,3558,3690,3883,4033,4191,4374,4602,4778,4988,5172,5440,5659,5875,6102,6416,6657,6907,7162,7522,7806,8063,8327,8697,8973,9261,9551,9947,10247,10546,10847,11259,11568,11884,12210,12645,12993,13327,13666,14125,14466,14819,15163,15626,15971,16324,16674,17149,17511,17870,18206,18661,18991,19330,19646,20072,20384,20659,20940,21287,21525,21756,21972,22224,22395,22552,22686,22825,22900,22964,22996,22999,22974,22920,22838,22683,22529,22348,22133,21804,21523,21213,20869,20362,19949,19508,19036,18377,17839,17284,16705,15896,15270,14620,13959,13062,12393,11717,11040,10132,9449,8749,8079,7141,6463,5792,5119,4258,3707,3212,2777,2279,1943,1664,1398,1106,909,751,599,436,329,243,166,79,30,2,0,0,0,0,0,0,0,0,0,0,g
31,28,20,22,21,36,47,64,87,103,132,177,210,249,284,359,398,437,476,550,599,672,733,843,943,1063,1204,1419,1581,1733,1895,2048,2165,2274,2364,2464,2514,2561,2600,2621,2619,2618,2625,2580,2547,2512,2474,2427,2404,2385,2356,2317,2286,2261,2237,2211,2209,2215,2224,2252,2280,2306,2337,2387,2425,2476,2540,2652,2748,2872,3018,3235,3416,3606,3806,4087,4321,4576,4834,5201,5491,5780,6085,6479,6806,7107,7418,7825,8144,8438,8740,9136,9442,9751,10065,10475,10794,11094,11391,11811,12108,12443,12753,13156,13463,13773,14083,14505,14817,15136,15450,15864,16172,16478,16783,17190,17489,17776,18063,18449,18720,18976,19237,19554,19777,19987,20189,20437,20605,20752,20890,21031,21137,21217,21262,21296,21309,21293,21247,21152,21050,20931,20788,20542,20316,20060,19772,19350,18996,18626,18228,17648,17178,16685,16173,15452,14891,14305,13711,12894,12267,11637,10997,10141,9501,8863,8219,7361,6719,6079,5442,4610,4012,3485,3021,2479,2124,1825,1556,1246,1041,877,724,547,441,332,236,143,87,53,22,16,14,12,5,18,16,13,10,1,f
10,10,13,15,35,55,74,101,135,162,198,244,287,330,367,431,484,538,589,665,739,848,925,1065,1194,1353,1496,1696,1833,1956,2060,2186,2283,2349,2412,2455,2475,2483,2486,2475,2454,2426,2392,2342,2307,2281,2257,2245,2237,2234,2238,2244,2247,2254,2268,2292,2322,2358,2402,2474,2531,2591,2657,2750,2847,2936,3066,3228,3361,3508,3648,3861,4066,4239,4453,4728,4948,5175,5440,5757,6026,6316,6587,6968,7274,7573,7874,8290,8599,8933,9252,9698,10037,10380,10728,11202,11557,11923,12296,12790,13166,13544,13926,14441,14825,15199,15579,16088,16454,16823,17181,17656,18012,18364,18719,19169,19498,19847,20147,20570,20863,21138,21396,21715,21930,22159,22336,22554,22714,22861,22963,23072,23137,23187,23200,23186,23153,23088,22993,22822,22660,22477,22266,21929,21645,21331,20989,20488,20073,19635,19169,18506,17977,17422,16846,16031,15398,14753,14089,13186,12500,11814,11113,10183,9484,8785,8111,7215,6539,5865,5220,4339,3808,3298,2872,2354,2018,1711,1441,1130,950,781,637,496,379,273,203,115,70,58,35,64,56,41,36,16,21,16,15,19,g
49,77,77,87,101,116,138,174,211,247,287,339,378,421,464,538,590,658,713,806,897,999,1118,1310,1466,1612,1749,1909,2038,2130,2220,2342,2404,2446,2485,2497,2504,2510,2498,2496,2474,2446,2435,2410,2403,2398,2419,2437,2439,2472,2469,2482,2493,2520,2553,2610,2660,2715,2769,2833,2884,2935,2985,3056,3119,3194,3282,3416,3534,3660,3796,3995,4162,4338,4532,4816,5045,5309,5574,5952,6252,6554,6854,7274,7599,7945,8269,8728,9073,9432,9789,10302,10662,11028,11396,11885,12247,12626,12998,13500,13902,14297,14689,15235,15643,16047,16458,17008,17417,17855,18260,18797,19199,19602,19999,20508,20890,21260,21627,22075,22402,22711,23008,23375,23624,23857,24071,24330,24486,24622,24758,24875,24947,24995,24999,24984,24913,24818,24717,24500,24290,24057,23802,23415,23070,22702,22304,21733,21245,20758,20229,19456,18844,18212,17552,16637,15931,15209,14468,13465,12707,11946,11185,10171,9414,8657,7908,6925,6197,5478,4777,3953,3423,2952,2543,2051,1734,1444,1211,958,786,642,510,363,280,183,124,64,26,12,3,3,0,5,0,11,25,18,19,23,g
0,0,0,0,18,37,58,87,120,157,198,256,305,353,400,486,524,584,640,710,777,862,974,1160,1315,1479,1647,1836,1974,2089,2208,2342,2433,2506,2561,2612,2638,2660,2671,2671,2664,2647,2623,2592,2567,2552,2542,2538,2542,2556,2570,2606,2640,2688,2749,2830,2900,2985,3070,3176,3248,3339,3426,3549,3654,3767,3902,4110,4273,4455,4637,4861,5049,5223,5407,5669,5878,6108,6363,6673,6929,7204,7457,7824,8089,8368,8646,9025,9318,9628,9934,10356,10677,11001,11331,11773,12120,12467,12807,13269,13629,13986,14348,14837,15201,15558,15915,16387,16738,17091,17451,17916,18252,18617,18934,19379,19688,19997,20295,20724,20983,21250,21501,21800,22020,22211,22390,22626,22769,22890,22989,23096,23156,23191,23208,23194,23161,23088,22989,22813,22650,22457,22234,21888,21597,21280,20929,20417,19999,19557,19088,18418,17885,17328,16745,15935,15304,14654,13991,13115,12436,11758,11067,10152,9442,8736,8054,7123,6443,5753,5098,4222,3664,3188,2771,2255,1956,1666,1400,1096,900,732,584,421,321,255,168,83,39,10,0,0,0,0,0,0,0,0,0,0,g
57,65,85,118,137,162,213,254,287,341,383,444,479,523,573,633,683,740,807,925,1031,1156,1315,1522,1683,1844,1989,2163,2294,2406,2513,2630,2691,2737,2765,2788,2798,2798,2795,2783,2751,2715,2682,2652,2652,2638,2616,2588,2571,2556,2550,2573,2609,2641,2688,2763,2817,2887,2954,3052,3130,3214,3311,3464,3603,3761,3939,4202,4403,4614,4829,5129,5365,5611,5866,6223,6503,6791,7088,7497,7815,8135,8459,8905,9235,9569,9911,10392,10754,11118,11499,12001,12369,12750,13134,13640,14037,14443,14833,15375,15777,16174,16583,17112,17524,17930,18326,18857,19243,19624,20019,20540,20910,21296,21645,22111,22443,22770,23098,23488,23759,24023,24264,24562,24769,24953,25116,25309,25435,25551,25624,25695,25725,25722,25697,25622,25526,25406,25250,25005,24791,24563,24265,23854,23488,23098,22682,22082,21587,21070,20519,19731,19114,18477,17822,16893,16180,15441,14691,13666,12889,12111,11333,10290,9514,8747,7980,6974,6229,5500,4790,3964,3431,2959,2534,2045,1726,1440,1190,912,737,585,450,294,197,118,52,0,0,0,0,0,0,4,5,6,11,15,7,4,g
0,2,21,42,66,102,134,187,226,274,321,386,439,495,544,617,682,770,852,1025,1145,1297,1471,1685,1833,1983,2110,2289,2413,2496,2584,2677,2706,2727,2739,2748,2748,2732,2730,2692,2647,2601,2560,2505,2469,2436,2406,2370,2347,2336,2338,2357,2380,2413,2448,2497,2528,2559,2588,2628,2659,2697,2746,2832,2915,3016,3140,3344,3513,3687,3889,4174,4415,4643,4895,5260,5545,5862,6171,6593,6931,7262,7608,8085,8456,8810,9180,9680,10085,10463,10877,11396,11799,12213,12606,13162,13582,14012,14447,15046,15496,15963,16425,17044,17520,17998,18473,19108,19577,20049,20514,21135,21596,22041,22481,23055,23473,23873,24260,24750,25107,25452,25754,26145,26406,26635,26851,27095,27237,27380,27502,27583,27636,27644,27625,27548,27458,27339,27182,26931,26708,26423,26116,25646,25257,24835,24386,23738,23210,22651,22059,21231,20568,19882,19170,18182,17416,16624,15820,14730,13900,13067,12233,11128,10304,9489,8680,7617,6837,6089,5345,4437,3858,3340,2867,2338,1994,1670,1408,1094,889,741,582,427,322,228,166,95,50,45,29,13,11,11,22,17,22,16,12,2,f
87,87,88,131,134,141,183,209,273,322,351,401,444,481,525,593,661,708,773,875,968,1089,1237,1438,1596,1754,1895,2067,2175,2286,2389,2501,2569,2627,2661,2695,2728,2744,2765,2767,2739,2709,2663,2610,2579,2547,2526,2487,2466,2450,2447,2452,2480,2508,2534,2561,2589,2614,2632,2659,2690,2738,2796,2903,3007,3140,3289,3528,3715,3913,4113,4389,4607,4840,5086,5443,5726,6021,6325,6750,7071,7399,7726,8171,8509,8885,9238,9722,10075,10444,10820,11261,11606,11938,12292,12740,13117,13458,13812,14289,14657,15047,15441,15936,16355,16741,17097,17612,17980,18377,18771,19254,19611,19969,20314,20770,21097,21417,21737,22132,22405,22670,22907,23210,23414,23609,23781,23986,24121,24238,24311,24408,24436,24442,24417,24361,24287,24182,24065,23845,23669,23442,23183,22812,22475,22127,21737,21181,20723,20239,19734,19002,18430,17829,17210,16343,15688,15025,14319,13370,12643,11917,11183,10207,9480,8751,8032,7069,6358,5655,4963,4112,3567,3086,2658,2162,1836,1546,1286,993,812,656,512,346,241,153,122,74,49,44,45,40,47,35,32,58,67,45,58,56,b
11,14,6,11,42,46,59,94,113,151,181,231,292,336,368,428,478,529,568,646,718,779,861,1002,1134,1288,1453,1683,1822,1951,2077,2225,2328,2419,2506,2570,2621,2637,2660,2678,2682,2684,2677,2650,2621,2592,2556,2514,2480,2450,2432,2416,2386,2386,2386,2384,2401,2432,2445,2471,2479,2509,2517,2553,2577,2617,2671,2774,2882,3007,3152,3373,3547,3737,3945,4251,4502,4770,5054,5459,5776,6099,6427,6879,7221,7568,7918,8397,8757,9119,9482,9971,10336,10701,11056,11525,11889,12262,12610,13084,13437,13784,14141,14603,14951,15285,15622,16060,16391,16721,17023,17437,17733,18026,18347,18740,19032,19315,19583,19928,20193,20423,20663,20940,21134,21308,21478,21681,21813,21931,22033,22141,22201,22245,22258,22256,22227,22181,22108,21975,21834,21675,21486,21184,20924,20636,20328,19860,19481,19100,18667,18052,17574,17045,16482,15736,15129,14514,13883,13009,12340,11672,11004,10106,9434,8764,8084,7186,6514,5846,5193,4351,3774,3269,2828,2310,1975,1675,1408,1103,904,740,591,422,313,218,137,55,13,0,0,0,0,0,0,0,0,0,0,0,g
0,0,12,31,48,74,97,140,178,218,259,318,363,409,460,528,582,636,695,787,876,1002,1132,1340,1507,1675,1828,2023,2153,2261,2360,2485,2552,2616,2646,2678,2694,2698,2707,2675,2640,2611,2564,2496,2474,2428,2406,2375,2345,2318,2296,2277,2278,2288,2313,2363,2406,2462,2525,2636,2720,2801,2901,3025,3152,3276,3415,3629,3816,4008,4216,4519,4756,5010,5296,5670,5959,6271,6582,7006,7347,7701,8063,8564,8925,9300,9699,10236,10630,11043,11448,12002,12411,12832,13254,13795,14197,14600,15006,15542,15943,16336,16725,17232,17605,17972,18327,18786,19125,19455,19782,20207,20521,20824,21130,21519,21799,22074,22337,22672,22908,23133,23344,23629,23817,23992,24163,24342,24444,24552,24619,24679,24710,24714,24699,24647,24560,24453,24313,24105,23919,23677,23432,23030,22682,22306,21913,21338,20895,20402,19871,19122,18525,17915,17275,16389,15704,15002,14283,13309,12569,11829,11080,10096,9349,8612,7874,6905,6186,5473,4779,3962,3435,2966,2543,2076,1763,1483,1256,978,800,637,514,360,271,205,154,78,46,24,27,25,20,26,12,0,2,0,0,0,g
24,39,53,74,82,99,111,148,185,217,281,328,363,401,445,501,554,605,664,755,831,936,1067,1272,1432,1610,1752,1925,2053,2161,2263,2390,2463,2517,2557,2587,2603,2617,2616,2623,2616,2599,2588,2562,2542,2537,2522,2510,2511,2501,2496,2508,2515,2538,2566,2624,2648,2699,2728,2777,2799,2825,2851,2895,2941,3000,3081,3217,3329,3457,3592,3791,3954,4131,4327,4609,4844,5088,5351,5727,6021,6329,6647,7082,7419,7763,8138,8625,9017,9404,9800,10332,10726,11130,11523,12062,12464,12860,13281,13819,14238,14653,15085,15647,16081,16498,16918,17475,17893,18308,18720,19270,19681,20081,20479,20996,21380,21753,22107,22562,22889,23196,23485,23843,24087,24320,24528,24796,24955,25091,25209,25327,25381,25409,25413,25370,25307,25207,25076,24861,24658,24434,24172,23770,23414,23031,22621,22027,21543,21037,20487,19718,19118,18478,17815,16905,16196,15450,14708,13701,12928,12154,11377,10346,9583,8818,8057,7054,6320,5595,4891,4049,3504,3026,2597,2096,1774,1488,1232,952,775,618,477,323,221,134,67,17,3,0,0,4,12,10,13,9,4,0,0,11,g
2,10,15,28,49,73,111,150,182,231,266,328,367,410,448,508,575,625,681,760,844,927,1052,1250,1407,1589,1770,1958,2085,2217,2322,2461,2539,2601,2653,2701,2710,2738,2746,2760,2766,2742,2714,2670,2642,2612,2583,2552,2541,2527,2522,2525,2544,2574,2616,2688,2756,2827,2902,3007,3083,3154,3229,3331,3416,3517,3634,3812,3968,4144,4326,4575,4770,4964,5171,5473,5715,5959,6232,6580,6864,7163,7460,7869,8188,8523,8883,9317,9670,10025,10380,10855,11226,11584,11972,12452,12815,13189,13564,14074,14461,14856,15250,15781,16171,16564,16949,17465,17849,18229,18609,19113,19484,19847,20213,20676,21040,21363,21679,22084,22379,22642,22919,23237,23455,23666,23850,24084,24221,24339,24438,24535,24578,24606,24601,24565,24502,24398,24277,24065,23863,23627,23370,22992,22656,22288,21892,21322,20858,20371,19857,19129,18546,17941,17313,16439,15762,15062,14355,13395,12667,11942,11205,10216,9483,8751,8022,7057,6342,5636,4942,4114,3574,3098,2683,2196,1864,1565,1318,1043,855,689,559,406,307,214,148,78,51,32,39,35,29,59,41,28,20,29,23,12,g
11,1,5,14,27,51,81,121,153,190,223,282,330,372,412,466,513,558,611,693,769,858,967,1148,1300,1460,1614,1800,1924,2035,2139,2270,2350,2415,2463,2512,2529,2545,2561,2560,2549,2527,2515,2489,2472,2460,2449,2435,2430,2421,2422,2445,2455,2475,2502,2553,2597,2644,2699,2783,2837,2895,2956,3055,3130,3230,3358,3542,3716,3878,4052,4282,4458,4639,4832,5127,5338,5566,5798,6130,6382,6656,6937,7317,7613,7916,8223,8651,8985,9336,9687,10162,10541,10907,11283,11812,12194,12569,12961,13468,13864,14266,14674,15220,15613,16026,16412,16929,17301,17684,18063,18552,18928,19284,19649,20099,20435,20763,21079,21485,21777,22057,22317,22637,22864,23069,23257,23487,23640,23764,23874,23987,24043,24081,24093,24071,24019,23948,23837,23656,23475,23263,23023,22668,22380,22038,21679,21140,20686,20204,19697,18986,18422,17835,17217,16364,15695,14999,14309,13341,12621,11898,11171,10200,9462,8728,8020,7053,6335,5646,4960,4115,3571,3082,2659,2161,1834,1546,1291,1000,818,662,523,365,266,184,115,47,10,0,0,0,0,0,0,0,0,0,0,0,g
0,0,0,9,27,47,73,122,159,200,244,294,335,377,437,524,586,647,711,810,907,1008,1138,1380,1544,1710,1887,2064,2205,2323,2419,2548,2632,2665,2723,2744,2772,2796,2803,2801,2770,2741,2690,2613,2569,2526,2481,2434,2401,2371,2355,2345,2350,2384,2414,2473,2511,2549,2596,2652,2694,2739,2781,2832,2884,2937,3021,3153,3269,3398,3539,3755,3942,4135,4353,4679,4929,5194,5494,5888,6174,6473,6778,7189,7505,7838,8152,8592,8931,9279,9633,10121,10493,10878,11264,11789,12193,12606,13020,13592,14034,14488,14940,15553,16019,16481,16944,17564,18026,18481,18928,19527,19963,20391,20812,21375,21789,22193,22569,23068,23420,23735,24070,24425,24690,24934,25145,25420,25567,25702,25824,25928,25976,25994,25985,25946,25864,25762,25641,25426,25194,24939,24660,24240,23879,23484,23060,22447,21949,21421,20867,20089,19475,18831,18169,17234,16510,15780,15021,13988,13225,12443,11661,10612,9833,9063,8292,7278,6537,5832,5116,4235,3679,3181,2750,2251,1910,1618,1356,1072,869,718,572,423,311,233,158,81,45,29,19,12,12,2,0,0,0,0,0,0,g
0,2,9,25,44,61,98,139,182,219,256,303,344,386,428,491,544,598,659,743,824,920,1035,1234,1415,1592,1772,1988,2126,2246,2358,2498,2584,2667,2720,2769,2790,2819,2835,2866,2848,2825,2786,2726,2677,2627,2583,2520,2474,2428,2391,2352,2338,2336,2345,2375,2396,2428,2463,2511,2551,2596,2643,2716,2785,2868,2988,3188,3356,3541,3739,4002,4197,4414,4645,4957,5229,5485,5764,6122,6401,6696,6984,7360,7651,7931,8202,8593,8857,9150,9437,9817,10110,10404,10700,11097,11407,11725,12056,12510,12865,13227,13603,14134,14535,14948,15371,15943,16371,16806,17247,17820,18254,18678,19098,19654,20063,20485,20873,21353,21713,22053,22368,22767,23052,23304,23539,23818,24006,24166,24312,24453,24523,24576,24583,24562,24519,24429,24311,24122,23928,23697,23441,23058,22729,22373,21978,21409,20942,20455,19938,19204,18625,18019,17388,16505,15823,15123,14408,13438,12699,11960,11219,10224,9482,8745,8008,7039,6334,5648,4960,4127,3588,3107,2676,2186,1866,1581,1323,1018,832,673,544,388,281,200,126,56,18,9,7,5,5,0,11,6,0,0,0,0,g
88,112,132,180,206,244,288,357,396,470,515,585,655,708,780,875,965,1075,1208,1412,1584,1759,1927,2148,2312,2480,2650,2874,3031,3174,3308,3464,3562,3652,3731,3816,3862,3898,3936,3974,4014,4062,4125,4220,4319,4410,4506,4645,4756,4870,5019,5192,5342,5494,5651,5870,6024,6139,6267,6375,6408,6430,6453,6471,6500,6506,6524,6566,6578,6598,6633,6666,6700,6747,6822,6952,7073,7207,7359,7579,7772,7970,8183,8485,8718,8977,9241,9618,9928,10241,10561,11007,11359,11703,12059,12539,12911,13301,13682,14228,14654,15063,15483,16071,16500,16950,17405,17985,18423,18860,19273,19824,20230,20627,21025,21540,21901,22259,22597,23030,23336,23622,23891,24221,24443,24646,24829,25045,25187,25310,25414,25519,25567,25591,25588,25542,25470,25368,25237,25013,24807,24570,24307,23894,23552,23175,22775,22208,21739,21237,20706,19944,19331,18693,18039,17108,16390,15650,14895,13874,13105,12316,11529,10500,9711,8927,8165,7151,6413,5673,4953,4115,3575,3078,2644,2141,1809,1515,1256,965,787,625,486,327,225,143,79,16,0,0,0,0,0,0,0,0,0,0,0,0,b
44,58,75,96,122,147,176,215,250,276,305,351,387,421,461,517,557,599,663,764,842,943,1048,1196,1328,1438,1554,1695,1801,1903,2042,2176,2247,2319,2388,2467,2496,2532,2569,2560,2547,2572,2550,2530,2524,2534,2526,2534,2535,2564,2570,2598,2633,2666,2695,2736,2763,2776,2793,2802,2803,2803,2806,2806,2811,2835,2860,2930,2998,3070,3150,3292,3401,3498,3609,3790,3954,4133,4334,4612,4846,5098,5373,5716,5987,6255,6534,6926,7242,7545,7856,8286,8600,8924,9250,9692,10020,10350,10682,11137,11482,11824,12174,12642,12997,13353,13708,14182,14540,14896,15261,15737,16097,16461,16816,17280,17623,17955,18277,18695,19042,19364,19649,20021,20286,20499,20714,20982,21150,21342,21463,21611,21723,21786,21823,21856,21867,21834,21810,21701,21584,21457,21271,21008,20763,20495,20187,19765,19390,18989,18558,17958,17465,16947,16416,15661,15068,14462,13840,13000,12360,11716,11046,10164,9493,8824,8167,7287,6628,5970,5330,4489,3907,3406,2956,2439,2107,1806,1532,1203,1008,836,682,527,407,308,218,133,79,44,26,16,12,5,0,0,0,0,0,0,f
43,76,79,112,139,163,197,241,276,329,364,416,463,510,556,625,678,739,810,924,1035,1166,1315,1528,1693,1844,1979,2154,2278,2386,2491,2602,2665,2707,2730,2747,2774,2783,2790,2768,2742,2721,2703,2655,2627,2627,2593,2578,2609,2597,2602,2650,2704,2753,2820,2912,2976,3027,3108,3181,3262,3327,3438,3571,3671,3803,3957,4175,4344,4519,4697,4942,5133,5346,5572,5907,6165,6448,6743,7166,7466,7788,8115,8573,8917,9266,9628,10117,10491,10882,11289,11832,12213,12609,13007,13561,13963,14377,14798,15357,15810,16227,16643,17196,17607,18004,18404,18953,19344,19735,20135,20634,21007,21375,21737,22204,22547,22878,23195,23599,23876,24146,24401,24722,24934,25136,25321,25528,25656,25778,25861,25949,25988,25997,25985,25914,25830,25714,25598,25384,25178,24949,24703,24245,23922,23538,23095,22468,22018,21468,20951,20142,19540,18899,18204,17284,16556,15815,15065,14049,13253,12485,11684,10623,9866,9085,8305,7293,6538,5797,5072,4204,3640,3145,2710,2198,1863,1579,1311,1018,837,671,531,364,261,176,105,37,2,0,0,0,0,0,6,9,15,19,19,6,g
0,0,0,0,0,14,27,57,83,114,147,222,275,323,377,438,478,536,582,663,720,782,860,989,1108,1230,1372,1573,1725,1868,2005,2153,2263,2368,2463,2564,2619,2671,2693,2700,2699,2693,2669,2629,2600,2564,2537,2505,2489,2496,2491,2481,2475,2472,2469,2488,2503,2520,2549,2581,2610,2633,2657,2706,2747,2770,2832,2924,3016,3112,3224,3422,3574,3712,3850,4095,4263,4455,4682,4990,5225,5497,5765,6122,6408,6715,6995,7380,7671,7969,8271,8675,8995,9326,9663,10113,10458,10802,11147,11615,11975,12324,12683,13166,13521,13882,14246,14723,15077,15429,15775,16234,16584,16929,17273,17715,18042,18336,18624,19030,19298,19580,19826,20134,20364,20561,20755,20984,21129,21265,21399,21513,21612,21657,21707,21718,21710,21680,21623,21510,21388,21242,21069,20801,20568,20302,20009,19576,19222,18837,18425,17835,17356,16870,16351,15605,15025,14425,13812,12979,12340,11700,11049,10171,9537,8890,8241,7361,6723,6068,5437,4597,3999,3476,3031,2488,2143,1849,1567,1268,1058,874,730,544,433,322,232,137,77,33,6,0,0,0,0,0,0,0,0,0,f
49,63,81,100,121,152,195,249,277,320,373,429,468,524,575,633,686,744,799,907,1008,1125,1264,1472,1626,1775,1914,2078,2194,2305,2404,2512,2571,2610,2639,2662,2666,2666,2655,2619,2588,2550,2518,2481,2458,2446,2434,2464,2485,2492,2514,2530,2555,2606,2668,2724,2768,2819,2883,2931,3015,3081,3119,3207,3238,3307,3408,3554,3648,3818,3945,4126,4278,4456,4644,4944,5175,5429,5707,6070,6363,6664,6990,7433,7779,8136,8508,9013,9420,9810,10222,10776,11205,11627,12057,12629,13070,13512,13959,14584,15034,15494,15982,16595,17055,17524,17996,18592,19037,19475,19916,20473,20889,21300,21724,22225,22607,22975,23323,23792,24122,24416,24691,25031,25259,25478,25666,25895,26038,26155,26251,26345,26383,26398,26383,26319,26236,26116,25966,25719,25488,25232,24943,24500,24132,23729,23292,22666,22187,21682,21134,20346,19715,19057,18348,17403,16663,15892,15105,14048,13264,12455,11692,10626,9827,9048,8281,7238,6478,5730,5003,4190,3621,3140,2711,2184,1848,1559,1300,1026,832,672,521,358,259,171,106,44,10,4,0,0,0,0,0,0,0,0,0,0,g
37,40,72,82,113,126,149,202,238,274,315,369,403,447,488,546,591,638,692,772,845,934,1045,1225,1378,1533,1683,1867,2014,2120,2228,2356,2443,2515,2565,2607,2625,2649,2658,2645,2622,2597,2573,2547,2530,2524,2517,2521,2535,2542,2552,2579,2604,2642,2695,2776,2862,2936,3000,3094,3159,3226,3299,3399,3487,3585,3698,3879,4023,4182,4344,4565,4741,4917,5101,5370,5585,5815,6060,6408,6686,6972,7271,7674,7981,8294,8634,9081,9417,9767,10124,10602,10957,11315,11675,12145,12508,12901,13264,13759,14140,14536,14909,15424,15814,16183,16560,17033,17393,17750,18119,18592,18949,19283,19622,20063,20386,20694,21000,21388,21663,21926,22175,22480,22692,22901,23083,23300,23453,23584,23684,23793,23852,23891,23918,23892,23843,23767,23663,23471,23300,23111,22871,22521,22225,21895,21523,20999,20573,20103,19611,18918,18370,17773,17167,16325,15674,14992,14318,13379,12667,11946,11223,10258,9536,8816,8098,7147,6440,5745,5062,4197,3640,3154,2721,2212,1881,1588,1329,1024,838,676,532,372,265,174,100,38,13,0,0,8,17,6,14,7,22,19,14,19,g
27,42,57,86,118,157,207,266,315,353,415,468,520,566,607,685,742,796,852,975,1081,1202,1347,1567,1717,1860,1996,2157,2274,2388,2485,2591,2649,2690,2716,2731,2734,2728,2706,2668,2632,2594,2559,2527,2508,2490,2480,2474,2472,2471,2482,2503,2536,2598,2653,2742,2799,2876,2928,3011,3056,3107,3168,3263,3343,3455,3575,3774,3931,4095,4272,4506,4697,4893,5108,5392,5641,5899,6166,6559,6844,7147,7453,7880,8207,8543,8899,9382,9756,10141,10539,11080,11501,11909,12331,12902,13328,13753,14188,14756,15195,15645,16081,16663,17093,17525,17953,18540,18971,19389,19818,20373,20776,21169,21592,22099,22494,22868,23213,23647,23953,24255,24542,24900,25133,25349,25544,25771,25919,26044,26146,26241,26285,26302,26291,26241,26157,26047,25905,25662,25446,25191,24901,24464,24102,23706,23279,22658,22163,21626,21063,20262,19628,18964,18280,17349,16617,15869,15113,14069,13270,12474,11672,10629,9846,9057,8283,7267,6504,5766,5033,4183,3636,3153,2710,2197,1869,1569,1310,1022,831,672,525,359,256,168,97,33,2,0,0,0,0,0,0,0,0,0,0,0,g
0,0,0,0,0,0,0,18,42,71,98,141,181,218,262,323,366,410,453,514,579,647,716,839,953,1090,1222,1431,1580,1726,1854,1998,2082,2181,2256,2366,2400,2434,2467,2500,2528,2564,2578,2600,2615,2622,2628,2635,2633,2627,2620,2634,2652,2679,2722,2783,2835,2899,2959,3036,3089,3135,3186,3244,3294,3341,3389,3468,3544,3634,3735,3880,3999,4137,4290,4484,4658,4838,5037,5325,5560,5787,6046,6383,6645,6901,7172,7517,7787,8060,8348,8724,9014,9298,9590,9973,10260,10555,10851,11255,11571,11885,12199,12625,12945,13262,13576,13998,14313,14623,14930,15337,15644,15952,16257,16667,16965,17260,17545,17920,18188,18453,18722,19066,19309,19551,19755,20013,20191,20343,20485,20659,20757,20840,20912,20953,20965,20976,20940,20869,20787,20669,20537,20310,20091,19848,19576,19179,18847,18491,18096,17533,17081,16607,16101,15399,14850,14278,13695,12890,12288,11664,11049,10213,9582,8950,8315,7464,6822,6194,5567,4746,4142,3597,3123,2591,2235,1911,1635,1296,1102,920,760,576,449,342,275,172,110,75,42,7,10,9,17,6,0,2,0,0,f
120,110,159,153,178,209,240,272,314,351,378,435,489,503,551,590,629,675,754,841,897,973,1066,1224,1366,1520,1686,1888,2023,2145,2261,2405,2497,2576,2642,2703,2729,2756,2759,2767,2764,2752,2725,2691,2663,2655,2642,2626,2614,2622,2610,2615,2615,2636,2680,2733,2790,2874,2950,3055,3118,3189,3254,3349,3421,3516,3608,3760,3898,4054,4226,4472,4668,4871,5081,5380,5620,5872,6131,6495,6781,7068,7369,7783,8092,8407,8727,9151,9471,9794,10120,10557,10882,11207,11531,12001,12351,12683,13012,13470,13787,14144,14494,14930,15263,15616,15941,16384,16708,17034,17365,17790,18115,18448,18769,19199,19513,19834,20126,20507,20815,21075,21323,21650,21875,22087,22300,22538,22701,22842,22962,23104,23183,23232,23266,23272,23254,23190,23104,22940,22775,22585,22366,22022,21725,21403,21049,20549,20130,19687,19208,18533,17999,17446,16857,16044,15395,14747,14075,13174,12492,11812,11120,10184,9488,8791,8099,7173,6490,5807,5137,4271,3706,3210,2774,2262,1936,1636,1372,1068,876,710,567,401,292,199,123,44,2,0,0,0,0,0,0,0,0,0,10,30,g
35,49,60,102,118,144,188,222,263,295,329,398,449,490,533,615,658,718,786,903,1008,1138,1288,1509,1672,1820,1959,2129,2257,2373,2475,2586,2640,2677,2704,2726,2730,2731,2719,2699,2668,2630,2628,2597,2605,2592,2585,2572,2578,2571,2599,2623,2662,2711,2774,2873,2938,3006,3076,3164,3234,3309,3385,3515,3628,3764,3914,4139,4311,4485,4660,4907,5104,5314,5535,5852,6112,6386,6673,7073,7380,7697,8032,8472,8810,9154,9504,9992,10370,10757,11137,11638,12023,12409,12802,13313,13710,14109,14503,15048,15446,15857,16267,16805,17227,17626,18031,18558,18961,19344,19748,20270,20650,21023,21397,21871,22216,22551,22885,23303,23594,23875,24137,24463,24691,24897,25088,25307,25470,25591,25683,25791,25819,25829,25815,25759,25671,25562,25409,25160,24938,24710,24419,23982,23630,23248,22819,22202,21698,21178,20633,19861,19222,18573,17895,16961,16232,15492,14742,13730,12953,12171,11398,10364,9583,8813,8056,7059,6323,5599,4891,4040,3500,3023,2592,2097,1776,1487,1236,947,771,610,473,318,219,141,71,5,0,0,0,0,0,0,10,20,9,5,12,8,g
0,0,14,56,89,135,164,214,258,317,378,437,497,553,604,701,772,849,963,1120,1258,1410,1574,1792,1967,2089,2204,2372,2469,2558,2624,2694,2723,2743,2761,2781,2787,2785,2770,2733,2705,2667,2631,2594,2555,2524,2495,2468,2464,2480,2508,2570,2615,2677,2731,2789,2823,2870,2910,2975,3027,3084,3152,3268,3378,3507,3661,3868,4053,4233,4434,4711,4940,5180,5445,5824,6118,6425,6741,7182,7524,7874,8231,8717,9082,9447,9815,10320,10695,11077,11463,11984,12382,12788,13204,13769,14203,14641,15086,15679,16131,16585,17042,17678,18157,18626,19101,19714,20172,20634,21090,21707,22157,22592,23028,23590,23993,24362,24736,25202,25537,25853,26165,26536,26784,27037,27256,27486,27647,27779,27873,27959,27996,28014,27985,27895,27798,27674,27513,27245,27015,26752,26437,25975,25606,25176,24714,24062,23533,22972,22376,21545,20879,20187,19470,18493,17722,16933,16106,15003,14161,13321,12476,11357,10534,9705,8887,7807,7014,6230,5463,4525,3928,3400,2922,2368,2021,1694,1412,1087,889,714,564,387,278,185,107,33,0,0,0,0,0,0,0,0,0,0,0,0,b
3,11,25,46,71,93,126,172,209,248,289,344,387,429,473,536,589,649,716,829,935,1067,1252,1493,1692,1844,1988,2179,2300,2418,2529,2643,2695,2725,2750,2788,2802,2828,2832,2831,2824,2855,2823,2796,2817,2789,2796,2758,2760,2760,2773,2803,2841,2889,2926,2982,3008,3045,3066,3096,3116,3143,3204,3265,3335,3426,3532,3688,3826,3964,4116,4330,4508,4705,4939,5255,5517,5774,6048,6426,6750,7047,7372,7785,8097,8430,8771,9224,9593,9943,10295,10784,11131,11504,11857,12344,12699,13064,13432,13934,14314,14699,15078,15589,15969,16344,16724,17223,17605,17982,18365,18869,19248,19621,19996,20479,20838,21190,21531,21955,22257,22541,22814,23202,23468,23704,23931,24166,24307,24462,24589,24686,24748,24784,24775,24743,24676,24607,24501,24311,24131,23890,23675,23239,22911,22534,22140,21568,21124,20620,20087,19340,18742,18121,17473,16573,15880,15160,14427,13435,12681,11929,11173,10170,9425,8675,7934,6950,6232,5523,4824,3993,3461,2996,2569,2095,1792,1506,1250,967,795,660,521,360,268,191,126,73,41,20,26,16,16,23,19,24,11,15,9,3,g
37,49,65,81,114,152,183,226,261,303,340,395,437,484,535,603,668,740,825,967,1095,1250,1406,1629,1778,1917,2048,2212,2323,2425,2511,2593,2637,2662,2679,2708,2727,2739,2732,2715,2698,2663,2656,2617,2620,2594,2578,2571,2576,2579,2607,2650,2701,2769,2833,2913,2977,3029,3081,3146,3197,3266,3313,3402,3488,3598,3710,3895,4043,4217,4387,4641,4864,5097,5353,5721,6020,6331,6658,7107,7449,7799,8156,8645,9011,9395,9775,10284,10671,11064,11452,11974,12367,12759,13166,13672,14069,14467,14877,15440,15852,16270,16704,17251,17656,18068,18473,19013,19412,19814,20215,20747,21132,21515,21889,22373,22725,23064,23389,23791,24075,24348,24603,24923,25146,25346,25528,25738,25871,25977,26063,26141,26166,26168,26143,26064,25972,25866,25726,25481,25261,25004,24728,24284,23912,23514,23075,22446,21936,21425,20856,20059,19451,18789,18133,17205,16477,15721,14966,13924,13151,12360,11568,10529,9754,8969,8200,7186,6437,5702,4979,4126,3571,3087,2646,2143,1818,1525,1278,987,807,655,514,350,252,164,101,34,0,0,0,0,0,4,15,26,24,20,13,28,g
0,3,0,0,0,12,23,44,62,88,121,157,191,225,263,311,359,398,454,539,588,638,705,826,925,1066,1200,1415,1577,1718,1838,1993,2107,2203,2293,2392,2477,2523,2545,2569,2588,2611,2611,2610,2601,2591,2572,2561,2563,2574,2595,2637,2672,2712,2756,2821,2869,2921,2975,3038,3079,3112,3134,3175,3200,3223,3252,3299,3371,3437,3518,3617,3695,3775,3865,4002,4125,4274,4427,4654,4860,5069,5283,5592,5834,6077,6332,6676,6950,7213,7477,7872,8169,8466,8781,9191,9499,9810,10127,10562,10892,11224,11566,12023,12375,12725,13076,13546,13901,14257,14613,15094,15452,15803,16159,16626,16972,17309,17643,18097,18409,18742,19035,19401,19664,19913,20136,20429,20627,20802,20953,21135,21246,21321,21388,21446,21461,21446,21408,21313,21230,21090,20929,20668,20446,20186,19897,19473,19121,18733,18319,17731,17262,16764,16249,15511,14936,14342,13734,12904,12269,11631,10988,10128,9477,8830,8187,7318,6672,6033,5417,4599,4005,3491,3034,2501,2155,1843,1557,1263,1051,864,729,540,424,329,238,151,100,54,32,13,7,5,0,4,7,0,0,0,b
19,34,39,46,63,85,107,155,188,234,266,316,354,397,438,500,551,609,667,755,835,934,1052,1248,1411,1580,1732,1916,2041,2155,2255,2377,2451,2506,2546,2576,2589,2595,2616,2632,2635,2618,2609,2557,2566,2557,2543,2566,2537,2536,2547,2511,2516,2559,2559,2586,2658,2696,2756,2805,2844,2889,2918,2960,3013,3063,3116,3213,3306,3415,3525,3708,3861,4027,4215,4497,4719,4955,5212,5578,5868,6166,6471,6899,7225,7550,7885,8350,8706,9083,9452,9995,10382,10767,11160,11697,12089,12507,12909,13454,13875,14287,14698,15280,15722,16145,16569,17145,17568,17984,18394,18942,19356,19757,20142,20650,21025,21389,21738,22192,22516,22826,23120,23481,23731,23960,24170,24421,24583,24720,24836,24954,25010,25041,25052,25016,24956,24858,24729,24535,24352,24151,23904,23515,23182,22784,22415,21802,21310,20796,20259,19517,18892,18254,17608,16686,15964,15255,14507,13504,12756,11975,11213,10217,9452,8722,7992,6997,6267,5549,4847,4010,3471,3006,2587,2095,1779,1494,1265,980,802,643,516,356,255,167,102,40,1,0,0,0,0,21,17,24,33,19,35,16,g
67,95,136,167,208,253,288,343,397,442,501,565,615,672,741,838,938,1062,1209,1434,1613,1787,1958,2186,2355,2524,2700,2924,3076,3216,3340,3483,3579,3670,3746,3831,3881,3928,3974,4044,4107,4188,4294,4418,4521,4629,4738,4861,4973,5102,5262,5443,5598,5748,5925,6127,6272,6413,6534,6658,6720,6764,6808,6838,6863,6895,6928,6987,7007,7024,7036,7052,7080,7110,7157,7233,7310,7397,7505,7671,7819,7990,8174,8456,8687,8929,9193,9577,9884,10202,10551,11012,11362,11719,12095,12618,13004,13411,13808,14370,14783,15201,15621,16194,16632,17068,17504,18094,18506,18922,19331,19874,20275,20651,21061,21531,21883,22213,22542,22955,23255,23534,23794,24110,24322,24514,24693,24902,25038,25154,25255,25355,25401,25429,25423,25378,25308,25213,25081,24867,24653,24412,24141,23749,23409,23056,22655,22084,21598,21085,20541,19775,19180,18539,17883,16976,16255,15528,14789,13763,13001,12219,11431,10408,9622,8842,8076,7077,6349,5638,4910,4074,3528,3045,2613,2111,1806,1506,1254,963,789,630,488,330,245,172,101,41,7,0,0,0,0,0,0,0,0,0,0,0,b
22,43,64,77,103,127,147,205,233,262,296,343,386,426,470,529,572,619,677,761,836,930,1044,1227,1378,1532,1677,1847,1965,2079,2182,2306,2384,2447,2490,2531,2551,2564,2570,2563,2549,2528,2525,2525,2532,2532,2552,2558,2557,2568,2598,2629,2653,2684,2766,2830,2897,2944,2996,3064,3085,3111,3130,3161,3217,3274,3329,3410,3513,3586,3679,3818,3948,4084,4236,4490,4693,4916,5161,5501,5771,6055,6358,6780,7087,7396,7740,8182,8520,8873,9238,9734,10107,10487,10868,11400,11775,12151,12533,13058,13451,13854,14263,14818,15217,15622,16035,16576,16987,17397,17796,18336,18724,19105,19489,19981,20340,20692,21037,21471,21784,22078,22362,22713,22951,23176,23385,23633,23791,23930,24053,24169,24235,24276,24288,24260,24207,24128,24019,23823,23637,23420,23172,22819,22516,22204,21820,21281,20845,20340,19865,19109,18517,17907,17272,16423,15718,15027,14327,13338,12592,11851,11111,10115,9382,8633,7914,6937,6218,5532,4828,4015,3476,3004,2584,2100,1778,1500,1246,959,789,630,493,336,243,158,96,28,3,0,0,0,0,0,0,0,0,0,0,0,g
7,21,36,62,90,119,151,197,239,283,332,401,448,491,532,601,650,733,794,919,1033,1155,1302,1512,1673,1828,1965,2135,2259,2362,2450,2549,2603,2638,2663,2680,2684,2676,2662,2631,2599,2560,2529,2495,2481,2475,2474,2467,2471,2475,2489,2524,2564,2608,2663,2742,2801,2876,2946,3042,3113,3185,3260,3369,3468,3593,3747,3922,4077,4252,4392,4631,4802,4976,5170,5454,5679,5923,6158,6499,6796,7075,7394,7784,8097,8417,8747,9207,9583,9964,10359,10896,11311,11735,12163,12762,13208,13657,14117,14718,15180,15644,16107,16719,17182,17636,18091,18693,19139,19583,20022,20601,21026,21468,21871,22403,22792,23163,23523,23990,24304,24629,24926,25278,25515,25737,25954,26188,26344,26488,26589,26691,26730,26740,26728,26669,26587,26473,26325,26086,25863,25605,25311,24875,24509,24109,23677,23053,22543,22004,21437,20627,19989,19320,18628,17659,16907,16136,15351,14305,13506,12705,11903,10822,10016,9224,8428,7403,6632,5876,5160,4272,3700,3201,2752,2243,1917,1611,1364,1063,864,709,570,397,298,214,139,67,30,8,0,0,0,0,0,0,0,0,0,0,g
34,55,76,90,122,145,175,226,276,312,346,397,445,487,538,604,666,730,784,880,967,1072,1198,1397,1550,1700,1838,1997,2105,2216,2321,2438,2509,2565,2602,2634,2647,2657,2654,2639,2620,2596,2570,2544,2532,2529,2541,2565,2580,2586,2596,2598,2618,2641,2679,2709,2723,2730,2760,2760,2776,2793,2802,2825,2860,2917,2993,3110,3208,3344,3476,3674,3820,3998,4190,4486,4729,4999,5271,5655,5951,6257,6581,7014,7353,7695,8045,8523,8896,9278,9674,10206,10608,11014,11435,11980,12394,12807,13233,13813,14248,14680,15124,15725,16188,16623,17061,17663,18092,18523,18943,19504,19926,20326,20723,21263,21641,22006,22375,22829,23149,23447,23731,24078,24316,24535,24734,24981,25131,25264,25367,25474,25524,25551,25548,25508,25432,25330,25194,24969,24759,24521,24244,23830,23478,23093,22679,22089,21622,21114,20572,19810,19196,18546,17891,16965,16269,15526,14776,13774,13000,12237,11480,10454,9681,8916,8168,7177,6433,5696,5004,4137,3597,3124,2682,2178,1847,1550,1294,1004,821,657,515,353,249,172,97,29,0,0,0,0,0,0,0,0,0,0,0,0,g
0,4,18,45,71,102,129,183,221,259,304,357,397,455,510,592,660,722,790,915,1013,1135,1282,1497,1647,1806,1944,2107,2236,2354,2448,2584,2648,2703,2749,2748,2752,2751,2724,2699,2666,2627,2582,2543,2520,2505,2487,2483,2479,2479,2491,2519,2562,2612,2678,2783,2852,2933,3011,3111,3183,3263,3346,3485,3603,3737,3891,4122,4294,4472,4649,4901,5131,5341,5563,5885,6144,6403,6677,7067,7382,7680,7982,8405,8730,9050,9374,9822,10170,10528,10887,11384,11765,12148,12540,13075,13480,13894,14309,14873,15292,15719,16141,16697,17108,17518,17927,18465,18862,19256,19648,20155,20527,20890,21246,21724,22061,22406,22723,23144,23402,23661,23912,24230,24428,24621,24805,25011,25130,25241,25323,25399,25441,25450,25430,25377,25278,25159,25012,24760,24540,24299,24011,23574,23213,22824,22407,21796,21307,20785,20241,19469,18856,18217,17562,16647,15955,15230,14488,13500,12737,11973,11213,10203,9441,8685,7932,6961,6221,5498,4792,3982,3450,2978,2572,2095,1800,1523,1270,982,818,666,521,364,258,184,111,46,19,5,2,1,0,0,0,0,0,0,0,0,g
23,30,63,72,85,106,127,162,197,230,269,323,360,403,444,506,557,610,672,753,830,926,1039,1231,1393,1552,1702,1884,2005,2124,2245,2378,2469,2542,2588,2657,2680,2691,2705,2694,2683,2663,2637,2607,2586,2566,2552,2541,2537,2537,2543,2571,2589,2614,2653,2705,2752,2796,2849,2906,2951,2997,3053,3139,3216,3309,3423,3599,3743,3899,4064,4285,4465,4654,4857,5139,5365,5601,5849,6217,6498,6796,7091,7508,7798,8114,8427,8872,9226,9568,9924,10405,10769,11133,11508,12023,12407,12788,13174,13684,14077,14492,14888,15406,15806,16184,16590,17080,17457,17835,18216,18711,19083,19458,19822,20307,20655,21003,21331,21774,22080,22382,22672,23032,23268,23491,23696,23943,24112,24252,24373,24514,24580,24628,24669,24647,24610,24534,24420,24241,24064,23836,23580,23213,22876,22532,22159,21590,21148,20662,20145,19417,18831,18213,17561,16668,15965,15248,14517,13524,12776,12024,11271,10269,9517,8768,8026,7045,6314,5596,4898,4048,3504,3028,2604,2109,1789,1500,1243,955,788,637,513,367,268,193,118,75,38,34,32,26,27,33,34,22,19,11,11,8,g
38,48,59,73,92,132,157,209,234,271,310,370,403,471,506,561,607,669,730,808,887,987,1108,1309,1467,1619,1767,1946,2065,2180,2282,2399,2469,2517,2559,2598,2621,2642,2654,2639,2626,2603,2575,2540,2520,2506,2501,2488,2498,2519,2527,2551,2587,2607,2646,2694,2728,2758,2799,2832,2882,2901,2951,3012,3071,3137,3223,3365,3481,3621,3745,3940,4092,4258,4444,4719,4943,5186,5437,5789,6062,6352,6649,7061,7373,7699,8037,8502,8868,9239,9622,10140,10531,10925,11323,11852,12250,12653,13081,13646,14081,14498,14919,15477,15916,16334,16749,17299,17715,18137,18545,19094,19498,19889,20265,20766,21129,21483,21820,22249,22572,22864,23135,23495,23734,23941,24136,24365,24512,24633,24733,24834,24881,24899,24915,24859,24788,24686,24565,24338,24128,23910,23654,23239,22888,22511,22100,21518,21040,20534,20028,19285,18676,18059,17402,16498,15811,15090,14354,13365,12613,11845,11104,10101,9347,8596,7857,6874,6160,5441,4752,3938,3408,2937,2523,2040,1724,1447,1196,923,748,595,459,304,204,125,59,4,0,0,0,0,0,0,0,0,0,0,0,0,g
13,12,37,42,71,76,96,136,155,190,236,272,300,344,377,431,480,521,563,623,675,726,788,906,1005,1130,1274,1476,1624,1767,1891,2051,2156,2258,2348,2443,2495,2532,2561,2583,2592,2595,2588,2573,2549,2524,2516,2501,2486,2492,2489,2472,2468,2480,2490,2490,2498,2519,2545,2579,2604,2628,2652,2683,2719,2752,2796,2880,2963,3064,3188,3369,3517,3667,3827,4047,4234,4435,4654,4965,5215,5470,5739,6110,6393,6678,6961,7347,7636,7920,8215,8614,8941,9261,9592,10024,10365,10695,11026,11473,11806,12150,12498,12971,13322,13687,14043,14523,14908,15274,15636,16122,16474,16812,17163,17607,17930,18260,18568,18966,19253,19532,19798,20135,20364,20584,20787,21031,21189,21346,21466,21598,21695,21762,21798,21833,21828,21796,21738,21634,21509,21359,21182,20905,20662,20390,20105,19687,19311,18930,18498,17894,17405,16897,16369,15632,15055,14443,13837,12984,12347,11699,11046,10192,9543,8881,8206,7312,6645,5981,5330,4481,3893,3385,2926,2394,2053,1748,1471,1157,955,782,630,447,335,236,152,67,20,0,0,0,0,0,0,0,0,1,8,6,f
0,0,0,30,77,109,153,187,210,294,321,388,416,457,485,551,596,666,737,830,904,1016,1120,1322,1491,1619,1772,1935,2079,2163,2261,2375,2448,2506,2544,2578,2600,2607,2612,2599,2584,2554,2533,2494,2482,2476,2468,2467,2464,2472,2478,2503,2530,2568,2605,2690,2732,2785,2837,2911,2969,3012,3045,3120,3182,3245,3351,3494,3596,3714,3838,3992,4138,4283,4450,4715,4921,5153,5391,5731,6001,6290,6586,6998,7316,7640,7974,8438,8797,9169,9543,10052,10442,10825,11214,11733,12122,12517,12924,13469,13879,14291,14704,15263,15716,16165,16598,17178,17618,18037,18454,18974,19371,19757,20159,20640,21013,21390,21758,22194,22522,22836,23096,23436,23664,23886,24128,24362,24500,24614,24736,24845,24896,24931,24944,24906,24832,24741,24614,24393,24200,23971,23709,23317,22984,22614,22208,21628,21166,20664,20134,19384,18786,18161,17514,16613,15913,15218,14484,13500,12739,11987,11238,10217,9472,8718,7980,7003,6273,5559,4864,4035,3507,3030,2618,2149,1821,1550,1287,997,815,657,513,351,255,167,100,28,4,0,0,0,0,0,0,0,0,0,0,0,g
36,50,70,92,114,128,151,191,227,264,298,349,392,429,476,536,581,641,710,796,877,979,1101,1309,1461,1616,1760,1931,2056,2168,2271,2395,2468,2525,2572,2620,2636,2657,2657,2655,2630,2614,2590,2589,2564,2556,2548,2547,2540,2537,2542,2550,2572,2599,2626,2669,2704,2740,2777,2813,2843,2865,2892,2938,2983,3046,3125,3254,3363,3480,3604,3786,3938,4107,4303,4585,4816,5065,5322,5690,5977,6278,6592,7043,7382,7735,8087,8579,8939,9325,9709,10233,10624,11012,11407,11960,12355,12766,13183,13725,14165,14592,15018,15583,16008,16439,16892,17478,17914,18334,18753,19304,19713,20118,20517,21038,21414,21786,22146,22607,22929,23240,23529,23895,24147,24384,24592,24840,25001,25141,25255,25370,25430,25463,25465,25429,25368,25287,25160,24935,24737,24495,24222,23805,23464,23079,22674,22067,21586,21063,20529,19751,19147,18505,17843,16937,16215,15481,14730,13717,12945,12175,11407,10378,9610,8847,8089,7092,6353,5624,4911,4065,3525,3047,2612,2115,1790,1497,1241,956,781,623,480,316,219,155,98,43,23,15,1,1,4,0,8,0,8,22,13,24,g
44,55,77,101,120,154,190,235,261,292,355,396,430,472,516,579,625,677,730,825,917,1023,1156,1364,1521,1674,1825,2001,2130,2242,2348,2485,2559,2613,2660,2698,2711,2747,2749,2729,2719,2692,2674,2662,2640,2630,2631,2617,2615,2617,2615,2625,2639,2652,2678,2705,2726,2742,2752,2763,2766,2778,2792,2832,2879,2942,3027,3167,3275,3398,3526,3719,3867,4046,4238,4527,4767,5021,5284,5657,5953,6256,6575,7005,7339,7681,8043,8541,8927,9322,9727,10257,10659,11074,11476,12034,12446,12869,13307,13879,14331,14776,15230,15817,16264,16718,17159,17740,18204,18634,19057,19646,20063,20470,20873,21390,21782,22148,22505,22954,23275,23574,23860,24211,24455,24677,24873,25118,25266,25393,25507,25602,25649,25663,25659,25605,25529,25422,25284,25072,24847,24624,24350,23926,23561,23176,22756,22194,21692,21180,20626,19846,19224,18578,17908,16979,16258,15529,14780,13751,12975,12196,11413,10374,9607,8834,8065,7045,6298,5563,4851,4014,3476,2998,2571,2077,1758,1467,1214,931,755,599,460,305,206,124,57,0,0,0,0,2,1,0,0,0,0,10,10,23,g
65,76,99,113,147,167,191,231,268,294,344,398,442,485,529,598,658,719,784,890,989,1110,1253,1460,1616,1768,1911,2086,2207,2321,2450,2566,2652,2694,2731,2784,2792,2798,2797,2759,2715,2688,2649,2623,2610,2588,2572,2566,2559,2558,2572,2605,2638,2691,2745,2823,2891,2955,3019,3101,3164,3239,3310,3424,3538,3669,3821,4049,4236,4427,4627,4896,5115,5340,5577,5909,6175,6444,6732,7156,7485,7809,8148,8598,8931,9280,9629,10141,10506,10894,11271,11800,12199,12610,13008,13571,13991,14392,14792,15337,15747,16150,16549,17090,17478,17857,18239,18736,19107,19473,19828,20300,20644,20977,21305,21725,22029,22325,22603,22961,23216,23454,23682,23952,24141,24304,24449,24623,24728,24822,24888,24968,24987,24993,24968,24891,24791,24688,24536,24306,24110,23856,23571,23163,22814,22446,22041,21459,20979,20479,19947,19188,18596,17975,17328,16434,15744,15036,14317,13345,12601,11856,11109,10117,9372,8635,7895,6920,6199,5488,4790,3968,3434,2966,2550,2070,1755,1468,1215,932,774,626,502,344,251,169,110,58,27,27,33,30,30,31,20,28,30,28,36,30,g
30,39,45,82,105,138,176,225,259,297,341,397,440,488,533,596,651,713,789,898,1017,1167,1311,1528,1682,1828,1965,2129,2258,2374,2490,2615,2704,2746,2779,2804,2822,2807,2788,2770,2744,2709,2691,2666,2654,2643,2633,2635,2634,2642,2644,2669,2705,2737,2776,2814,2843,2864,2883,2892,2903,2918,2933,2966,3014,3076,3152,3280,3387,3504,3631,3825,3986,4168,4373,4676,4925,5193,5470,5857,6166,6508,6840,7300,7658,8019,8376,8886,9281,9670,10095,10632,11037,11454,11868,12433,12868,13295,13734,14341,14789,15251,15717,16335,16793,17251,17701,18313,18765,19219,19655,20233,20665,21085,21496,22033,22425,22807,23174,23643,23964,24265,24566,24916,25162,25391,25588,25822,25969,26095,26198,26322,26357,26383,26382,26328,26242,26129,25988,25764,25529,25274,25001,24560,24192,23809,23379,22747,22249,21718,21164,20376,19745,19079,18397,17441,16694,15929,15156,14101,13304,12504,11700,10637,9844,9054,8273,7253,6495,5749,5021,4153,3594,3103,2661,2151,1824,1528,1268,973,789,626,493,339,253,175,116,52,44,30,20,35,27,16,19,23,15,16,10,5,g
61,64,74,98,117,150,173,212,245,286,325,388,427,472,523,585,633,688,751,849,954,1068,1204,1407,1564,1722,1866,2037,2163,2282,2393,2526,2610,2669,2705,2752,2778,2806,2813,2789,2788,2762,2727,2703,2694,2671,2662,2657,2656,2654,2667,2690,2716,2744,2780,2825,2850,2874,2896,2922,2934,2953,2977,3031,3092,3156,3238,3358,3458,3563,3673,3828,3963,4120,4291,4552,4775,5004,5247,5592,5882,6187,6490,6907,7218,7546,7876,8332,8686,9055,9429,9933,10333,10711,11109,11633,12025,12442,12850,13403,13819,14258,14681,15265,15703,16133,16557,17130,17562,17986,18408,18963,19369,19771,20171,20685,21061,21423,21774,22221,22537,22848,23142,23487,23723,23942,24152,24395,24544,24677,24792,24897,24952,24991,24987,24947,24879,24796,24671,24475,24272,24027,23760,23361,23033,22666,22272,21685,21214,20716,20179,19418,18819,18196,17543,16631,15919,15197,14461,13461,12707,11954,11196,10185,9425,8676,7924,6943,6218,5499,4796,3972,3439,2967,2546,2064,1750,1466,1215,933,758,600,483,342,255,180,126,51,32,11,7,17,11,6,11,6,0,5,6,13,g
97,112,135,156,178,205,227,266,307,363,392,473,501,549,604,663,717,795,838,912,1009,1108,1231,1421,1564,1699,1831,1985,2102,2209,2309,2420,2487,2543,2586,2618,2635,2642,2653,2645,2636,2627,2624,2630,2645,2668,2698,2765,2817,2862,2931,3046,3127,3232,3327,3450,3536,3617,3694,3786,3833,3882,3941,4016,4086,4163,4257,4398,4499,4620,4726,4877,4989,5118,5252,5456,5626,5800,5997,6276,6504,6747,6992,7326,7587,7856,8140,8531,8839,9155,9483,9930,10271,10615,10959,11425,11792,12156,12528,13020,13393,13761,14131,14642,15017,15414,15789,16288,16657,17032,17426,17936,18301,18695,19052,19524,19876,20233,20562,21001,21307,21624,21891,22237,22477,22695,22890,23170,23322,23462,23576,23703,23770,23818,23838,23850,23812,23742,23647,23475,23329,23122,22893,22538,22236,21899,21534,20992,20573,20103,19598,18899,18336,17746,17125,16260,15593,14905,14224,13268,12560,11828,11101,10125,9395,8675,7961,6994,6291,5590,4903,4066,3524,3046,2620,2134,1810,1524,1268,980,796,640,498,341,239,156,87,18,0,0,0,0,0,0,0,0,0,0,0,0,g
10,29,58,86,102,145,196,249,292,326,364,423,468,529,573,638,689,751,812,925,1019,1148,1294,1496,1665,1813,1957,2127,2245,2359,2466,2585,2649,2701,2729,2753,2767,2763,2755,2730,2702,2692,2656,2630,2613,2607,2602,2594,2588,2588,2591,2610,2646,2691,2742,2819,2874,2927,2965,3005,3059,3072,3100,3146,3198,3255,3329,3460,3564,3678,3807,3994,4144,4320,4514,4795,5027,5273,5541,5921,6213,6520,6847,7282,7615,7956,8302,8778,9145,9514,9898,10418,10814,11211,11613,12153,12564,12982,13402,13972,14417,14864,15311,15918,16375,16838,17284,17881,18308,18741,19184,19750,20177,20592,21005,21546,21928,22308,22681,23135,23451,23758,24047,24435,24687,24907,25114,25361,25514,25647,25753,25863,25914,25935,25926,25874,25806,25698,25556,25334,25118,24871,24595,24171,23810,23410,22988,22365,21887,21356,20803,20006,19382,18728,18055,17139,16434,15690,14926,13911,13129,12340,11572,10522,9759,8981,8213,7201,6452,5714,5000,4154,3594,3112,2676,2167,1835,1540,1283,986,801,643,501,338,234,152,85,15,0,0,0,0,0,0,0,0,0,0,0,0,g
11,22,30,50,72,97,124,166,199,241,281,339,385,434,479,548,601,658,726,868,987,1132,1289,1508,1657,1812,1942,2105,2235,2349,2460,2579,2640,2693,2735,2749,2764,2764,2763,2751,2723,2690,2668,2654,2639,2647,2663,2659,2656,2663,2682,2703,2734,2779,2823,2886,2937,2981,3016,3069,3103,3155,3199,3261,3332,3419,3511,3657,3771,3894,4016,4204,4386,4549,4739,5020,5243,5480,5747,6116,6406,6707,7021,7443,7772,8121,8487,8973,9353,9735,10123,10662,11056,11445,11829,12352,12742,13137,13540,14083,14495,14907,15321,15879,16300,16717,17132,17699,18112,18529,18943,19492,19899,20298,20694,21212,21590,21958,22310,22759,23096,23413,23719,24090,24342,24577,24778,25040,25186,25326,25430,25546,25598,25636,25629,25624,25540,25432,25318,25078,24871,24622,24344,23925,23565,23177,22785,22170,21678,21148,20590,19799,19175,18520,17853,16912,16180,15440,14679,13653,12884,12108,11330,10296,9528,8764,7990,6983,6244,5515,4807,3996,3456,2990,2570,2078,1787,1491,1242,965,798,639,506,346,256,180,106,40,15,2,7,1,0,0,0,0,0,0,0,0,g
0,7,10,40,55,83,115,158,194,237,277,330,380,421,469,535,585,652,716,806,913,1010,1137,1336,1506,1664,1828,2001,2137,2269,2381,2525,2616,2693,2744,2791,2817,2821,2821,2811,2783,2756,2725,2691,2664,2650,2638,2628,2619,2610,2604,2609,2618,2633,2657,2689,2710,2731,2743,2756,2762,2774,2781,2804,2836,2885,2966,3104,3225,3350,3478,3656,3817,4001,4182,4454,4686,4947,5205,5577,5884,6186,6493,6948,7257,7586,7921,8373,8737,9092,9456,9961,10354,10715,11097,11610,12006,12398,12798,13342,13753,14166,14587,15133,15548,15958,16379,16931,17326,17742,18139,18649,19023,19398,19763,20238,20583,20921,21247,21661,21955,22228,22484,22805,23066,23255,23437,23667,23819,23921,24037,24147,24207,24230,24224,24192,24137,24051,23950,23773,23607,23382,23139,22760,22437,22093,21721,21172,20723,20249,19743,19023,18456,17863,17243,16381,15710,15024,14318,13364,12637,11910,11181,10208,9476,8748,8024,7080,6376,5693,5022,4173,3629,3131,2696,2198,1890,1597,1340,1050,863,700,555,395,294,204,137,82,35,10,17,12,2,6,20,18,9,2,0,0,g
0,0,0,0,23,48,79,130,170,208,248,322,374,435,494,574,627,683,768,885,994,1137,1302,1510,1667,1825,1991,2139,2241,2347,2431,2528,2569,2605,2621,2642,2661,2691,2685,2677,2666,2651,2641,2624,2607,2590,2571,2550,2545,2541,2550,2581,2611,2653,2699,2759,2781,2801,2808,2803,2797,2783,2777,2775,2801,2826,2893,2992,3090,3196,3328,3512,3674,3892,4096,4423,4682,4946,5222,5633,5954,6288,6621,7083,7441,7816,8196,8703,9091,9488,9882,10407,10812,11210,11605,12137,12548,12963,13386,13950,14381,14817,15251,15834,16275,16704,17136,17713,18139,18561,18978,19528,19932,20361,20766,21297,21679,22049,22396,22858,23167,23469,23728,24075,24315,24539,24734,24973,25123,25247,25351,25453,25493,25503,25493,25435,25360,25254,25112,24892,24680,24441,24166,23750,23394,23010,22615,22007,21522,21000,20452,19672,19054,18420,17749,16828,16108,15376,14626,13604,12832,12059,11282,10252,9485,8714,7993,6988,6260,5541,4829,4013,3487,3004,2595,2105,1784,1506,1254,976,807,647,515,370,266,180,110,45,11,0,0,0,0,0,0,0,0,0,0,0,g
30,44,57,90,106,138,167,206,240,280,336,392,445,498,547,618,677,741,800,901,1009,1133,1279,1475,1631,1779,1922,2078,2206,2318,2415,2521,2583,2631,2664,2697,2709,2715,2712,2692,2671,2654,2638,2629,2642,2648,2658,2673,2694,2710,2729,2771,2812,2856,2904,2969,3016,3055,3105,3161,3198,3243,3272,3323,3385,3449,3534,3693,3779,3879,3999,4165,4295,4445,4614,4896,5133,5357,5609,5974,6256,6555,6859,7291,7609,7944,8285,8761,9136,9521,9908,10438,10835,11235,11645,12189,12605,13032,13457,14032,14473,14915,15355,15940,16381,16824,17256,17842,18269,18697,19126,19680,20097,20518,20913,21434,21824,22189,22551,23023,23334,23638,23928,24267,24513,24727,24932,25170,25337,25459,25572,25684,25737,25759,25753,25708,25637,25535,25397,25168,24960,24715,24438,24023,23673,23295,22883,22292,21801,21284,20738,19958,19341,18698,18025,17096,16371,15627,14866,13852,13090,12313,11540,10508,9732,8954,8191,7169,6415,5688,4971,4135,3592,3098,2673,2164,1842,1556,1313,1026,835,669,534,371,262,178,111,43,11,0,0,0,0,0,0,0,0,0,0,0,g
0,0,5,39,53,66,84,117,158,196,225,278,334,368,408,473,527,571,640,716,799,896,997,1163,1332,1494,1660,1854,1978,2097,2204,2333,2419,2486,2539,2582,2606,2623,2638,2645,2646,2648,2630,2615,2605,2596,2590,2587,2582,2588,2585,2587,2613,2630,2669,2726,2777,2817,2867,2924,2948,2983,3001,3035,3078,3110,3148,3240,3325,3430,3522,3665,3783,3915,4072,4310,4508,4730,4966,5303,5575,5855,6150,6552,6859,7175,7500,7943,8287,8640,9002,9497,9876,10256,10634,11145,11524,11911,12302,12830,13227,13640,14057,14617,15037,15452,15873,16415,16826,17218,17614,18171,18552,18934,19329,19833,20216,20563,20903,21349,21683,21974,22260,22621,22869,23106,23319,23586,23765,23907,24035,24174,24251,24296,24315,24298,24256,24186,24086,23898,23717,23510,23269,22901,22589,22240,21860,21301,20847,20366,19852,19132,18552,17946,17327,16456,15785,15091,14379,13409,12674,11935,11186,10218,9478,8772,8027,7054,6325,5619,4923,4088,3550,3068,2654,2152,1834,1539,1285,994,816,655,511,351,245,155,83,19,0,0,0,0,0,0,0,0,0,0,0,0,g
5,23,42,63,88,113,144,190,227,273,314,375,419,466,512,575,628,681,754,871,968,1084,1229,1439,1607,1756,1898,2086,2207,2316,2456,2564,2638,2687,2718,2755,2763,2757,2744,2714,2678,2640,2611,2578,2561,2557,2554,2547,2553,2557,2572,2590,2622,2665,2715,2801,2872,2948,3023,3119,3184,3251,3307,3388,3459,3537,3627,3772,3881,4000,4121,4323,4462,4620,4808,5067,5269,5501,5744,6094,6383,6662,6966,7376,7693,8026,8363,8819,9178,9559,9948,10462,10860,11259,11662,12201,12615,13025,13442,14004,14427,14853,15280,15853,16277,16703,17128,17692,18105,18523,18935,19483,19888,20283,20669,21178,21546,21903,22244,22695,23023,23339,23623,23980,24223,24436,24626,24866,25043,25157,25268,25381,25435,25452,25472,25430,25363,25253,25118,24890,24686,24438,24178,23757,23385,23026,22621,21999,21505,20984,20436,19643,19026,18387,17710,16774,16050,15319,14562,13551,12791,12028,11251,10217,9449,8684,7937,6928,6193,5467,4755,3934,3431,2964,2541,2063,1745,1473,1249,967,785,638,509,342,253,168,116,51,20,6,4,6,0,0,0,0,0,0,0,0,g
0,0,0,0,10,31,50,92,119,159,196,251,291,329,368,437,493,554,612,713,792,873,997,1169,1326,1479,1630,1824,1953,2072,2187,2318,2411,2485,2532,2598,2616,2640,2642,2645,2628,2619,2592,2574,2563,2562,2577,2596,2623,2656,2693,2761,2817,2885,2960,3079,3160,3235,3316,3419,3490,3556,3622,3716,3790,3875,3962,4099,4220,4346,4473,4646,4775,4909,5078,5300,5468,5668,5879,6201,6435,6698,6965,7342,7630,7941,8276,8688,9035,9352,9697,10154,10511,10866,11224,11701,12062,12427,12787,13272,13639,14005,14367,14849,15210,15566,15915,16378,16726,17070,17415,17879,18227,18566,18902,19343,19669,20002,20331,20748,21041,21309,21568,21894,22119,22334,22525,22773,22931,23060,23179,23329,23392,23435,23452,23452,23424,23359,23274,23110,22935,22745,22534,22189,21891,21567,21204,20671,20246,19789,19306,18610,18059,17484,16886,16046,15397,14728,14051,13120,12419,11716,10995,10051,9345,8634,7921,6988,6289,5604,4927,4082,3567,3091,2662,2165,1840,1554,1310,1020,842,678,539,369,266,182,119,44,6,0,0,0,0,0,0,0,0,0,0,0,g
8,22,37,61,99,132,152,218,255,289,346,408,458,500,548,625,680,739,819,942,1043,1171,1319,1539,1700,1843,1974,2144,2258,2371,2462,2570,2632,2680,2712,2745,2767,2788,2797,2809,2817,2826,2837,2856,2875,2897,2916,2941,2961,2984,3018,3079,3132,3187,3246,3328,3394,3435,3486,3544,3596,3626,3687,3767,3860,3958,4082,4272,4419,4564,4726,4953,5130,5355,5555,5863,6112,6358,6616,7022,7310,7622,7945,8374,8703,9038,9393,9862,10224,10590,10962,11462,11843,12215,12605,13103,13483,13884,14266,14781,15160,15545,15920,16431,16809,17186,17567,18072,18476,18872,19255,19763,20159,20536,20907,21418,21772,22129,22480,22928,23226,23511,23777,24124,24369,24590,24796,25031,25197,25329,25427,25529,25578,25597,25590,25541,25467,25354,25209,24967,24754,24504,24228,23802,23444,23055,22631,22018,21519,20992,20438,19653,19030,18389,17712,16775,16048,15319,14580,13574,12810,12046,11264,10256,9474,8710,7950,6953,6217,5513,4794,3975,3457,2978,2552,2072,1758,1485,1253,956,779,623,504,338,256,176,116,44,17,0,0,0,0,0,0,0,0,0,0,0,g
0,0,0,7,24,44,67,104,138,173,215,262,303,347,387,452,506,575,652,754,840,962,1086,1314,1481,1663,1834,2031,2153,2272,2386,2526,2603,2666,2725,2763,2805,2828,2853,2873,2882,2881,2875,2841,2819,2793,2753,2718,2682,2647,2613,2578,2573,2569,2578,2603,2622,2639,2660,2676,2681,2690,2681,2677,2687,2698,2740,2819,2902,3006,3152,3336,3507,3671,3860,4144,4389,4639,4923,5304,5614,5942,6258,6723,7064,7414,7773,8266,8659,9044,9436,9957,10346,10738,11124,11651,12037,12428,12816,13343,13739,14140,14543,15084,15490,15898,16308,16849,17254,17663,18060,18591,18985,19370,19756,20250,20618,20979,21343,21810,22144,22454,22754,23113,23389,23620,23828,24070,24227,24362,24484,24607,24671,24700,24713,24706,24659,24563,24471,24243,24031,23799,23532,23137,22802,22426,22013,21430,20953,20456,19926,19177,18585,17961,17313,16409,15714,15006,14277,13297,12550,11805,11059,10054,9309,8562,7817,6842,6122,5410,4724,3927,3400,2942,2538,2068,1741,1462,1215,952,777,621,494,329,234,160,95,32,12,0,0,0,0,0,0,0,0,0,0,0,g
56,61,73,89,107,130,162,211,249,292,334,386,431,472,521,592,649,715,779,888,985,1107,1244,1456,1626,1789,1939,2158,2282,2402,2536,2653,2724,2785,2815,2846,2877,2886,2881,2865,2838,2835,2806,2779,2764,2741,2711,2666,2652,2627,2618,2618,2638,2671,2713,2781,2832,2882,2934,2989,3037,3079,3127,3209,3279,3363,3463,3618,3741,3876,4016,4225,4395,4576,4777,5073,5333,5593,5872,6272,6575,6874,7202,7646,7997,8374,8741,9253,9633,10037,10462,10997,11419,11833,12243,12810,13216,13629,14059,14607,15009,15445,15849,16375,16772,17152,17536,18039,18406,18775,19135,19611,19963,20302,20653,21078,21392,21721,22011,22381,22642,22896,23128,23426,23628,23834,24001,24193,24340,24470,24550,24644,24693,24707,24691,24635,24563,24469,24332,24110,23933,23696,23445,23030,22697,22332,21943,21349,20891,20388,19851,19096,18506,17885,17241,16349,15657,14953,14234,13258,12518,11775,11030,10041,9301,8564,7831,6861,6147,5441,4749,3930,3405,2936,2519,2038,1721,1462,1224,958,799,652,503,348,248,166,111,65,36,20,11,18,28,17,14,32,36,35,24,25,g
30,33,36,55,73,96,128,173,210,243,280,334,381,426,479,545,597,656,722,810,896,1007,1140,1365,1530,1698,1853,2046,2182,2328,2437,2585,2666,2723,2761,2810,2835,2851,2852,2850,2847,2808,2780,2744,2712,2685,2659,2627,2610,2601,2595,2604,2625,2653,2696,2761,2813,2865,2923,2996,3052,3117,3190,3310,3410,3540,3694,3925,4114,4311,4520,4804,5020,5244,5477,5816,6086,6354,6638,7006,7282,7582,7874,8282,8591,8898,9234,9661,9995,10330,10687,11150,11494,11841,12196,12641,12992,13360,13705,14182,14544,14900,15252,15728,16079,16433,16775,17232,17575,17916,18259,18714,19048,19395,19721,20158,20469,20783,21091,21482,21752,22019,22275,22575,22783,22979,23157,23405,23529,23645,23772,23862,23897,23941,23937,23891,23846,23762,23668,23454,23285,23058,22819,22439,22141,21788,21412,20870,20430,19974,19468,18762,18212,17634,17033,16206,15553,14887,14208,13290,12590,11886,11178,10235,9526,8819,8115,7187,6490,5801,5124,4258,3695,3198,2758,2242,1921,1631,1385,1096,911,738,591,440,325,242,170,95,41,17,9,9,3,8,27,28,23,16,22,20,g
0,0,8,29,44,74,97,160,194,238,283,345,385,432,494,568,621,695,770,913,1026,1171,1329,1553,1710,1857,1999,2170,2292,2404,2502,2606,2666,2712,2740,2771,2790,2799,2803,2795,2785,2775,2761,2746,2735,2722,2711,2696,2687,2687,2695,2719,2743,2773,2801,2855,2885,2897,2910,2920,2909,2915,2900,2903,2931,2960,3013,3112,3203,3304,3421,3607,3785,3983,4203,4502,4768,5049,5328,5737,6062,6383,6720,7182,7537,7908,8287,8814,9212,9612,10009,10545,10957,11353,11750,12283,12711,13123,13545,14118,14549,14979,15413,15988,16435,16863,17292,17889,18310,18732,19148,19716,20131,20521,20917,21462,21846,22200,22568,23011,23328,23617,23891,24242,24492,24716,24904,25124,25292,25408,25504,25602,25644,25660,25650,25594,25519,25411,25267,25030,24818,24571,24297,23870,23513,23119,22698,22089,21589,21067,20511,19724,19104,18453,17782,16844,16128,15404,14657,13655,12890,12107,11332,10298,9530,8776,8026,7019,6286,5566,4850,4034,3494,3038,2611,2128,1804,1516,1258,977,796,639,506,345,246,160,93,27,0,0,0,0,0,0,0,0,0,0,0,0,g
18,26,46,71,94,128,159,212,257,301,343,395,440,482,540,616,665,715,775,875,967,1084,1218,1419,1573,1711,1843,2008,2127,2243,2357,2490,2566,2627,2668,2696,2707,2710,2698,2667,2627,2589,2552,2521,2523,2519,2531,2544,2561,2590,2620,2655,2699,2752,2811,2893,2965,3017,3076,3156,3213,3292,3388,3506,3592,3706,3855,4043,4190,4363,4523,4750,4927,5114,5309,5591,5819,6059,6319,6680,6960,7251,7558,7962,8280,8594,8926,9376,9720,10078,10439,10921,11286,11659,12039,12558,12941,13329,13730,14266,14639,15061,15431,15934,16306,16701,17051,17551,17911,18270,18630,19097,19455,19808,20149,20566,20899,21207,21508,21879,22139,22395,22630,22921,23121,23313,23483,23686,23818,23927,24022,24111,24158,24179,24180,24146,24088,24001,23883,23681,23493,23280,23031,22652,22348,22008,21652,21103,20670,20199,19690,18991,18424,17826,17212,16355,15694,15014,14331,13399,12674,11944,11227,10255,9537,8817,8092,7125,6410,5705,5048,4190,3635,3145,2709,2206,1876,1584,1322,1024,842,680,537,374,273,192,116,46,18,0,0,0,0,0,0,0,0,0,0,0,g
7,21,32,65,80,123,169,195,230,278,318,362,409,447,508,566,617,671,735,837,938,1065,1211,1423,1583,1734,1871,2040,2162,2276,2378,2498,2568,2622,2657,2688,2706,2718,2716,2711,2695,2677,2658,2657,2667,2674,2687,2695,2707,2711,2723,2759,2807,2848,2884,2950,3000,3024,3046,3080,3097,3117,3150,3182,3238,3308,3391,3505,3607,3714,3820,3975,4105,4262,4440,4707,4940,5183,5443,5809,6103,6406,6725,7154,7491,7835,8191,8680,9065,9452,9845,10371,10764,11169,11570,12109,12528,12938,13349,13916,14337,14746,15166,15728,16155,16587,17011,17568,17990,18391,18796,19341,19752,20137,20539,21041,21407,21759,22107,22547,22858,23153,23431,23773,24007,24229,24428,24661,24809,24937,25045,25152,25200,25231,25228,25180,25110,25010,24878,24649,24447,24207,23934,23522,23176,22816,22418,21835,21368,20864,20311,19564,18952,18314,17655,16738,16018,15295,14539,13550,12786,12014,11251,10237,9480,8730,7962,6972,6242,5503,4801,3985,3448,2973,2549,2067,1748,1465,1216,936,760,605,489,322,220,139,113,39,7,0,0,0,0,0,0,0,0,0,0,0,g
2,17,30,60,85,132,163,205,241,282,322,382,428,476,526,587,650,705,784,895,997,1115,1271,1469,1621,1778,1909,2096,2218,2339,2462,2579,2651,2698,2732,2760,2774,2780,2764,2739,2712,2680,2649,2627,2620,2616,2620,2623,2631,2644,2663,2694,2730,2776,2827,2895,2942,2981,3021,3069,3100,3134,3170,3227,3282,3369,3459,3594,3703,3817,3916,4083,4215,4381,4547,4821,5023,5266,5530,5908,6193,6492,6802,7240,7580,7923,8272,8752,9147,9526,9918,10455,10857,11258,11662,12199,12610,13020,13433,13982,14399,14821,15240,15800,16231,16644,17061,17616,18026,18436,18846,19385,19782,20180,20568,21085,21456,21817,22159,22604,22932,23241,23527,23867,24115,24338,24571,24801,24953,25109,25229,25325,25391,25416,25423,25373,25331,25238,25108,24882,24675,24433,24160,23749,23405,23026,22608,22013,21532,21017,20471,19703,19092,18455,17790,16872,16153,15421,14676,13664,12897,12125,11354,10332,9562,8795,8038,7060,6326,5609,4911,4080,3534,3070,2653,2150,1820,1527,1288,992,825,693,543,387,290,200,128,58,33,22,9,0,4,0,0,0,0,0,0,0,g
87,108,139,179,229,275,314,369,424,464,524,609,662,725,793,920,1033,1165,1324,1552,1721,1895,2060,2284,2449,2625,2818,3035,3201,3324,3445,3585,3679,3754,3824,3896,3939,4002,4056,4136,4223,4317,4396,4530,4623,4733,4837,4984,5119,5278,5422,5623,5795,5968,6151,6387,6565,6738,6879,7046,7155,7247,7322,7421,7488,7558,7624,7711,7778,7833,7895,7981,8050,8125,8212,8349,8458,8583,8722,8937,9121,9326,9555,9905,10194,10510,10862,11358,11749,12148,12560,13107,13522,13948,14388,14962,15402,15853,16305,16892,17350,17813,18224,18767,19170,19566,19975,20486,20853,21223,21576,22033,22383,22721,23057,23468,23762,24056,24333,24681,24926,25152,25363,25627,25803,25967,26119,26285,26391,26484,26565,26622,26644,26633,26602,26516,26424,26298,26146,25902,25672,25408,25112,24682,24335,23939,23513,22920,22423,21887,21339,20558,19929,19300,18619,17674,16936,16182,15425,14370,13567,12769,11960,10874,10070,9274,8488,7443,6674,5917,5176,4285,3712,3204,2753,2226,1886,1584,1312,1008,817,651,505,340,236,148,74,18,0,0,1,5,7,0,15,27,19,25,21,34,b
83,77,77,77,83,92,117,152,179,223,260,312,361,401,451,511,558,629,675,761,840,946,1085,1274,1440,1620,1782,1967,2112,2229,2338,2472,2555,2625,2663,2710,2728,2734,2740,2750,2750,2721,2693,2674,2643,2620,2600,2582,2581,2572,2572,2571,2594,2594,2611,2645,2674,2702,2731,2762,2780,2798,2817,2852,2889,2942,3011,3135,3247,3373,3515,3719,3886,4069,4273,4569,4813,5071,5341,5717,6035,6349,6689,7138,7480,7813,8174,8652,8997,9389,9764,10248,10647,11002,11351,11847,12221,12592,12946,13436,13847,14229,14616,15123,15510,15936,16329,16833,17222,17609,17993,18507,18889,19285,19664,20151,20517,20876,21224,21672,21984,22286,22573,22934,23189,23408,23620,23871,24045,24183,24305,24424,24500,24545,24552,24544,24502,24408,24297,24116,23914,23690,23447,23037,22731,22355,21973,21379,20918,20416,19891,19149,18557,17936,17294,16403,15703,14994,14269,13288,12547,11807,11061,10065,9314,8574,7836,6866,6145,5440,4751,3930,3402,2937,2518,2038,1725,1445,1198,918,742,590,464,343,268,197,139,80,47,47,29,19,17,14,27,21,35,38,60,58,b
0,7,23,45,66,95,129,172,209,248,286,336,379,427,487,573,615,680,723,822,920,1029,1155,1357,1527,1672,1812,1999,2118,2228,2333,2454,2545,2599,2641,2667,2684,2690,2694,2685,2668,2647,2624,2600,2584,2577,2572,2575,2586,2601,2620,2660,2696,2752,2809,2894,2956,3022,3076,3138,3183,3240,3287,3378,3452,3545,3634,3768,3882,3998,4099,4257,4370,4511,4669,4891,5087,5293,5531,5854,6105,6370,6649,7009,7300,7611,7934,8358,8693,9028,9377,9858,10225,10597,10971,11480,11866,12259,12656,13213,13626,14041,14460,15028,15468,15887,16321,16882,17308,17729,18149,18706,19122,19530,19923,20444,20823,21214,21565,22010,22339,22644,22954,23300,23537,23777,23974,24202,24363,24505,24620,24731,24787,24822,24832,24782,24709,24604,24480,24259,24061,23827,23559,23150,22815,22448,22042,21466,20995,20491,19962,19211,18614,17992,17349,16452,15759,15046,14321,13340,12595,11846,11100,10124,9380,8653,7926,6958,6236,5548,4842,4022,3497,3033,2603,2130,1816,1524,1273,993,833,674,531,381,283,189,117,62,30,10,1,0,0,0,0,0,0,0,0,0,g
0,0,21,44,56,91,114,168,198,244,273,327,366,411,456,527,575,624,698,781,865,970,1087,1283,1450,1613,1770,1959,2086,2207,2316,2444,2524,2584,2628,2669,2694,2715,2727,2738,2737,2729,2714,2695,2671,2652,2629,2615,2612,2616,2619,2649,2676,2710,2763,2832,2898,2933,2973,3039,3071,3105,3147,3229,3304,3408,3515,3706,3840,3990,4172,4388,4566,4784,4997,5293,5537,5791,6068,6447,6730,7030,7333,7743,8054,8366,8687,9115,9441,9774,10098,10545,10859,11170,11483,11911,12229,12552,12879,13323,13660,14018,14366,14857,15202,15560,15912,16373,16714,17066,17423,17886,18243,18608,18966,19421,19767,20119,20444,20867,21172,21465,21734,22078,22321,22553,22764,23021,23196,23346,23482,23618,23700,23754,23782,23784,23751,23683,23588,23417,23250,23049,22820,22464,22157,21824,21456,20918,20484,20035,19562,18869,18317,17734,17129,16283,15628,14953,14280,13335,12637,11914,11185,10229,9497,8769,8053,7103,6397,5718,5019,4171,3622,3134,2716,2220,1895,1597,1333,1044,854,690,551,388,278,185,114,44,5,0,0,0,0,0,0,0,0,0,0,0,g
0,6,21,44,62,94,124,162,210,250,306,362,415,457,508,567,631,687,768,908,1009,1139,1289,1503,1669,1826,1958,2123,2237,2341,2434,2540,2600,2641,2664,2688,2694,2694,2689,2649,2620,2586,2555,2511,2488,2468,2457,2438,2424,2415,2404,2403,2409,2446,2461,2495,2522,2546,2559,2609,2675,2731,2820,2966,3094,3246,3407,3670,3865,4075,4286,4575,4817,5030,5251,5569,5808,6060,6328,6709,6986,7280,7566,7952,8255,8556,8870,9306,9644,9993,10345,10833,11212,11588,11981,12524,12927,13339,13757,14327,14764,15211,15665,16289,16753,17219,17688,18315,18778,19277,19736,20379,20838,21275,21751,22323,22735,23159,23546,24028,24374,24703,25018,25394,25658,25883,26093,26330,26491,26622,26732,26836,26888,26906,26886,26834,26750,26639,26490,26238,26010,25749,25452,25007,24631,24231,23801,23176,22670,22135,21572,20770,20131,19469,18778,17842,17114,16353,15583,14520,13712,12895,12093,11008,10200,9409,8627,7577,6800,6036,5290,4394,3830,3312,2860,2324,1973,1666,1395,1081,896,741,583,412,299,212,131,54,18,0,0,0,0,0,0,0,0,0,0,0,g
0,0,0,21,36,59,86,158,200,253,297,360,392,428,464,526,580,628,699,790,868,980,1103,1300,1483,1654,1813,2020,2133,2253,2353,2477,2547,2606,2650,2685,2693,2716,2732,2747,2750,2744,2734,2719,2697,2675,2652,2619,2598,2584,2579,2591,2606,2643,2698,2759,2812,2864,2907,2978,3029,3080,3124,3202,3279,3376,3476,3658,3813,3963,4115,4347,4525,4710,4921,5223,5484,5736,6016,6394,6672,6972,7268,7672,7987,8308,8633,9079,9414,9762,10117,10590,10944,11299,11649,12124,12483,12847,13214,13713,14088,14471,14857,15369,15753,16131,16507,17005,17393,17782,18161,18679,19037,19399,19744,20216,20556,20898,21221,21631,21914,22194,22451,22790,23015,23256,23438,23665,23824,23955,24057,24188,24234,24268,24296,24267,24239,24142,24032,23834,23644,23431,23191,22817,22502,22153,21769,21228,20782,20309,19819,19094,18522,17925,17309,16447,15771,15086,14382,13418,12692,11960,11229,10259,9537,8798,8073,7104,6393,5701,5001,4143,3614,3123,2697,2203,1875,1586,1346,1045,857,705,566,395,286,193,119,50,10,0,0,0,0,0,0,0,0,0,0,0,g
0,0,4,25,49,70,95,144,175,227,262,327,365,417,458,544,590,650,719,802,887,985,1100,1313,1486,1643,1812,2022,2145,2284,2384,2515,2581,2638,2673,2715,2738,2764,2782,2804,2816,2811,2804,2780,2760,2741,2707,2669,2644,2628,2617,2623,2648,2687,2736,2810,2868,2926,2990,3073,3141,3192,3257,3334,3407,3506,3605,3783,3940,4083,4227,4449,4625,4830,5039,5329,5566,5811,6082,6422,6691,6952,7228,7597,7879,8144,8425,8795,9077,9365,9658,10060,10360,10656,10959,11375,11684,12011,12335,12796,13166,13519,13887,14384,14764,15137,15522,16029,16420,16802,17186,17696,18081,18472,18879,19355,19718,20062,20398,20835,21144,21442,21747,22103,22344,22596,22813,23070,23230,23378,23499,23625,23703,23740,23751,23723,23677,23597,23484,23294,23114,22901,22655,22282,21967,21623,21246,20700,20267,19793,19297,18595,18033,17448,16842,16000,15346,14674,13986,13059,12376,11691,10978,10037,9327,8613,7895,6966,6274,5592,4902,4071,3530,3074,2654,2158,1836,1559,1302,1010,829,673,537,390,282,203,133,57,19,0,0,0,0,0,0,0,0,0,0,0,g
11,25,36,50,74,98,119,165,201,248,289,345,390,435,483,542,589,645,714,823,941,1067,1207,1419,1565,1706,1835,2008,2114,2227,2320,2415,2474,2512,2536,2570,2578,2576,2580,2552,2533,2518,2505,2503,2512,2526,2544,2570,2582,2597,2624,2669,2715,2774,2836,2925,2989,3050,3105,3168,3210,3252,3305,3380,3451,3540,3639,3782,3901,4036,4173,4362,4531,4702,4899,5174,5406,5637,5888,6247,6523,6808,7127,7537,7850,8169,8499,8955,9316,9708,10083,10610,11002,11400,11804,12363,12785,13208,13644,14223,14675,15124,15585,16193,16648,17108,17567,18171,18627,19074,19524,20107,20553,20978,21392,21931,22325,22708,23066,23527,23854,24165,24448,24809,25059,25280,25484,25723,25884,26014,26120,26225,26270,26293,26289,26224,26164,26059,25902,25652,25426,25170,24890,24460,24099,23700,23266,22637,22136,21601,21038,20241,19602,18939,18251,17299,16558,15800,15028,13985,13193,12399,11603,10540,9752,8968,8190,7168,6411,5667,4941,4093,3561,3080,2656,2165,1841,1544,1278,994,820,659,513,351,252,176,104,44,9,0,0,0,5,0,8,0,16,33,30,15,g
20,35,59,83,126,165,197,243,280,329,366,425,466,525,589,655,709,784,861,977,1098,1226,1401,1627,1793,1954,2089,2257,2383,2477,2565,2662,2711,2750,2773,2806,2825,2832,2820,2797,2767,2728,2689,2641,2612,2589,2570,2553,2550,2553,2570,2622,2681,2753,2843,2957,3049,3138,3222,3339,3424,3517,3616,3795,3935,4096,4267,4491,4670,4847,5031,5303,5523,5732,5962,6311,6565,6846,7129,7507,7803,8108,8417,8831,9145,9446,9762,10186,10496,10822,11141,11568,11881,12203,12533,12987,13334,13690,14054,14543,14919,15292,15676,16179,16569,16964,17350,17847,18230,18609,18985,19483,19854,20226,20583,21063,21413,21753,22066,22482,22767,23037,23327,23641,23878,24071,24257,24482,24608,24729,24850,24940,24985,25008,24993,24925,24849,24734,24591,24358,24143,23896,23620,23200,22849,22474,22065,21477,20997,20495,19960,19204,18614,17988,17341,16444,15753,15041,14323,13344,12599,11852,11100,10104,9368,8634,7913,6946,6231,5516,4819,4007,3474,3006,2602,2120,1810,1525,1269,986,825,663,535,387,304,203,146,73,39,17,13,7,4,3,0,0,0,0,0,0,g
23,37,63,103,129,152,176,229,259,301,340,398,445,489,539,619,669,718,795,905,1020,1129,1275,1458,1604,1734,1860,2011,2114,2209,2297,2400,2454,2507,2525,2541,2550,2553,2545,2512,2481,2461,2420,2389,2382,2386,2391,2416,2432,2445,2469,2504,2553,2616,2670,2729,2798,2841,2882,2940,2987,3044,3089,3164,3232,3309,3398,3542,3641,3749,3886,4069,4211,4371,4554,4829,5050,5286,5539,5895,6174,6467,6763,7174,7494,7824,8157,8622,8983,9353,9728,10239,10632,11027,11422,11958,12362,12773,13188,13768,14199,14639,15072,15650,16080,16519,16948,17524,17967,18382,18796,19336,19761,20178,20561,21096,21467,21821,22172,22614,22919,23251,23528,23860,24111,24331,24514,24739,24887,25004,25106,25201,25247,25261,25253,25198,25118,25015,24873,24644,24437,24186,23900,23471,23114,22733,22315,21711,21227,20711,20159,19399,18796,18151,17494,16577,15858,15156,14410,13397,12644,11885,11123,10117,9351,8589,7849,6847,6116,5404,4704,3908,3379,2915,2496,2023,1703,1421,1178,909,736,581,443,290,195,118,56,0,0,0,0,0,0,0,0,0,0,0,0,0,g
18,29,42,51,60,84,105,142,177,215,252,302,342,383,423,488,538,587,642,728,813,914,1037,1242,1410,1575,1735,1929,2057,2177,2305,2452,2550,2615,2664,2710,2739,2754,2751,2739,2724,2695,2666,2634,2608,2585,2566,2556,2551,2540,2555,2552,2561,2589,2632,2698,2761,2815,2878,2964,3038,3112,3192,3315,3425,3547,3699,3909,4080,4256,4438,4694,4893,5100,5324,5640,5889,6148,6425,6803,7100,7411,7724,8149,8485,8837,9174,9627,9991,10343,10699,11171,11520,11863,12201,12656,12998,13344,13687,14163,14509,14843,15195,15652,15989,16317,16647,17088,17415,17747,18078,18522,18844,19173,19503,19929,20240,20545,20842,21224,21499,21760,22011,22323,22543,22748,22939,23165,23314,23443,23551,23678,23749,23800,23818,23790,23734,23665,23546,23358,23186,22962,22721,22345,22027,21688,21329,20781,20337,19895,19386,18673,18134,17542,16952,16082,15441,14756,14078,13139,12424,11716,11005,10047,9330,8618,7904,6955,6260,5567,4903,4066,3533,3067,2638,2150,1830,1547,1292,1004,822,662,520,356,276,195,130,85,42,24,9,16,6,6,3,0,19,3,5,3,g
0,0,0,20,39,67,95,147,181,216,256,336,393,451,508,592,648,711,781,884,987,1117,1256,1476,1651,1799,1953,2129,2249,2369,2475,2587,2649,2686,2722,2740,2750,2768,2753,2718,2691,2653,2636,2580,2565,2539,2528,2509,2500,2494,2499,2514,2541,2585,2637,2713,2774,2842,2905,3001,3065,3142,3212,3352,3488,3613,3773,4002,4192,4378,4586,4874,5103,5343,5581,5934,6205,6477,6770,7171,7484,7808,8138,8574,8916,9259,9603,10072,10435,10803,11174,11682,12058,12440,12825,13343,13731,14129,14528,15062,15463,15865,16264,16795,17188,17576,17960,18473,18849,19222,19592,20077,20455,20821,21187,21650,21991,22322,22608,22984,23251,23510,23747,24049,24277,24469,24646,24831,24967,25075,25192,25258,25302,25303,25282,25222,25131,25008,24871,24634,24413,24164,23887,23468,23108,22727,22317,21724,21252,20749,20207,19455,18853,18227,17597,16706,16008,15291,14565,13579,12843,12092,11339,10354,9600,8872,8121,7140,6409,5706,5012,4162,3619,3146,2700,2198,1876,1592,1331,1031,844,693,558,398,284,192,123,54,16,0,0,0,0,0,0,0,0,0,0,0,g
55,81,92,124,156,180,212,275,305,363,408,453,502,545,602,666,725,807,896,1041,1209,1357,1518,1734,1884,2027,2168,2349,2477,2584,2684,2780,2826,2873,2916,2965,2985,2999,2992,2967,2934,2901,2866,2822,2798,2770,2749,2738,2744,2738,2767,2791,2816,2822,2839,2850,2871,2865,2891,2935,2979,3041,3140,3316,3484,3673,3883,4169,4399,4613,4827,5123,5357,5602,5861,6223,6508,6800,7101,7498,7798,8100,8402,8802,9110,9415,9734,10174,10514,10862,11226,11713,12096,12489,12896,13458,13905,14366,14832,15468,15953,16425,16908,17574,18073,18608,19095,19752,20242,20740,21259,21912,22398,22872,23350,23939,24393,24797,25194,25709,26049,26412,26722,27087,27343,27576,27780,28059,28203,28325,28421,28504,28535,28535,28511,28427,28326,28200,28034,27759,27508,27219,26906,26438,26049,25623,25170,24506,23972,23410,22825,21982,21332,20634,19915,18934,18135,17327,16501,15362,14521,13674,12807,11677,10822,9975,9137,8051,7244,6448,5684,4709,4078,3523,3032,2459,2087,1754,1463,1130,922,742,586,403,291,193,117,40,0,0,0,0,0,0,0,0,0,0,0,0,b
65,76,95,119,142,168,201,243,287,334,375,432,472,512,556,623,674,737,812,935,1049,1185,1323,1517,1652,1777,1898,2045,2152,2248,2334,2432,2488,2528,2559,2589,2598,2618,2637,2635,2620,2603,2592,2577,2554,2566,2587,2575,2593,2608,2613,2670,2690,2714,2790,2830,2850,2891,2915,2973,3028,3069,3147,3266,3373,3512,3662,3884,4065,4241,4438,4695,4893,5100,5305,5603,5846,6101,6377,6760,7059,7366,7682,8099,8418,8745,9086,9549,9905,10268,10639,11146,11520,11906,12284,12809,13186,13563,13951,14440,14808,15181,15539,16032,16394,16744,17095,17578,17933,18283,18631,19093,19441,19775,20115,20557,20877,21190,21485,21874,22149,22411,22660,22966,23180,23378,23559,23769,23902,24022,24124,24226,24274,24299,24301,24259,24193,24099,24004,23831,23654,23454,23183,22827,22498,22151,21748,21174,20709,20221,19695,18969,18382,17790,17148,16272,15585,14892,14174,13245,12490,11787,11054,10073,9319,8601,7853,6886,6162,5464,4765,3950,3429,2960,2544,2065,1748,1474,1228,950,795,639,499,343,245,164,97,37,3,0,0,5,0,0,11,11,6,12,11,14,g
0,0,4,21,45,69,113,158,198,239,285,364,407,455,502,574,653,723,803,938,1066,1206,1359,1574,1722,1859,1979,2137,2249,2351,2436,2514,2554,2583,2600,2614,2616,2609,2589,2557,2528,2492,2464,2430,2407,2392,2402,2408,2416,2440,2473,2527,2576,2640,2710,2811,2879,2948,3028,3129,3216,3298,3398,3558,3702,3848,4006,4249,4430,4618,4805,5083,5296,5530,5776,6128,6401,6688,6982,7396,7718,8050,8392,8852,9219,9575,9940,10434,10807,11171,11540,12035,12416,12786,13157,13674,14057,14447,14851,15407,15812,16225,16617,17161,17549,17946,18355,18903,19284,19719,20088,20603,20992,21384,21747,22220,22600,22938,23274,23657,23942,24209,24459,24780,24999,25201,25375,25584,25713,25825,25911,25997,26031,26045,26024,25956,25867,25751,25603,25361,25142,24894,24607,24179,23819,23429,23003,22392,21925,21411,20872,20102,19478,18824,18159,17226,16519,15776,15019,14009,13223,12451,11685,10631,9853,9075,8318,7324,6566,5820,5108,4225,3660,3181,2746,2239,1897,1595,1337,1031,844,681,531,366,261,176,108,34,7,0,0,0,0,0,0,0,0,0,0,0,g
0,0,0,3,11,31,52,85,116,154,196,243,287,328,371,443,496,549,607,713,778,876,992,1200,1354,1542,1715,1908,2049,2166,2274,2417,2503,2570,2624,2666,2702,2726,2756,2788,2812,2805,2794,2768,2746,2723,2694,2669,2647,2624,2606,2593,2595,2610,2637,2684,2720,2753,2784,2810,2824,2841,2847,2847,2849,2848,2858,2894,2955,3025,3119,3257,3378,3508,3674,3900,4108,4342,4564,4877,5147,5391,5655,6049,6326,6626,6924,7345,7673,8007,8346,8814,9172,9523,9903,10402,10773,11159,11553,12092,12499,12915,13338,13909,14340,14771,15209,15789,16225,16658,17091,17658,18078,18492,18897,19429,19814,20186,20553,21022,21368,21686,21985,22375,22641,22878,23132,23410,23578,23748,23863,23982,24058,24102,24117,24118,24072,24006,23911,23713,23524,23318,23082,22704,22389,22037,21652,21099,20650,20170,19664,18950,18377,17775,17148,16275,15597,14900,14191,13238,12511,11780,11047,10071,9342,8616,7894,6938,6224,5526,4849,4032,3501,3041,2625,2125,1815,1531,1283,995,814,668,534,381,302,222,145,82,47,30,21,30,51,46,35,48,50,39,32,31,b
12,6,16,31,48,69,97,139,168,211,250,302,357,399,439,504,557,605,661,748,836,938,1063,1261,1421,1574,1719,1891,2013,2122,2225,2344,2413,2468,2507,2543,2562,2574,2582,2576,2577,2577,2565,2559,2565,2560,2557,2572,2585,2612,2628,2658,2689,2738,2784,2875,2931,2992,3032,3090,3142,3186,3230,3306,3379,3450,3551,3703,3812,3921,4027,4184,4308,4444,4598,4830,5025,5235,5460,5778,6035,6299,6580,6964,7264,7568,7877,8312,8655,9005,9367,9856,10240,10630,10995,11491,11872,12252,12624,13154,13536,13932,14337,14857,15246,15645,16045,16600,16998,17395,17799,18323,18717,19108,19491,19990,20356,20712,21059,21506,21823,22129,22411,22765,23014,23239,23450,23703,23860,24002,24118,24236,24298,24341,24353,24329,24275,24191,24073,23868,23677,23455,23225,22855,22529,22186,21795,21227,20762,20273,19759,19023,18436,17818,17195,16313,15637,14931,14225,13277,12548,11817,11096,10107,9380,8640,7918,6960,6251,5540,4845,4008,3480,3008,2588,2105,1786,1503,1252,968,800,636,497,345,249,166,101,33,0,0,0,0,0,0,3,11,8,15,19,15,g
0,0,0,0,3,28,51,92,127,166,201,258,303,349,395,458,521,585,659,761,852,987,1104,1316,1464,1620,1775,1938,2062,2169,2279,2410,2490,2561,2607,2649,2687,2709,2707,2707,2694,2676,2651,2613,2593,2581,2574,2577,2579,2585,2605,2639,2683,2730,2787,2884,2940,3000,3061,3138,3193,3247,3314,3422,3518,3628,3764,3965,4123,4302,4469,4708,4889,5076,5262,5530,5752,5996,6255,6602,6887,7163,7444,7844,8141,8451,8768,9192,9529,9872,10219,10678,11028,11380,11740,12227,12594,12970,13349,13861,14242,14631,15020,15533,15911,16286,16657,17142,17501,17866,18218,18688,19028,19369,19697,20123,20436,20739,21046,21432,21696,21965,22210,22498,22692,22898,23066,23294,23427,23537,23644,23745,23801,23820,23832,23824,23784,23692,23590,23401,23223,23035,22794,22446,22142,21803,21432,20894,20458,19997,19500,18804,18244,17664,17057,16208,15549,14889,14205,13269,12572,11854,11146,10187,9467,8749,8038,7095,6391,5695,5009,4160,3612,3138,2733,2221,1902,1605,1348,1048,860,704,569,404,292,203,133,71,30,17,1,0,0,0,0,0,0,0,0,0,g
10,34,41,59,81,132,174,217,248,297,337,411,444,500,551,619,670,734,812,934,1040,1176,1332,1542,1700,1837,1961,2134,2254,2364,2463,2566,2628,2669,2697,2731,2746,2773,2781,2765,2747,2734,2711,2698,2687,2670,2655,2636,2626,2635,2665,2716,2765,2813,2859,2935,2987,3039,3081,3142,3184,3228,3275,3335,3391,3460,3545,3661,3784,3911,4036,4237,4405,4592,4791,5088,5327,5579,5840,6207,6497,6790,7089,7504,7822,8151,8485,8939,9286,9644,10000,10483,10857,11231,11612,12128,12523,12925,13347,13921,14360,14788,15212,15790,16234,16635,17050,17616,18026,18437,18844,19395,19811,20216,20601,21123,21502,21853,22212,22655,22966,23274,23547,23894,24144,24359,24568,24805,24953,25083,25188,25311,25358,25378,25374,25318,25244,25163,25026,24804,24624,24379,24102,23681,23337,22958,22547,21947,21469,20951,20406,19636,19023,18384,17718,16800,16084,15350,14607,13607,12834,12076,11296,10262,9501,8738,7980,6988,6246,5522,4818,3999,3465,2992,2563,2075,1752,1470,1223,939,762,603,472,314,216,135,68,12,0,0,0,0,0,0,0,0,0,0,0,0,g
0,7,22,55,79,109,139,191,234,278,321,378,426,465,512,589,655,732,818,951,1072,1203,1375,1578,1736,1869,2005,2182,2313,2427,2529,2647,2701,2751,2788,2833,2859,2865,2856,2865,2845,2841,2825,2817,2808,2798,2784,2769,2761,2768,2777,2796,2818,2840,2860,2885,2890,2895,2895,2890,2881,2871,2866,2874,2892,2930,2979,3077,3172,3297,3417,3633,3812,4011,4230,4554,4811,5077,5375,5774,6084,6407,6759,7214,7566,7923,8297,8813,9197,9598,9986,10505,10887,11278,11673,12205,12614,13024,13448,14021,14456,14892,15329,15921,16364,16808,17251,17842,18284,18718,19157,19737,20165,20581,20997,21540,21934,22349,22725,23201,23536,23860,24144,24502,24767,24989,25215,25462,25611,25735,25857,25977,26039,26061,26058,26022,25930,25819,25680,25452,25251,25012,24729,24309,23955,23564,23139,22533,22040,21522,20961,20171,19550,18899,18221,17285,16566,15814,15052,14018,13229,12438,11648,10605,9821,9043,8270,7252,6500,5759,5035,4182,3624,3136,2689,2184,1865,1565,1311,1012,826,678,541,388,285,196,128,56,20,5,0,1,0,0,0,0,0,0,0,0,g
0,0,9,37,72,103,137,204,237,269,323,383,428,492,534,598,667,724,801,935,1055,1204,1354,1581,1727,1871,1994,2159,2268,2376,2465,2561,2612,2652,2680,2708,2723,2734,2736,2727,2713,2697,2680,2653,2644,2627,2614,2600,2600,2603,2617,2653,2691,2743,2792,2852,2883,2915,2934,2945,2954,2963,2986,3003,3047,3093,3169,3294,3409,3528,3664,3875,4063,4279,4494,4817,5088,5359,5657,6055,6377,6701,7034,7506,7864,8228,8611,9136,9530,9937,10343,10889,11297,11708,12146,12704,13126,13562,14001,14589,15039,15491,15944,16546,16995,17447,17903,18497,18933,19371,19809,20413,20834,21246,21645,22175,22557,22958,23320,23774,24090,24387,24672,25020,25252,25480,25697,25912,26060,26179,26277,26366,26404,26419,26405,26343,26262,26145,25997,25756,25539,25288,25003,24569,24212,23818,23393,22781,22281,21756,21199,20406,19776,19123,18440,17515,16794,16046,15285,14249,13457,12660,11860,10802,10015,9222,8435,7406,6655,5899,5169,4278,3712,3210,2757,2241,1915,1605,1345,1035,861,689,542,370,257,176,105,33,0,0,0,0,0,0,0,0,0,0,0,0,g
0,0,1,20,34,70,93,158,198,236,294,343,390,438,495,551,603,657,714,809,897,1014,1154,1366,1533,1692,1846,2016,2134,2244,2341,2453,2520,2565,2604,2653,2682,2709,2732,2750,2755,2755,2744,2734,2727,2743,2746,2755,2760,2777,2786,2846,2888,2963,3033,3104,3182,3215,3247,3307,3327,3333,3352,3373,3393,3451,3501,3618,3699,3789,3887,4037,4173,4320,4482,4731,4940,5159,5397,5734,6010,6284,6566,6964,7266,7584,7909,8339,8670,9024,9371,9845,10210,10580,10955,11456,11841,12252,12644,13188,13622,14057,14479,15039,15473,15900,16331,16912,17330,17769,18183,18761,19166,19573,19991,20513,20883,21236,21589,22027,22336,22630,22916,23273,23513,23738,23946,24189,24350,24480,24591,24699,24757,24790,24793,24749,24689,24600,24481,24275,24088,23855,23599,23205,22874,22506,22131,21576,21113,20630,20116,19370,18776,18173,17519,16637,15933,15214,14503,13515,12785,12027,11283,10268,9524,8769,8030,7047,6320,5595,4895,4054,3538,3057,2623,2128,1806,1521,1263,982,801,646,504,360,255,168,98,50,23,1,0,0,0,0,0,0,0,0,0,0,g
30,48,62,86,112,147,180,231,283,329,369,429,475,520,569,642,699,764,841,969,1090,1232,1394,1643,1817,1982,2127,2314,2437,2556,2650,2767,2805,2843,2880,2915,2934,2935,2938,2900,2875,2826,2799,2766,2738,2725,2694,2684,2698,2693,2716,2776,2834,2898,2969,3066,3139,3206,3278,3371,3437,3515,3591,3714,3830,3950,4090,4281,4439,4604,4779,5024,5235,5449,5683,6010,6277,6555,6861,7247,7555,7880,8184,8601,8911,9224,9549,9982,10306,10630,10969,11427,11778,12138,12502,13013,13404,13811,14223,14790,15235,15675,16124,16732,17187,17641,18092,18697,19149,19601,20049,20639,21074,21502,21927,22471,22865,23254,23615,24068,24387,24688,24969,25318,25585,25812,26022,26262,26410,26524,26620,26696,26729,26755,26711,26628,26518,26389,26222,25976,25733,25469,25179,24727,24386,23962,23522,22892,22373,21843,21276,20488,19848,19188,18499,17561,16821,16068,15305,14265,13473,12679,11885,10825,10029,9248,8461,7441,6676,5926,5190,4308,3732,3236,2783,2275,1924,1620,1347,1050,858,690,555,386,277,183,115,69,35,13,5,15,5,2,7,12,14,22,12,4,g
4,24,55,78,108,140,169,230,274,321,380,433,491,527,574,663,725,788,894,1036,1168,1318,1475,1689,1831,1962,2091,2244,2359,2454,2534,2620,2657,2676,2701,2710,2703,2696,2668,2640,2595,2552,2509,2469,2445,2432,2438,2459,2481,2502,2546,2616,2681,2746,2834,2912,2992,3051,3105,3175,3263,3334,3436,3579,3702,3846,3997,4216,4381,4561,4747,5013,5234,5471,5724,6073,6347,6642,6945,7368,7687,8028,8367,8832,9185,9555,9918,10419,10804,11191,11580,12105,12506,12911,13346,13921,14360,14809,15260,15849,16317,16786,17228,17829,18296,18736,19177,19788,20241,20682,21120,21711,22144,22577,23000,23562,23967,24362,24722,25196,25522,25848,26141,26499,26755,26981,27187,27423,27577,27702,27808,27903,27940,27975,27947,27868,27775,27649,27499,27231,26993,26713,26410,25950,25568,25149,24700,24072,23545,22999,22402,21582,20912,20223,19506,18523,17749,16965,16167,15060,14212,13391,12543,11424,10584,9752,8946,7848,7043,6259,5487,4540,3944,3409,2928,2377,2014,1692,1403,1081,881,708,552,374,266,175,96,26,0,0,0,0,0,0,0,0,0,0,0,12,f
52,49,89,106,141,170,185,209,245,264,306,370,411,504,550,601,643,696,759,862,969,1094,1237,1440,1602,1760,1911,2089,2208,2326,2423,2527,2582,2614,2639,2672,2697,2714,2717,2704,2689,2635,2591,2547,2499,2454,2425,2378,2336,2318,2300,2299,2295,2302,2322,2349,2373,2389,2416,2447,2467,2511,2563,2657,2751,2875,3026,3255,3444,3636,3829,4098,4312,4539,4779,5120,5394,5673,5953,6329,6611,6885,7153,7500,7750,8001,8243,8586,8856,9156,9460,9902,10242,10584,10909,11388,11764,12154,12544,13098,13522,13958,14399,15060,15502,15962,16444,17056,17534,17973,18427,19070,19520,19929,20350,20932,21341,21722,22097,22573,22910,23215,23516,23881,24137,24369,24577,24835,24994,25130,25243,25347,25394,25440,25419,25356,25279,25170,25028,24799,24588,24349,24086,23666,23325,22950,22544,21929,21452,20945,20390,19606,18995,18352,17682,16748,16034,15312,14573,13561,12785,12029,11254,10230,9451,8680,7918,6912,6169,5442,4740,3928,3398,2925,2511,2035,1715,1432,1184,907,732,579,443,290,198,116,53,0,0,0,0,0,10,21,36,34,56,71,61,84,b
11,21,42,65,83,104,136,184,217,257,308,359,387,426,470,523,572,630,694,760,815,887,976,1128,1274,1437,1606,1818,1957,2086,2200,2347,2445,2527,2594,2656,2685,2708,2729,2754,2765,2771,2761,2730,2704,2678,2652,2646,2629,2626,2615,2599,2590,2620,2640,2687,2735,2788,2845,2919,2975,3024,3088,3153,3212,3265,3327,3447,3539,3666,3800,3998,4155,4328,4516,4788,5014,5252,5505,5854,6130,6409,6695,7089,7383,7684,7999,8407,8722,9034,9348,9772,10102,10418,10731,11146,11461,11768,12082,12508,12871,13192,13545,14002,14356,14728,15079,15556,15893,16253,16587,17062,17398,17739,18079,18534,18879,19205,19535,19953,20248,20548,20826,21166,21412,21640,21851,22105,22286,22442,22578,22732,22823,22887,22932,22948,22929,22879,22804,22659,22511,22333,22122,21795,21513,21203,20861,20359,19960,19533,19079,18440,17912,17363,16773,15971,15340,14717,14071,13166,12517,11821,11124,10199,9510,8822,8132,7217,6565,5891,5220,4353,3800,3286,2854,2339,1999,1695,1423,1116,912,744,599,442,324,227,151,71,24,7,0,0,0,0,0,0,0,0,0,0,g
9,9,38,46,63,95,116,151,178,229,268,320,360,417,463,519,565,618,659,721,787,861,960,1115,1261,1422,1588,1801,1945,2077,2199,2344,2440,2521,2583,2643,2672,2697,2707,2715,2713,2704,2680,2645,2617,2608,2604,2583,2582,2579,2554,2552,2563,2560,2576,2614,2644,2696,2740,2811,2839,2864,2909,2923,2937,2959,2990,3069,3139,3211,3315,3451,3559,3692,3849,4086,4282,4499,4725,5050,5310,5593,5881,6280,6599,6920,7249,7695,8040,8396,8765,9256,9641,10016,10384,10880,11244,11621,12009,12495,12860,13234,13613,14151,14537,14913,15310,15839,16215,16591,16976,17485,17881,18253,18625,19112,19468,19816,20176,20629,20951,21261,21554,21916,22178,22424,22645,22916,23099,23261,23404,23559,23646,23708,23746,23760,23736,23689,23603,23441,23283,23092,22870,22523,22225,21894,21533,21023,20605,20146,19663,18960,18392,17810,17203,16353,15683,14995,14317,13360,12649,11952,11220,10250,9523,8796,8080,7118,6417,5708,5020,4161,3624,3134,2704,2199,1871,1583,1317,1023,840,682,545,377,270,185,111,51,13,0,0,0,0,0,0,0,0,0,0,0,g
45,63,75,87,104,141,176,212,252,315,348,391,434,477,527,592,645,708,783,909,1037,1181,1338,1569,1724,1865,2000,2164,2277,2389,2482,2577,2622,2659,2684,2712,2729,2741,2735,2702,2665,2621,2582,2564,2544,2548,2542,2543,2560,2576,2606,2672,2740,2807,2888,3003,3084,3187,3262,3387,3477,3584,3695,3877,4030,4199,4370,4596,4776,4958,5150,5425,5643,5879,6130,6481,6758,7041,7337,7743,8059,8372,8692,9115,9436,9755,10071,10496,10826,11153,11487,11924,12263,12614,12958,13454,13839,14217,14617,15177,15588,16021,16454,17026,17469,17923,18359,18944,19414,19845,20286,20886,21313,21743,22175,22709,23101,23476,23835,24291,24607,24912,25205,25555,25800,26028,26229,26476,26612,26743,26843,26922,26949,26951,26925,26835,26733,26598,26435,26161,25917,25668,25378,24909,24520,24108,23662,23014,22502,21957,21405,20587,19940,19284,18588,17644,16895,16131,15351,14292,13492,12680,11871,10806,10001,9203,8415,7383,6616,5866,5130,4244,3679,3172,2724,2202,1866,1562,1299,998,810,649,503,338,236,148,77,8,0,0,0,0,0,0,2,4,20,13,7,0,g
0,0,0,0,7,29,53,86,119,152,184,239,283,329,381,441,495,546,597,674,754,844,953,1130,1287,1460,1602,1800,1929,2045,2160,2291,2390,2446,2489,2546,2576,2574,2591,2575,2567,2546,2515,2469,2428,2407,2388,2377,2381,2378,2377,2389,2399,2418,2440,2474,2517,2554,2595,2659,2704,2748,2789,2853,2899,2957,3023,3131,3228,3351,3468,3632,3769,3914,4083,4332,4539,4761,5017,5359,5623,5893,6193,6588,6907,7229,7558,8001,8349,8708,9074,9569,9953,10332,10708,11208,11582,11960,12343,12848,13233,13625,14011,14535,14932,15330,15724,16255,16650,17040,17430,17949,18333,18720,19089,19579,19946,20300,20653,21100,21424,21729,22036,22421,22684,22938,23172,23431,23632,23772,23917,24071,24132,24188,24221,24201,24172,24097,23998,23849,23663,23448,23233,22864,22543,22213,21825,21272,20816,20337,19828,19099,18522,17923,17290,16415,15733,15038,14325,13357,12623,11896,11156,10174,9445,8711,7982,7025,6312,5611,4921,4073,3544,3060,2642,2173,1842,1558,1299,1027,835,672,533,396,293,199,127,61,20,1,5,14,4,2,0,0,0,0,0,0,g
7,21,43,47,75,95,137,175,225,252,292,341,389,440,484,551,604,662,731,852,966,1107,1259,1479,1641,1792,1934,2101,2208,2336,2430,2524,2570,2607,2631,2649,2665,2673,2671,2656,2664,2627,2605,2597,2572,2557,2543,2521,2514,2489,2479,2483,2500,2533,2558,2596,2626,2645,2661,2679,2687,2697,2705,2720,2749,2795,2863,2975,3079,3208,3353,3567,3754,3965,4193,4526,4793,5079,5371,5794,6125,6468,6820,7303,7679,8066,8459,9000,9430,9869,10289,10857,11283,11702,12116,12676,13098,13536,13984,14555,14982,15433,15868,16473,16915,17357,17818,18403,18826,19263,19681,20245,20668,21083,21484,22033,22427,22792,23146,23620,23975,24263,24554,24911,25164,25398,25597,25842,25993,26127,26230,26367,26412,26431,26425,26391,26305,26197,26064,25828,25598,25346,25075,24649,24319,23910,23493,22867,22364,21839,21290,20482,19856,19192,18497,17550,16815,16066,15293,14243,13463,12660,11857,10796,9987,9188,8402,7367,6600,5853,5112,4230,3666,3163,2716,2201,1863,1561,1295,995,808,643,496,330,232,145,77,7,0,0,0,0,0,1,5,0,0,0,0,4,f
0,0,0,31,55,79,111,155,191,228,270,343,386,430,483,559,618,708,815,966,1124,1273,1442,1667,1835,1977,2127,2289,2394,2506,2590,2682,2717,2751,2770,2788,2788,2784,2769,2731,2697,2663,2630,2584,2554,2529,2503,2490,2481,2481,2492,2518,2541,2570,2596,2630,2652,2674,2701,2757,2811,2876,2957,3121,3284,3451,3643,3910,4094,4281,4513,4799,5073,5326,5583,5939,6233,6533,6890,7319,7671,8045,8380,8862,9244,9592,10001,10536,10913,11330,11716,12240,12639,13047,13466,14035,14460,14892,15326,15928,16381,16840,17298,17913,18378,18862,19321,19946,20415,20882,21345,21964,22437,22878,23320,23867,24292,24674,25049,25525,25866,26193,26495,26850,27103,27328,27536,27761,27899,28026,28119,28207,28233,28244,28235,28169,28072,27930,27762,27484,27230,26944,26629,26155,25757,25331,24868,24210,23678,23117,22522,21682,21025,20331,19613,18610,17834,17038,16223,15116,14276,13435,12582,11452,10611,9816,9002,7938,7143,6364,5580,4649,4030,3484,3011,2443,2096,1783,1483,1199,997,802,677,521,411,333,234,179,117,79,54,67,68,51,50,40,36,22,23,19,b
35,45,61,95,117,151,181,241,265,312,349,398,442,486,550,610,661,718,791,919,1039,1178,1323,1537,1682,1824,1957,2118,2235,2339,2431,2517,2564,2595,2612,2627,2630,2622,2606,2570,2536,2501,2475,2496,2496,2507,2540,2565,2549,2579,2582,2650,2676,2710,2760,2802,2843,2886,2935,3022,3110,3176,3274,3452,3630,3800,4034,4318,4542,4755,5000,5285,5515,5756,5995,6327,6593,6875,7166,7560,7869,8184,8505,8927,9247,9579,9924,10401,10769,11147,11527,12048,12453,12860,13274,13855,14290,14728,15169,15802,16247,16736,17209,17828,18299,18768,19243,19882,20345,20822,21283,21882,22349,22783,23219,23778,24175,24562,24936,25394,25730,26038,26323,26679,26921,27140,27338,27568,27710,27827,27925,28014,28044,28049,28020,27936,27834,27705,27541,27262,27015,26734,26417,25945,25581,25171,24728,24074,23574,22997,22416,21583,20918,20211,19530,18521,17774,16964,16143,15046,14201,13353,12507,11405,10571,9735,8900,7803,7021,6251,5483,4543,3939,3403,2925,2374,2009,1692,1414,1089,908,731,576,395,287,196,122,56,17,0,0,0,0,0,0,2,0,0,0,0,f
0,0,0,0,0,0,17,53,85,115,153,203,244,285,350,426,499,558,627,724,805,899,1004,1217,1374,1511,1671,1835,1951,2108,2230,2422,2528,2583,2636,2704,2707,2704,2697,2704,2661,2643,2600,2551,2521,2506,2493,2498,2505,2505,2520,2539,2584,2626,2685,2766,2863,2937,3024,3118,3193,3267,3345,3455,3551,3658,3783,3998,4161,4325,4513,4733,4898,5081,5264,5542,5725,5933,6160,6486,6744,7022,7302,7667,7956,8256,8555,8982,9321,9644,9978,10443,10799,11159,11523,12015,12388,12763,13136,13646,14030,14414,14797,15311,15691,16070,16449,16941,17306,17674,18037,18515,18870,19216,19555,20023,20341,20693,21004,21418,21683,21966,22183,22484,22711,22909,23083,23311,23435,23543,23624,23787,23824,23874,23886,23857,23778,23693,23598,23413,23232,23005,22775,22408,22096,21756,21395,20864,20428,19962,19473,18772,18224,17634,17035,16201,15549,14878,14203,13274,12564,11859,11143,10181,9463,8747,8028,7081,6383,5700,5012,4168,3623,3143,2727,2215,1893,1604,1346,1077,895,726,596,437,326,253,173,95,53,27,38,20,11,7,7,0,0,0,0,0,g
22,30,41,74,88,109,137,172,205,244,280,345,386,427,472,541,591,640,708,807,904,1012,1143,1345,1508,1668,1817,2009,2145,2260,2377,2496,2569,2628,2669,2686,2706,2717,2702,2687,2673,2640,2601,2583,2575,2569,2559,2568,2556,2545,2544,2556,2573,2603,2639,2697,2743,2789,2838,2899,2935,2976,3020,3085,3147,3226,3318,3463,3588,3720,3857,4054,4214,4390,4571,4844,5072,5329,5582,5944,6233,6517,6811,7191,7498,7816,8143,8573,8928,9263,9620,10118,10490,10872,11269,11791,12213,12638,13045,13629,14051,14489,14949,15552,16010,16476,16932,17546,18002,18463,18914,19513,19958,20401,20832,21387,21791,22204,22575,23055,23400,23724,24022,24401,24676,24908,25127,25377,25538,25678,25806,25937,26002,26050,26045,25992,25932,25818,25690,25469,25249,24996,24733,24303,23943,23561,23149,22550,22049,21534,21001,20212,19586,18936,18259,17321,16592,15849,15091,14058,13277,12498,11711,10665,9882,9110,8336,7322,6570,5828,5099,4221,3656,3156,2710,2194,1857,1556,1302,1023,846,687,555,394,284,196,130,53,18,11,3,1,17,19,9,15,22,21,9,4,g
0,0,0,42,71,109,146,210,241,286,343,384,437,486,528,592,650,718,771,873,990,1102,1247,1467,1621,1788,1933,2113,2250,2371,2467,2597,2658,2696,2727,2747,2766,2767,2771,2744,2708,2677,2654,2621,2605,2593,2586,2564,2541,2526,2514,2497,2495,2511,2526,2564,2607,2640,2696,2740,2785,2826,2894,2980,3082,3187,3318,3539,3697,3880,4064,4341,4551,4767,5004,5320,5565,5831,6099,6468,6757,7057,7351,7754,8049,8352,8660,9076,9394,9724,10063,10519,10873,11229,11595,12094,12477,12871,13277,13828,14254,14692,15135,15733,16206,16686,17160,17802,18269,18731,19192,19808,20266,20708,21151,21738,22178,22570,22954,23487,23828,24159,24479,24857,25124,25352,25560,25830,26001,26135,26256,26371,26424,26443,26432,26378,26293,26173,26025,25777,25549,25289,25000,24557,24191,23794,23383,22752,22252,21719,21152,20356,19722,19062,18374,17421,16675,15933,15158,14121,13346,12542,11737,10690,9887,9100,8318,7283,6542,5793,5047,4188,3626,3131,2701,2191,1865,1567,1312,1016,826,660,513,348,243,164,92,26,0,0,0,0,0,0,0,0,0,0,0,0,g
24,34,46,66,82,106,127,166,197,229,267,319,363,405,450,511,561,612,658,731,790,859,946,1105,1255,1408,1560,1766,1912,2036,2137,2280,2372,2451,2525,2579,2616,2632,2640,2640,2631,2637,2599,2565,2565,2536,2514,2529,2534,2540,2566,2596,2624,2661,2703,2781,2846,2922,2995,3103,3173,3242,3310,3406,3486,3581,3684,3841,3978,4126,4283,4493,4654,4826,4999,5252,5449,5644,5855,6161,6387,6624,6877,7218,7486,7740,8002,8358,8628,8910,9215,9604,9908,10217,10520,10928,11246,11567,11892,12326,12657,12992,13336,13787,14132,14475,14815,15264,15604,15938,16268,16710,17043,17370,17697,18133,18447,18749,19051,19440,19720,19994,20243,20563,20788,21021,21224,21482,21654,21802,21922,22081,22168,22240,22283,22285,22270,22235,22162,22042,21919,21749,21564,21259,20996,20713,20390,19921,19526,19120,18670,18033,17524,16991,16439,15663,15061,14436,13805,12935,12279,11625,10956,10070,9393,8724,8057,7191,6519,5862,5209,4352,3779,3279,2836,2324,1985,1689,1443,1142,954,783,648,467,363,267,191,106,54,37,23,20,14,16,17,11,11,7,0,0,g
70,85,101,121,138,156,189,221,253,283,312,364,402,441,491,561,617,673,746,871,982,1121,1268,1472,1619,1762,1901,2073,2189,2295,2391,2493,2543,2592,2635,2646,2637,2645,2641,2609,2580,2544,2523,2500,2522,2519,2531,2550,2563,2581,2599,2642,2681,2718,2749,2797,2827,2851,2874,2916,2952,3003,3069,3185,3301,3441,3593,3822,3998,4187,4377,4638,4838,5055,5275,5589,5847,6124,6412,6800,7104,7411,7745,8177,8505,8846,9195,9657,10039,10419,10805,11307,11702,12096,12482,13012,13439,13849,14249,14823,15236,15660,16076,16657,17096,17519,17948,18536,18962,19384,19806,20371,20792,21205,21615,22161,22567,22933,23299,23755,24084,24400,24706,25065,25319,25544,25751,25987,26147,26284,26399,26523,26572,26596,26594,26565,26478,26368,26228,25985,25761,25507,25225,24793,24428,24035,23620,22996,22512,21987,21424,20611,19983,19334,18655,17688,16938,16176,15391,14334,13532,12729,11918,10841,10041,9244,8459,7421,6655,5902,5162,4271,3700,3190,2740,2218,1880,1573,1309,1007,819,652,507,351,255,187,119,65,20,11,11,3,0,4,4,3,4,8,0,5,g
0,13,31,79,112,147,186,249,297,327,376,430,488,525,583,645,694,759,829,932,1052,1188,1316,1519,1659,1788,1931,2075,2175,2276,2366,2454,2506,2540,2572,2592,2598,2602,2600,2587,2580,2552,2537,2527,2544,2555,2567,2593,2611,2632,2645,2683,2721,2757,2794,2848,2892,2930,2952,3009,3064,3147,3240,3404,3548,3715,3890,4150,4357,4567,4763,5042,5249,5466,5690,6002,6243,6509,6773,7137,7413,7695,7974,8349,8639,8930,9233,9645,9973,10312,10661,11136,11506,11887,12277,12815,13230,13659,14097,14693,15155,15624,16093,16730,17228,17731,18210,18861,19356,19848,20305,20943,21400,21872,22329,22907,23332,23738,24131,24632,24992,25334,25662,26034,26299,26556,26754,27009,27172,27304,27435,27536,27579,27586,27564,27491,27403,27306,27143,26877,26641,26375,26066,25602,25218,24813,24370,23730,23210,22665,22076,21250,20597,19918,19209,18225,17459,16671,15885,14792,13963,13139,12322,11237,10412,9584,8764,7688,6896,6132,5375,4466,3862,3336,2874,2336,1983,1665,1391,1073,876,704,550,369,261,170,99,25,0,0,0,0,0,0,0,0,0,0,0,0,f
79,81,81,108,144,155,196,269,278,314,345,384,422,477,525,572,623,652,699,774,842,929,1025,1194,1332,1477,1635,1812,1928,2062,2161,2296,2362,2423,2481,2519,2537,2550,2560,2552,2544,2542,2518,2498,2488,2495,2513,2540,2558,2582,2615,2663,2693,2752,2811,2929,3004,3116,3193,3305,3391,3474,3566,3685,3793,3908,4037,4230,4393,4562,4736,4970,5152,5336,5530,5811,6032,6266,6517,6863,7136,7412,7699,8094,8387,8685,8993,9406,9726,10053,10385,10841,11210,11568,11960,12467,12842,13194,13586,14112,14507,14875,15260,15758,16160,16522,16949,17431,17787,18156,18532,18989,19365,19686,20036,20465,20763,21057,21339,21706,21965,22208,22433,22741,22927,23104,23261,23454,23580,23684,23766,23871,23898,23914,23906,23867,23798,23711,23594,23395,23215,23002,22763,22392,22079,21760,21380,20853,20449,19973,19480,18790,18218,17647,17041,16193,15538,14865,14165,13228,12510,11787,11079,10117,9397,8672,7953,6998,6291,5590,4903,4064,3522,3044,2620,2129,1809,1521,1268,982,802,641,503,342,237,154,84,17,0,0,0,0,0,0,8,13,32,39,32,39,g
0,0,8,30,72,105,137,203,237,276,323,372,409,461,498,567,618,668,719,814,901,1018,1127,1307,1486,1625,1773,1954,2062,2187,2279,2382,2441,2489,2514,2538,2544,2552,2544,2521,2499,2461,2426,2391,2378,2386,2390,2421,2427,2437,2470,2497,2528,2567,2623,2715,2806,2896,3008,3175,3293,3416,3544,3711,3839,3983,4135,4343,4525,4701,4891,5132,5311,5517,5712,5985,6212,6430,6668,6991,7235,7487,7750,8095,8367,8644,8921,9307,9606,9907,10221,10651,10976,11307,11644,12105,12454,12811,13173,13665,14038,14420,14802,15315,15700,16103,16503,17030,17413,17803,18198,18696,19061,19437,19799,20255,20604,20938,21245,21667,21981,22254,22528,22864,23086,23298,23506,23722,23865,23998,24101,24240,24284,24305,24305,24259,24192,24099,23985,23771,23564,23338,23099,22697,22366,22002,21611,21050,20593,20105,19587,18860,18280,17680,17055,16189,15514,14824,14133,13183,12466,11764,11032,10072,9373,8642,7914,6966,6257,5548,4865,4031,3505,3039,2619,2128,1814,1538,1286,999,819,659,514,350,243,161,91,22,0,0,0,0,0,0,0,0,0,0,0,0,g
103,116,140,186,216,245,300,350,412,455,499,554,609,668,735,829,923,1054,1171,1369,1522,1699,1862,2079,2241,2413,2584,2804,2961,3104,3245,3398,3509,3597,3677,3762,3816,3856,3903,3958,4014,4084,4156,4254,4340,4425,4517,4664,4774,4916,5044,5227,5403,5561,5729,5941,6107,6261,6403,6560,6666,6723,6781,6826,6858,6890,6925,6964,6984,7002,7019,7045,7062,7091,7134,7210,7280,7364,7465,7615,7745,7895,8060,8307,8517,8744,8985,9334,9618,9927,10247,10695,11032,11382,11739,12210,12588,12947,13327,13826,14218,14619,15032,15582,15991,16402,16822,17387,17804,18210,18645,19165,19550,19958,20331,20832,21197,21530,21861,22285,22586,22868,23136,23462,23681,23886,24075,24290,24434,24561,24660,24806,24851,24873,24880,24835,24767,24669,24543,24328,24127,23890,23636,23259,22926,22566,22161,21585,21107,20623,20079,19333,18730,18108,17450,16555,15857,15133,14401,13392,12631,11864,11095,10071,9306,8546,7797,6805,6076,5360,4665,3864,3343,2883,2471,1994,1676,1400,1154,885,717,566,431,287,193,117,53,3,0,0,0,0,0,0,0,12,17,29,30,28,b
53,70,88,95,110,131,157,191,228,264,299,350,392,431,475,538,586,637,689,769,839,927,1032,1206,1357,1514,1662,1842,1963,2096,2206,2344,2438,2504,2544,2608,2609,2596,2634,2598,2557,2509,2479,2473,2439,2432,2475,2497,2493,2528,2544,2553,2585,2584,2589,2660,2689,2743,2799,2898,2968,3038,3100,3183,3245,3315,3383,3502,3594,3706,3826,3997,4146,4311,4484,4740,4953,5170,5403,5729,5992,6272,6559,6943,7243,7564,7865,8332,8673,9014,9353,9856,10226,10609,11009,11546,11962,12354,12751,13293,13705,14121,14553,15119,15545,15975,16402,16972,17400,17822,18249,18805,19214,19614,20014,20525,20898,21260,21614,22072,22397,22706,23005,23370,23624,23859,24072,24325,24489,24632,24777,24912,25009,25057,25087,25073,24990,24908,24776,24592,24404,24154,23876,23485,23133,22744,22344,21773,21301,20789,20246,19488,18885,18282,17620,16689,16016,15292,14542,13536,12769,12005,11239,10212,9457,8702,7950,6959,6225,5505,4803,3985,3457,2980,2577,2086,1765,1474,1228,945,775,619,481,328,244,164,123,58,24,15,10,3,1,2,15,0,0,0,0,4,g
32,34,45,77,88,100,123,157,195,237,259,320,362,392,437,495,534,583,631,693,756,827,910,1061,1200,1351,1496,1688,1816,1936,2047,2175,2264,2338,2394,2448,2477,2494,2512,2522,2501,2490,2463,2420,2385,2389,2382,2389,2407,2412,2425,2451,2478,2502,2545,2620,2686,2762,2850,2978,3078,3179,3284,3423,3531,3640,3764,3950,4102,4260,4426,4647,4814,4987,5162,5402,5599,5796,6000,6285,6506,6732,6966,7285,7529,7788,8049,8396,8660,8929,9217,9585,9895,10198,10510,10933,11258,11582,11935,12398,12763,13126,13491,14002,14376,14760,15141,15643,16023,16390,16758,17266,17622,17969,18319,18787,19119,19441,19762,20178,20472,20762,21035,21382,21628,21844,22054,22321,22485,22631,22768,22901,22983,23046,23092,23100,23093,23036,22965,22808,22654,22477,22274,21932,21644,21324,20984,20480,20068,19614,19138,18463,17924,17370,16785,15960,15320,14669,13997,13095,12409,11715,11014,10084,9388,8692,7992,7067,6377,5693,5024,4172,3619,3132,2701,2204,1874,1585,1325,1028,841,682,539,373,266,174,98,47,16,3,8,17,4,0,0,3,0,0,0,4,g
36,53,72,110,139,185,217,278,339,381,425,492,545,617,673,788,880,995,1130,1369,1549,1727,1919,2137,2309,2487,2657,2859,3001,3144,3249,3381,3462,3533,3596,3667,3709,3759,3787,3832,3880,3935,3998,4105,4196,4295,4399,4547,4664,4792,4924,5119,5272,5431,5597,5815,5969,6106,6219,6331,6388,6433,6470,6529,6578,6621,6667,6722,6783,6819,6856,6923,6988,7059,7163,7319,7460,7609,7775,8018,8229,8443,8686,9021,9284,9573,9873,10280,10609,10948,11300,11780,12142,12512,12903,13400,13782,14168,14574,15115,15519,15937,16359,16923,17355,17787,18226,18811,19237,19654,20079,20620,21022,21412,21789,22281,22637,22980,23326,23741,24040,24331,24607,24934,25143,25345,25535,25737,25880,25994,26083,26178,26221,26231,26234,26161,26074,25966,25829,25580,25351,25094,24802,24361,23991,23596,23168,22549,22047,21520,20966,20173,19545,18892,18211,17265,16532,15776,15000,13951,13162,12361,11564,10506,9712,8930,8155,7134,6383,5662,4949,4100,3563,3082,2647,2152,1838,1539,1277,995,814,659,532,378,284,195,123,49,17,11,3,0,5,7,11,26,17,13,12,2,b
0,0,0,0,0,0,16,44,66,97,128,171,209,272,338,422,472,523,570,663,758,788,842,953,1050,1186,1289,1452,1581,1702,1843,2003,2081,2194,2246,2355,2397,2423,2480,2485,2464,2446,2434,2382,2339,2289,2258,2222,2201,2195,2183,2186,2203,2208,2228,2250,2270,2302,2324,2367,2419,2455,2499,2570,2628,2695,2780,2904,3010,3156,3286,3494,3658,3823,3993,4228,4416,4649,4866,5162,5401,5659,5917,6276,6554,6848,7143,7540,7834,8147,8455,8883,9210,9549,9898,10354,10703,11049,11403,11874,12232,12584,12944,13424,13781,14144,14499,14966,15313,15653,15995,16441,16762,17081,17419,17862,18175,18489,18787,19174,19420,19678,19901,20190,20444,20617,20776,21007,21166,21288,21392,21522,21584,21650,21681,21681,21652,21641,21571,21440,21329,21181,21006,20721,20479,20228,19926,19484,19128,18738,18321,17733,17251,16760,16236,15499,14926,14330,13723,12890,12257,11614,10968,10105,9452,8814,8160,7307,6668,6018,5395,4554,3956,3428,2986,2460,2127,1817,1553,1249,1036,854,713,533,422,326,247,155,104,58,26,9,4,9,4,0,0,0,0,0,f
0,0,0,0,3,20,37,74,110,143,177,225,262,302,340,396,439,490,541,623,701,793,906,1110,1288,1451,1613,1805,1909,2000,2119,2236,2280,2327,2356,2406,2423,2422,2426,2425,2415,2394,2365,2384,2358,2349,2389,2375,2377,2405,2412,2424,2449,2475,2520,2585,2638,2701,2761,2847,2908,2965,3034,3114,3188,3271,3361,3487,3605,3710,3828,3999,4142,4291,4463,4713,4925,5145,5386,5719,5974,6240,6526,6907,7195,7517,7819,8225,8552,8890,9258,9749,10117,10501,10898,11399,11802,12201,12603,13148,13561,13981,14409,14981,15409,15844,16273,16850,17287,17716,18138,18693,19105,19510,19906,20422,20805,21166,21520,21974,22298,22602,22892,23247,23493,23766,23986,24262,24445,24598,24708,24800,24859,24913,24901,24867,24843,24766,24630,24404,24221,23968,23719,23313,22958,22587,22171,21611,21133,20619,20069,19354,18731,18104,17439,16545,15829,15096,14362,13372,12613,11858,11095,10092,9337,8591,7856,6868,6138,5423,4714,3911,3387,2921,2510,2037,1727,1447,1211,938,774,612,478,325,230,153,80,29,2,5,0,0,0,0,0,0,0,0,0,0,g
15,25,31,59,77,100,129,177,210,259,296,355,407,454,500,578,636,687,752,863,958,1074,1207,1446,1611,1763,1913,2074,2184,2297,2391,2493,2557,2584,2600,2611,2620,2641,2620,2593,2559,2520,2488,2452,2440,2417,2407,2392,2392,2396,2420,2463,2514,2574,2652,2772,2866,2962,3057,3192,3285,3378,3468,3601,3707,3832,3971,4179,4346,4517,4691,4937,5149,5375,5605,5932,6187,6449,6699,7063,7346,7628,7914,8301,8570,8849,9137,9532,9808,10111,10403,10811,11127,11428,11739,12201,12529,12873,13242,13718,14094,14468,14849,15365,15762,16160,16561,17102,17506,17909,18304,18843,19242,19626,20023,20524,20886,21239,21580,22017,22327,22631,22907,23259,23500,23724,23943,24198,24352,24484,24611,24732,24775,24816,24828,24776,24699,24607,24458,24222,24015,23771,23506,23090,22756,22376,21973,21380,20901,20395,19864,19111,18509,17888,17241,16345,15652,14940,14223,13255,12514,11774,11030,10037,9298,8562,7830,6864,6147,5448,4754,3930,3403,2935,2539,2077,1766,1496,1267,979,800,657,514,368,266,172,126,71,37,22,19,15,17,21,26,24,30,18,13,18,g
3,9,17,27,35,48,66,111,136,163,199,245,290,327,373,423,468,517,568,627,681,762,836,956,1066,1199,1327,1526,1656,1770,1881,2006,2102,2192,2264,2340,2380,2404,2443,2445,2441,2416,2394,2348,2303,2260,2231,2199,2184,2184,2193,2207,2221,2239,2261,2295,2328,2365,2403,2460,2505,2552,2599,2669,2716,2768,2829,2926,3013,3115,3237,3444,3594,3753,3917,4151,4331,4516,4727,5029,5265,5509,5764,6126,6401,6681,6958,7337,7635,7946,8261,8683,9004,9347,9700,10187,10547,10907,11255,11724,12075,12431,12790,13273,13640,14004,14376,14865,15235,15611,15973,16464,16817,17167,17505,17950,18285,18610,18926,19340,19645,19931,20206,20572,20838,21058,21287,21536,21719,21860,21982,22129,22205,22276,22317,22335,22311,22279,22194,22057,21917,21756,21571,21279,21019,20721,20394,19914,19524,19111,18666,18046,17542,17016,16459,15695,15094,14484,13858,13003,12354,11696,11044,10158,9495,8836,8176,7294,6638,5987,5339,4491,3910,3409,2963,2442,2114,1798,1550,1220,1019,857,698,512,394,294,232,130,72,33,29,5,0,15,18,5,24,14,19,9,b
0,0,0,0,7,22,39,72,99,132,170,226,264,305,350,410,451,498,568,665,736,827,906,1025,1146,1272,1408,1593,1718,1855,1956,2098,2189,2290,2339,2401,2465,2486,2482,2471,2464,2467,2425,2400,2400,2353,2315,2294,2298,2304,2320,2343,2378,2408,2450,2543,2600,2679,2756,2900,2991,3086,3180,3317,3408,3516,3643,3821,3963,4113,4268,4488,4647,4823,5005,5260,5460,5658,5866,6162,6403,6643,6900,7277,7539,7811,8107,8489,8786,9088,9419,9837,10164,10488,10825,11272,11613,11959,12307,12771,13122,13473,13826,14297,14647,14998,15346,15806,16149,16485,16814,17249,17568,17887,18202,18614,18908,19198,19479,19840,20151,20412,20654,20986,21201,21399,21616,21827,21999,22173,22243,22351,22444,22467,22497,22507,22470,22449,22375,22202,22072,21885,21673,21370,21093,20810,20519,20018,19610,19180,18729,18092,17580,17049,16493,15717,15112,14486,13848,12996,12341,11703,11037,10146,9484,8806,8130,7245,6582,5920,5272,4418,3840,3335,2895,2386,2048,1745,1486,1177,975,812,669,483,369,265,182,106,56,24,4,0,0,0,0,0,0,0,0,0,g
0,0,0,7,11,13,20,34,51,68,89,128,170,225,270,313,365,402,451,507,562,612,657,723,800,882,986,1154,1295,1452,1609,1789,1916,2028,2133,2263,2346,2409,2459,2499,2520,2534,2536,2534,2511,2501,2467,2432,2408,2395,2388,2382,2381,2379,2390,2376,2380,2396,2413,2468,2495,2529,2573,2633,2658,2687,2725,2785,2838,2903,2994,3139,3285,3411,3553,3754,3910,4076,4253,4507,4720,4952,5177,5503,5757,6016,6282,6644,6914,7183,7448,7804,8067,8345,8627,9014,9307,9592,9880,10269,10574,10878,11199,11628,11957,12267,12602,13055,13393,13758,14100,14537,14871,15212,15550,16005,16324,16635,16955,17332,17623,17890,18133,18439,18648,18860,19067,19285,19416,19540,19645,19770,19845,19900,19946,19966,19966,19949,19910,19830,19744,19631,19516,19301,19114,18895,18648,18288,17987,17663,17315,16812,16412,16012,15553,14920,14420,13907,13371,12654,12101,11546,10971,10212,9629,9040,8454,7672,7082,6503,5909,5122,4549,3967,3460,2869,2483,2136,1834,1475,1244,1036,857,652,520,402,301,185,113,56,14,0,0,0,0,0,0,0,0,0,b
0,9,21,41,60,85,111,152,185,221,258,315,356,400,449,513,562,613,672,815,927,1063,1227,1429,1604,1766,1899,2059,2218,2324,2417,2539,2604,2666,2710,2733,2732,2743,2732,2740,2702,2680,2641,2621,2585,2575,2567,2564,2547,2544,2541,2549,2564,2592,2623,2686,2731,2773,2828,2900,2978,3057,3143,3289,3416,3565,3735,3986,4186,4390,4612,4891,5113,5330,5569,5908,6157,6433,6713,7088,7381,7686,7964,8355,8637,8931,9217,9578,9856,10144,10438,10838,11135,11432,11742,12154,12484,12820,13168,13651,14022,14405,14808,15363,15786,16214,16652,17244,17696,18153,18607,19215,19672,20124,20573,21168,21601,22019,22421,22930,23320,23699,24040,24466,24768,25006,25217,25484,25664,25815,25936,26059,26140,26169,26195,26149,26069,25960,25843,25600,25399,25138,24846,24401,24066,23660,23288,22658,22170,21641,21101,20310,19686,19037,18352,17408,16690,15941,15169,14150,13354,12564,11773,10722,9929,9141,8353,7324,6563,5824,5093,4215,3657,3166,2715,2206,1888,1591,1325,1040,859,686,539,374,279,200,126,57,38,12,2,3,7,9,8,4,4,0,0,0,g
23,10,36,25,41,63,81,112,143,178,209,255,293,330,377,431,472,520,571,651,713,791,890,1058,1205,1362,1521,1717,1842,1953,2059,2183,2264,2326,2373,2418,2444,2478,2517,2539,2560,2564,2542,2516,2503,2472,2459,2440,2427,2411,2431,2457,2476,2521,2575,2676,2757,2843,2932,3029,3108,3186,3268,3374,3460,3555,3657,3818,3947,4088,4226,4435,4593,4770,4960,5236,5454,5690,5928,6263,6519,6784,7049,7413,7685,7965,8236,8597,8871,9155,9440,9834,10124,10449,10749,11169,11494,11815,12161,12612,12956,13331,13680,14158,14509,14875,15236,15715,16070,16444,16780,17252,17589,17922,18255,18692,19012,19326,19640,20029,20315,20580,20841,21164,21397,21609,21812,22060,22221,22369,22500,22638,22717,22772,22811,22815,22789,22735,22660,22531,22389,22233,22035,21727,21448,21143,20808,20325,19943,19506,19057,18390,17870,17325,16760,15958,15348,14708,14054,13173,12499,11835,11142,10235,9556,8878,8189,7276,6603,5934,5274,4408,3828,3316,2872,2350,2005,1705,1435,1128,929,763,614,442,327,230,152,69,27,0,0,0,1,0,11,0,0,12,1,14,g
0,13,32,62,94,124,160,213,253,302,350,409,458,513,595,710,816,948,1094,1307,1471,1650,1815,2065,2230,2414,2581,2800,2960,3093,3234,3392,3497,3579,3668,3770,3856,3940,4024,4135,4216,4297,4382,4499,4583,4663,4744,4857,4947,5049,5147,5293,5408,5526,5665,5838,5951,6057,6146,6235,6288,6311,6308,6294,6269,6236,6205,6177,6144,6128,6108,6095,6124,6159,6197,6310,6381,6480,6584,6750,6904,7067,7237,7497,7726,7959,8207,8577,8862,9157,9465,9896,10232,10584,10946,11449,11842,12251,12677,13265,13715,14172,14640,15282,15757,16242,16734,17373,17854,18330,18792,19405,19846,20273,20700,21261,21658,22041,22417,22889,23214,23528,23812,24160,24416,24637,24829,25076,25227,25360,25475,25585,25662,25704,25704,25663,25616,25512,25407,25173,24964,24756,24482,24064,23722,23348,22970,22356,21882,21362,20828,20048,19438,18802,18143,17219,16494,15752,15003,13968,13176,12383,11590,10535,9751,8971,8196,7191,6457,5723,5032,4161,3606,3121,2700,2187,1873,1574,1306,1020,828,675,525,361,274,209,133,81,54,34,20,7,5,1,0,0,0,0,0,0,b
6,16,28,46,60,86,113,154,193,235,266,317,357,405,447,513,567,609,670,741,813,907,1019,1207,1353,1516,1659,1836,1948,2050,2137,2260,2326,2376,2424,2453,2465,2468,2464,2453,2436,2409,2379,2347,2330,2316,2312,2320,2322,2332,2342,2357,2379,2410,2455,2523,2588,2659,2735,2838,2920,2998,3076,3183,3291,3418,3537,3715,3880,4008,4140,4345,4501,4703,4862,5121,5330,5527,5794,6090,6331,6602,6859,7227,7515,7785,8084,8475,8778,9100,9462,9935,10301,10670,11047,11559,11949,12345,12738,13276,13684,14088,14509,15065,15485,15912,16337,16903,17324,17740,18151,18693,19091,19510,19899,20401,20767,21136,21497,21956,22270,22576,22859,23211,23457,23699,23909,24152,24325,24465,24582,24710,24771,24822,24838,24797,24759,24655,24538,24311,24108,23876,23616,23209,22874,22503,22104,21520,21050,20546,20018,19269,18670,18043,17388,16481,15773,15052,14319,13329,12578,11829,11074,10067,9315,8567,7861,6909,6199,5509,4828,4011,3506,3029,2624,2125,1808,1542,1303,1002,828,687,534,378,295,221,149,71,55,35,63,50,44,35,26,15,15,10,3,1,g
73,80,99,96,111,119,137,162,186,212,246,293,328,369,407,457,497,542,591,654,704,764,822,919,1010,1118,1245,1439,1598,1744,1874,2025,2124,2236,2324,2424,2480,2525,2551,2608,2616,2636,2632,2631,2606,2601,2586,2590,2579,2578,2575,2593,2628,2654,2665,2700,2739,2776,2829,2902,2939,2981,3010,3039,3059,3074,3083,3093,3112,3146,3187,3269,3337,3419,3516,3672,3811,3957,4116,4365,4569,4787,5021,5347,5597,5854,6116,6472,6754,7052,7322,7705,8011,8324,8632,9043,9383,9711,10023,10457,10785,11120,11464,11941,12301,12676,13029,13497,13852,14203,14564,15038,15397,15750,16101,16558,16897,17233,17566,17999,18310,18616,18907,19282,19543,19796,20034,20331,20533,20714,20891,21075,21190,21283,21366,21445,21470,21474,21444,21358,21249,21120,20961,20708,20477,20222,19929,19503,19144,18777,18352,17755,17299,16793,16291,15551,14961,14368,13756,12943,12292,11646,10994,10129,9470,8819,8164,7301,6654,6004,5365,4535,3938,3423,2963,2444,2094,1795,1518,1201,994,818,667,487,371,268,183,123,64,27,1,0,7,5,0,0,0,0,0,0,f
10,17,57,57,65,102,127,177,222,246,276,332,365,405,452,549,590,634,717,782,847,944,1055,1281,1415,1564,1705,1876,1979,2078,2163,2265,2323,2359,2395,2411,2417,2417,2434,2407,2389,2367,2344,2315,2307,2327,2334,2346,2355,2372,2390,2443,2468,2510,2567,2632,2694,2768,2839,2926,3004,3075,3143,3228,3296,3377,3471,3608,3716,3830,3964,4139,4283,4430,4597,4846,5053,5272,5507,5837,6090,6356,6630,7007,7294,7586,7881,8297,8622,8955,9301,9776,10143,10516,10898,11409,11798,12189,12587,13147,13578,14010,14461,15061,15503,15921,16376,16963,17410,17851,18276,18824,19237,19665,20067,20588,21017,21394,21741,22180,22501,22805,23119,23478,23722,23949,24174,24410,24571,24705,24822,24935,24990,25021,25016,24975,24907,24802,24668,24455,24256,24019,23750,23347,23001,22626,22218,21633,21154,20648,20111,19354,18751,18142,17483,16576,15872,15149,14436,13438,12698,11931,11177,10183,9424,8671,7943,6956,6241,5509,4821,3994,3480,2998,2578,2085,1768,1485,1236,951,777,620,476,317,224,137,72,13,0,0,0,0,0,0,0,0,0,0,0,0,g
15,14,16,26,39,57,73,104,134,160,193,243,279,325,366,423,471,511,558,630,682,754,837,975,1104,1240,1379,1570,1704,1835,1941,2071,2162,2233,2284,2329,2353,2364,2370,2379,2372,2365,2353,2311,2290,2299,2284,2291,2305,2309,2328,2362,2377,2409,2458,2515,2562,2630,2703,2815,2900,3000,3095,3230,3339,3457,3592,3795,3960,4145,4316,4568,4758,4945,5145,5411,5617,5822,6038,6322,6556,6793,6996,7304,7514,7731,7954,8245,8476,8712,8967,9296,9570,9834,10113,10516,10821,11146,11473,11926,12267,12635,13014,13498,13872,14252,14637,15142,15535,15925,16312,16824,17208,17583,17965,18458,18818,19167,19515,19960,20287,20598,20894,21269,21530,21769,22000,22268,22450,22629,22781,22956,23059,23139,23198,23192,23195,23136,23054,22888,22735,22563,22347,22009,21748,21430,21089,20592,20175,19738,19274,18585,18043,17495,16914,16096,15466,14810,14143,13241,12560,11869,11181,10259,9561,8874,8184,7264,6579,5911,5236,4394,3815,3309,2854,2332,1998,1705,1435,1121,924,754,617,452,351,257,172,81,47,13,0,6,8,10,1,0,14,7,3,12,g
0,18,45,53,79,108,127,179,204,233,268,332,373,408,446,535,569,611,666,739,787,858,949,1121,1256,1388,1528,1699,1810,1908,2004,2115,2189,2255,2301,2347,2374,2395,2396,2408,2406,2400,2388,2370,2375,2372,2375,2386,2402,2419,2437,2474,2502,2539,2574,2634,2699,2755,2809,2896,2979,3032,3111,3208,3306,3414,3530,3727,3886,4037,4213,4444,4619,4796,4982,5237,5443,5650,5864,6163,6391,6629,6871,7201,7449,7705,7963,8316,8586,8867,9157,9563,9879,10201,10535,10989,11339,11690,12049,12547,12921,13321,13710,14250,14669,15060,15485,16029,16441,16855,17260,17793,18204,18608,19020,19526,19913,20309,20658,21115,21431,21753,22048,22404,22653,22908,23108,23354,23515,23657,23777,23908,23978,24022,24037,24029,23987,23913,23812,23623,23448,23246,23003,22634,22325,21981,21600,21056,20616,20147,19647,18937,18385,17808,17195,16321,15652,14961,14292,13327,12600,11883,11155,10184,9462,8734,8024,7072,6358,5673,4976,4120,3586,3105,2676,2175,1850,1554,1299,1003,822,664,527,361,260,170,99,25,0,0,0,0,0,0,0,0,0,0,0,0,g
15,21,52,78,104,131,160,217,248,288,323,378,421,473,512,568,612,662,715,815,903,1012,1137,1330,1484,1638,1776,1937,2044,2141,2235,2337,2391,2435,2460,2487,2501,2514,2516,2505,2490,2475,2486,2492,2503,2508,2537,2551,2588,2589,2599,2634,2666,2710,2751,2822,2868,2923,2953,3003,3050,3083,3134,3215,3282,3368,3453,3619,3727,3846,3969,4158,4298,4456,4627,4883,5096,5317,5563,5905,6179,6476,6765,7182,7491,7812,8142,8605,8965,9356,9742,10268,10673,11071,11489,12053,12456,12852,13262,13822,14241,14662,15086,15670,16071,16480,16886,17438,17861,18262,18667,19212,19601,19978,20370,20864,21218,21571,21910,22339,22642,22933,23205,23536,23764,23974,24169,24397,24542,24665,24767,24867,24916,24933,24930,24875,24806,24705,24570,24349,24141,23900,23627,23233,22904,22536,22143,21556,21073,20562,20046,19301,18702,18087,17434,16535,15844,15122,14421,13428,12684,11932,11203,10221,9478,8737,7986,7018,6298,5606,4890,4054,3511,3029,2600,2114,1796,1509,1254,971,793,637,497,340,236,160,93,34,4,0,0,0,0,0,0,0,0,0,0,0,g
0,7,16,37,53,82,118,158,201,236,275,333,378,416,460,521,571,632,696,794,875,970,1087,1267,1421,1578,1715,1893,2002,2099,2197,2314,2386,2448,2487,2518,2543,2559,2570,2559,2548,2531,2517,2505,2503,2506,2516,2531,2540,2552,2566,2586,2609,2637,2674,2725,2760,2799,2832,2866,2893,2930,2963,3020,3076,3157,3258,3393,3519,3641,3771,3934,4079,4232,4426,4673,4903,5119,5349,5675,5930,6199,6464,6833,7114,7412,7706,8104,8438,8756,9100,9582,9946,10308,10666,11159,11535,11923,12313,12861,13269,13686,14119,14695,15137,15579,16014,16597,17032,17467,17897,18464,18885,19297,19706,20239,20624,21001,21363,21841,22159,22486,22782,23132,23388,23612,23822,24076,24249,24388,24497,24628,24690,24721,24736,24711,24640,24571,24457,24244,24048,23822,23560,23170,22844,22479,22085,21516,21058,20566,20049,19307,18720,18106,17467,16579,15889,15175,14452,13472,12732,11983,11235,10240,9489,8746,8004,7052,6326,5631,4932,4088,3548,3074,2649,2166,1854,1562,1315,1036,859,720,566,398,299,211,147,70,44,16,5,14,16,8,15,8,0,0,0,0,g
7,15,27,42,71,93,119,168,202,236,279,338,381,424,470,546,588,641,708,789,861,958,1072,1255,1417,1570,1721,1913,2048,2158,2282,2412,2499,2568,2615,2675,2685,2688,2704,2691,2667,2641,2612,2572,2555,2538,2532,2532,2531,2530,2537,2560,2575,2602,2635,2699,2742,2792,2842,2919,2979,3035,3104,3202,3284,3385,3502,3691,3856,4012,4181,4393,4562,4729,4912,5180,5383,5602,5829,6149,6401,6674,6931,7295,7590,7876,8157,8546,8855,9167,9499,9929,10262,10610,10942,11395,11741,12099,12456,12945,13317,13699,14084,14605,15005,15407,15814,16369,16772,17165,17570,18100,18500,18896,19293,19797,20176,20542,20896,21348,21682,22000,22287,22663,22915,23166,23366,23631,23781,23925,24039,24167,24235,24285,24312,24289,24261,24171,24059,23894,23704,23484,23236,22858,22529,22178,21798,21246,20797,20316,19810,19094,18520,17934,17308,16442,15769,15080,14374,13425,12695,11971,11240,10264,9538,8810,8084,7124,6425,5728,5053,4191,3655,3160,2725,2221,1896,1600,1335,1038,865,698,550,410,299,217,151,84,65,29,21,20,16,6,19,7,0,0,0,0,g
41,37,44,69,86,122,145,204,243,283,315,392,430,465,504,560,607,652,703,797,877,982,1111,1304,1466,1617,1762,1932,2053,2170,2274,2396,2469,2529,2563,2596,2613,2621,2617,2596,2572,2567,2531,2502,2489,2501,2498,2511,2509,2505,2511,2514,2539,2577,2606,2670,2722,2779,2847,2911,2954,2998,3057,3125,3188,3264,3358,3501,3623,3762,3908,4113,4283,4463,4660,4939,5163,5397,5647,5995,6275,6564,6851,7246,7548,7854,8164,8589,8915,9252,9607,10091,10452,10826,11194,11687,12065,12441,12836,13375,13767,14189,14600,15168,15604,16041,16472,17075,17526,17954,18405,18987,19418,19841,20260,20791,21192,21578,21957,22425,22758,23082,23378,23758,24015,24248,24465,24716,24877,25013,25131,25256,25325,25360,25369,25338,25272,25172,25040,24818,24612,24377,24111,23725,23375,23003,22598,22001,21543,21032,20488,19706,19098,18473,17807,16884,16163,15434,14689,13674,12912,12141,11375,10342,9583,8815,8058,7054,6311,5581,4867,4033,3492,3012,2581,2085,1764,1478,1224,940,766,607,467,312,210,127,62,0,0,0,0,0,0,0,0,19,2,0,1,1,g
15,36,37,59,85,100,120,165,208,248,295,350,384,424,461,532,576,624,676,745,818,901,1003,1174,1326,1491,1650,1847,1980,2108,2239,2378,2464,2533,2590,2627,2657,2684,2682,2681,2659,2647,2617,2597,2580,2570,2556,2538,2521,2512,2502,2502,2492,2503,2508,2528,2545,2575,2601,2658,2688,2722,2752,2799,2837,2886,2960,3084,3204,3334,3480,3686,3856,4030,4222,4498,4721,4953,5200,5543,5812,6089,6377,6758,7047,7342,7630,8020,8310,8604,8907,9331,9664,9994,10334,10791,11127,11485,11852,12344,12749,13132,13519,14066,14470,14873,15286,15843,16285,16695,17113,17682,18090,18489,18909,19432,19825,20206,20560,21016,21343,21654,21956,22319,22578,22817,23034,23290,23460,23601,23733,23859,23937,23999,24012,23992,23940,23868,23754,23569,23400,23190,22946,22577,22260,21916,21555,21013,20566,20102,19621,18903,18325,17724,17123,16255,15570,14885,14182,13234,12520,11793,11072,10109,9392,8666,7940,6989,6281,5579,4895,4058,3516,3043,2616,2121,1802,1516,1265,977,798,641,502,341,239,153,82,12,0,0,0,0,0,0,0,0,2,8,8,24,g
18,30,45,65,86,106,129,173,209,241,293,342,385,422,466,543,589,639,698,780,854,949,1063,1262,1422,1579,1732,1920,2049,2169,2284,2417,2491,2549,2599,2634,2653,2664,2660,2665,2637,2602,2579,2556,2520,2496,2486,2454,2438,2406,2390,2371,2353,2344,2358,2380,2403,2430,2466,2518,2562,2609,2662,2752,2828,2921,3030,3211,3358,3520,3691,3933,4127,4324,4537,4845,5091,5347,5613,5990,6275,6570,6871,7279,7589,7906,8220,8657,8988,9323,9662,10135,10494,10849,11201,11679,12044,12388,12750,13242,13622,14016,14429,14964,15360,15771,16177,16741,17182,17582,17993,18550,18969,19359,19752,20278,20659,21027,21389,21859,22187,22499,22799,23163,23413,23650,23867,24124,24290,24437,24563,24678,24745,24791,24802,24770,24715,24629,24505,24303,24105,23880,23617,23226,22889,22519,22123,21542,21084,20578,20054,19315,18722,18107,17451,16575,15870,15146,14424,13445,12691,11936,11180,10186,9427,8688,7942,6963,6226,5510,4810,3980,3450,2979,2559,2070,1753,1471,1217,937,763,609,473,319,222,139,70,8,0,0,0,0,0,0,0,0,6,7,0,0,g
0,0,0,0,0,9,30,64,94,133,168,237,285,320,363,430,476,520,580,653,724,789,887,1046,1181,1331,1487,1698,1854,1988,2102,2235,2332,2418,2471,2525,2551,2565,2581,2582,2573,2562,2535,2497,2465,2443,2421,2392,2372,2359,2345,2332,2328,2325,2330,2351,2379,2410,2451,2508,2565,2622,2683,2755,2806,2873,2942,3044,3142,3262,3395,3577,3728,3895,4050,4310,4487,4687,4923,5227,5456,5711,5964,6319,6576,6853,7143,7525,7811,8115,8423,8868,9182,9504,9831,10277,10611,10963,11307,11780,12143,12505,12908,13406,13811,14202,14606,15140,15550,15950,16353,16888,17280,17694,18093,18600,18972,19341,19703,20183,20526,20855,21195,21559,21836,22089,22320,22604,22798,22951,23110,23250,23333,23404,23455,23454,23428,23369,23283,23121,22962,22776,22554,22215,21918,21600,21248,20735,20313,19864,19384,18705,18162,17590,16992,16158,15514,14849,14168,13243,12540,11831,11133,10202,9500,8804,8101,7156,6458,5778,5093,4233,3678,3183,2775,2258,1925,1638,1379,1073,898,752,608,434,325,257,170,87,51,28,30,21,15,13,6,0,0,0,0,0,g
0,0,0,9,21,44,74,106,143,182,219,278,328,370,416,496,546,591,648,726,772,856,952,1110,1245,1379,1526,1684,1797,1899,1991,2107,2183,2257,2308,2358,2376,2387,2389,2380,2362,2330,2295,2242,2210,2187,2176,2178,2189,2201,2215,2229,2244,2252,2268,2294,2324,2356,2396,2455,2506,2576,2641,2744,2830,2922,3027,3198,3327,3483,3640,3882,4078,4293,4498,4821,5049,5286,5543,5875,6151,6441,6703,7069,7364,7652,7940,8336,8640,8945,9252,9659,9982,10302,10635,11082,11421,11767,12117,12605,12957,13323,13681,14170,14538,14912,15283,15773,16146,16517,16884,17383,17749,18116,18493,18965,19312,19674,19998,20417,20732,21026,21292,21660,21894,22119,22328,22590,22758,22917,23035,23165,23236,23295,23324,23317,23281,23214,23119,22949,22784,22594,22369,22022,21729,21403,21048,20526,20103,19651,19171,18489,17945,17377,16781,15951,15305,14644,13973,13058,12366,11667,10969,10059,9373,8692,7993,7068,6388,5704,5031,4175,3636,3151,2721,2237,1914,1624,1364,1072,892,735,602,430,332,230,148,87,45,17,2,0,0,0,0,0,0,0,0,0,g
0,0,0,0,24,57,89,143,164,218,264,308,347,398,447,503,545,607,666,747,831,941,1058,1253,1406,1567,1726,1883,1996,2097,2193,2285,2336,2374,2401,2417,2447,2447,2449,2431,2411,2381,2366,2339,2325,2318,2314,2307,2296,2294,2288,2297,2300,2315,2338,2383,2426,2482,2536,2617,2677,2748,2838,2956,3085,3203,3350,3601,3778,3988,4182,4441,4653,4861,5072,5375,5603,5841,6092,6438,6710,6987,7269,7649,7936,8227,8525,8924,9236,9553,9878,10321,10661,10999,11352,11825,12190,12561,12945,13451,13850,14256,14669,15227,15667,16101,16536,17126,17569,18006,18422,18985,19408,19823,20226,20757,21157,21528,21884,22358,22702,23001,23318,23678,23915,24147,24350,24588,24736,24867,24989,25087,25124,25148,25142,25084,25002,24892,24755,24519,24305,24054,23773,23352,22998,22607,22192,21600,21129,20609,20069,19308,18706,18074,17412,16502,15813,15097,14358,13385,12654,11889,11135,10119,9368,8615,7870,6886,6156,5442,4745,3928,3412,2946,2542,2063,1746,1478,1236,947,769,614,472,320,221,144,79,16,0,0,0,0,0,0,0,0,0,0,0,0,g
14,9,27,33,42,63,81,106,129,159,190,243,281,318,362,411,454,506,556,624,684,759,841,984,1113,1260,1411,1607,1738,1859,1964,2088,2170,2240,2309,2374,2409,2425,2448,2446,2426,2405,2379,2362,2326,2306,2313,2309,2309,2330,2341,2371,2395,2412,2442,2506,2559,2620,2679,2782,2875,2943,3017,3119,3203,3292,3393,3557,3695,3840,3997,4222,4396,4573,4768,5037,5244,5464,5689,5996,6235,6492,6751,7117,7390,7667,7966,8361,8657,8964,9269,9690,10026,10363,10691,11146,11473,11800,12132,12591,12946,13294,13636,14097,14446,14800,15141,15605,15943,16283,16619,17069,17401,17735,18067,18504,18829,19146,19454,19865,20150,20433,20700,21046,21280,21499,21704,21956,22124,22278,22405,22552,22638,22699,22738,22771,22754,22729,22673,22524,22382,22224,22035,21695,21420,21112,20785,20292,19891,19451,18991,18343,17837,17296,16731,15934,15310,14675,14012,13139,12480,11820,11130,10216,9533,8852,8168,7262,6584,5919,5256,4394,3811,3309,2873,2349,2011,1707,1439,1133,937,766,633,451,337,236,156,74,27,0,0,0,0,0,0,0,0,0,0,0,g
42,47,55,70,92,127,162,190,232,261,301,351,388,429,477,540,603,658,729,850,968,1104,1264,1464,1615,1761,1893,2071,2198,2307,2400,2498,2553,2588,2628,2667,2680,2690,2680,2637,2596,2552,2509,2484,2478,2466,2438,2428,2403,2410,2402,2414,2442,2466,2487,2518,2540,2555,2576,2611,2656,2723,2796,2926,3040,3175,3324,3558,3741,3929,4127,4404,4623,4849,5089,5425,5687,5957,6234,6615,6888,7156,7427,7790,8057,8331,8611,8993,9291,9601,9923,10373,10734,11111,11508,12042,12479,12931,13375,14010,14495,14989,15533,16220,16739,17273,17809,18517,19074,19599,20135,20839,21386,21888,22395,23030,23487,23926,24343,24886,25268,25620,25943,26346,26623,26870,27100,27360,27524,27669,27784,27902,27937,27949,27953,27882,27785,27662,27502,27235,27002,26722,26419,25974,25580,25184,24735,24075,23558,22997,22422,21592,20928,20248,19535,18531,17771,16999,16174,15070,14234,13396,12550,11433,10595,9757,8936,7857,7060,6277,5512,4561,3957,3421,2940,2385,2020,1691,1406,1089,888,712,561,381,273,179,102,24,0,0,0,0,0,0,0,0,0,0,3,2,f
0,0,0,0,5,23,44,68,95,125,160,202,241,283,318,370,414,481,543,654,714,774,859,978,1088,1218,1402,1591,1719,1850,1951,2073,2161,2241,2293,2376,2405,2414,2452,2450,2425,2423,2391,2336,2323,2295,2271,2266,2281,2292,2311,2335,2378,2397,2421,2462,2501,2552,2617,2727,2815,2906,2998,3124,3228,3337,3437,3602,3725,3846,3995,4190,4330,4491,4663,4883,5066,5279,5486,5782,5996,6222,6467,6802,7051,7318,7583,7940,8223,8500,8797,9215,9520,9841,10161,10601,10933,11273,11612,12068,12411,12758,13105,13578,13937,14290,14648,15122,15478,15830,16181,16641,16985,17328,17666,18108,18431,18744,19051,19496,19795,20089,20383,20726,20944,21214,21421,21681,21863,21997,22146,22272,22356,22425,22523,22520,22524,22492,22440,22278,22127,21952,21794,21461,21181,20875,20562,20066,19660,19233,18783,18131,17615,17076,16510,15719,15107,14473,13823,12954,12304,11631,10956,10057,9383,8707,8033,7134,6468,5805,5148,4302,3749,3261,2821,2323,1988,1701,1429,1132,945,788,643,462,374,269,187,105,60,35,32,13,8,18,10,2,0,0,0,0,g
57,75,94,126,159,189,217,264,300,346,392,464,514,566,618,699,778,868,992,1170,1327,1483,1640,1846,2004,2159,2323,2542,2700,2886,3015,3180,3281,3376,3458,3552,3602,3648,3697,3750,3794,3837,3895,3972,4024,4069,4133,4227,4306,4399,4505,4655,4772,4882,4999,5145,5247,5345,5427,5508,5558,5591,5611,5627,5638,5647,5664,5700,5728,5764,5808,5884,5977,6093,6225,6436,6619,6800,7014,7325,7565,7816,8086,8430,8736,9040,9350,9803,10135,10501,10852,11333,11689,12043,12395,12893,13251,13612,13987,14477,14849,15225,15602,16105,16482,16867,17249,17750,18121,18490,18853,19329,19687,20048,20402,20842,21163,21482,21783,22181,22461,22726,22979,23294,23509,23721,23912,24146,24278,24401,24499,24647,24694,24720,24764,24719,24661,24573,24463,24270,24088,23883,23644,23263,22926,22563,22171,21599,21137,20645,20119,19370,18782,18161,17516,16618,15920,15202,14470,13472,12709,11946,11182,10168,9414,8664,7919,6934,6213,5501,4806,3973,3439,2978,2564,2093,1776,1499,1259,974,805,649,512,354,268,175,127,64,20,7,0,0,1,0,9,16,5,11,16,31,b
22,22,28,48,53,66,88,116,173,199,242,294,341,385,427,478,523,568,612,691,761,847,951,1134,1289,1480,1635,1837,1962,2085,2206,2355,2437,2513,2588,2631,2668,2687,2705,2711,2706,2700,2676,2655,2624,2597,2574,2546,2523,2506,2493,2471,2465,2465,2476,2499,2522,2547,2568,2598,2626,2653,2685,2743,2802,2875,2966,3113,3241,3381,3523,3758,3958,4150,4360,4655,4865,5129,5355,5690,5972,6244,6528,6927,7212,7504,7787,8182,8466,8759,9073,9473,9780,10088,10417,10822,11175,11474,11802,12248,12596,12950,13316,13798,14180,14562,14938,15468,15859,16249,16652,17177,17584,17972,18359,18865,19242,19607,19971,20430,20758,21069,21362,21748,22033,22267,22500,22775,22949,23138,23248,23388,23464,23521,23543,23551,23520,23469,23378,23208,23055,22858,22642,22291,22002,21670,21311,20785,20356,19898,19415,18733,18181,17607,17002,16167,15520,14847,14171,13245,12536,11831,11118,10168,9457,8749,8040,7102,6409,5723,5046,4180,3649,3184,2760,2275,1967,1705,1415,1128,942,774,614,465,367,266,184,120,75,66,42,40,49,56,41,40,37,25,15,9,g
16,30,50,80,118,141,154,211,242,271,326,371,402,440,476,528,573,627,684,766,844,941,1049,1238,1394,1563,1741,1933,2056,2175,2266,2383,2456,2512,2551,2593,2613,2636,2656,2650,2625,2597,2561,2521,2487,2456,2445,2396,2355,2329,2297,2263,2240,2237,2242,2249,2263,2289,2318,2368,2421,2478,2541,2638,2724,2828,2940,3130,3295,3472,3662,3929,4132,4344,4563,4874,5117,5368,5626,5981,6253,6527,6808,7189,7473,7762,8066,8480,8796,9123,9460,9899,10236,10588,10942,11456,11817,12201,12605,13113,13514,13927,14345,14914,15345,15776,16210,16801,17241,17700,18130,18702,19137,19562,19973,20502,20892,21275,21640,22106,22441,22760,23056,23420,23666,23898,24113,24370,24518,24646,24756,24852,24897,24917,24911,24870,24809,24694,24549,24324,24111,23863,23583,23173,22833,22450,22027,21451,20966,20459,19920,19175,18586,17970,17313,16425,15723,15005,14290,13311,12568,11831,11085,10086,9343,8605,7864,6893,6170,5459,4761,3944,3414,2946,2530,2048,1735,1452,1205,927,754,596,459,308,214,133,65,13,0,0,5,14,2,0,0,6,1,13,5,0,g
0,6,20,38,57,74,101,142,177,214,252,306,348,391,434,497,554,603,663,750,832,932,1063,1266,1423,1580,1721,1883,1985,2115,2202,2327,2386,2424,2442,2478,2495,2489,2491,2463,2439,2395,2379,2352,2320,2313,2312,2327,2329,2321,2320,2324,2340,2361,2396,2456,2518,2591,2687,2830,2946,3065,3199,3392,3549,3718,3901,4176,4393,4623,4865,5201,5462,5729,5999,6392,6693,6994,7303,7747,8100,8460,8807,9287,9652,10019,10383,10881,11262,11617,11969,12427,12770,13116,13456,13902,14222,14543,14861,15295,15612,15940,16266,16706,17034,17363,17697,18146,18479,18817,19158,19613,19954,20294,20627,21070,21396,21713,22026,22421,22705,22973,23227,23549,23777,24004,24197,24449,24591,24704,24810,24915,24962,24990,24982,24925,24876,24769,24640,24444,24229,24014,23737,23324,22984,22622,22202,21624,21155,20655,20126,19357,18773,18141,17486,16581,15876,15160,14428,13431,12680,11923,11165,10161,9413,8659,7927,6947,6216,5500,4797,3970,3436,2967,2545,2059,1745,1481,1230,947,792,634,489,329,244,166,113,48,35,18,23,11,8,27,19,12,8,34,30,17,f
45,52,71,98,115,146,177,216,254,293,329,383,427,480,522,592,637,694,748,837,924,1033,1163,1347,1492,1626,1752,1902,2002,2088,2176,2275,2328,2371,2402,2422,2429,2429,2420,2389,2358,2324,2294,2307,2328,2342,2376,2405,2416,2431,2479,2529,2591,2622,2665,2724,2800,2831,2897,3011,3042,3094,3142,3237,3303,3369,3463,3588,3729,3812,3925,4074,4213,4364,4542,4803,5019,5248,5483,5826,6087,6367,6660,7074,7381,7706,8043,8500,8851,9218,9614,10123,10543,10923,11319,11855,12286,12698,13116,13686,14116,14554,14988,15592,16034,16476,16908,17509,17939,18387,18826,19387,19790,20211,20607,21121,21500,21863,22211,22650,22964,23266,23543,23883,24129,24347,24543,24771,24921,25050,25154,25244,25291,25307,25299,25245,25166,25060,24915,24681,24464,24217,23935,23510,23197,22822,22425,21842,21347,20813,20252,19465,18862,18233,17550,16631,15914,15175,14437,13439,12669,11965,11190,10152,9375,8616,7841,6913,6156,5421,4755,3929,3400,2936,2529,2051,1733,1452,1212,933,761,601,468,317,227,148,86,25,0,0,0,0,0,0,0,0,0,18,9,9,g
